"CDRCONTMUTL","REF_CONT","REF_CRDT","CLIENT_ID","CURR","CATG","CONT_DATE","VAL_DATE","MATR_DATE","LIMT_REF","COMP","ACCT_OFFC","INTR_KEY","TIEG","INTR_SPREAD","TAUX_BASE","MARG","INTR_RATE","TYPE_ENG","REF_TITR","MONT_DEBL","AUTR_ID","CDRAUTR","CDRCUST","CDRTYPENG","CDRCURR","CDRCATG","CDRTITR","DATDEBVLD","DATFINVLD","VERSION_ACTUELLE","VERSION_NUMBER","DATCHG"
-1,IND,IND,IND,IND,IND,"1900-01-01 00:00:00.0","1900-01-01 00:00:00.0","1900-01-01 00:00:00.0",IND,IND,IND,IND,IND,IND,IND,IND,IND,IND,IND,IND,IND,-1,-1,-1,-1,-1,-1,19000101,99991231,0,-1,20260325
0,NR,NR,NR,NR,NR,"1900-01-01 00:00:00.0","1900-01-01 00:00:00.0","1900-01-01 00:00:00.0",NR,NR,NR,NR,NR,NR,NR,NR,NR,NR,NR,NR,NR,0,0,0,0,0,0,19000101,99991231,0,0,20260325
23184,TF2434416199,TF2434416199,"1",EUR,"23225","2024-12-09 00:00:00.0","2024-12-09 00:00:00.0","2025-12-04 00:00:00.0","9998.01","8907248837","659",,,,,,,,,"25620.48",,0,287952,0,7,5222,0,20250930,99991231,1,1,20260325
2062588,TF243441619901,TF2434416199,"1",EUR,"23225",,"2024-12-27 00:00:00.0",,,"8907248837","659",,,,,,,,,"25620.48",,0,0,0,0,0,0,20250930,99991231,1,1,20260316
2557238,"8906853583","8906853583","1",KWD,"5001","2013-04-01 00:00:00.0","2013-04-01 00:00:00.0",,NOSTRO,"8906853583","659",,,,,,,AC11100,,,,0,287952,858,15,4646,0,20250930,99991231,1,1,20260316
7102,TF1422624130,TF1422624130,"10",EUR,"23225","2014-08-14 00:00:00.0","2014-08-14 00:00:00.0","2025-10-15 00:00:00.0","9998.01","8900679891","659",,,,,,,,,"2388.87",,0,287961,0,7,5222,0,20250930,99991231,1,1,20260325
8359,TF1422672905,TF1422672905,"10",EUR,"23225","2014-08-14 00:00:00.0","2014-08-14 00:00:00.0","2025-10-15 00:00:00.0","9998.01","8900679891","659",,,,,,,,,"1379.4",,0,287961,0,7,5222,0,20250930,99991231,1,1,20260325
16503,TF1428704411,TF1428704411,"10",EUR,"23227","2014-10-14 00:00:00.0","2014-10-14 00:00:00.0","2015-10-09 00:00:00.0","9998.01","8902608568","659",,,,,,,,,"31050.00",,0,287961,0,7,3192,0,20250930,99991231,1,1,20260325
2071876,TF142870441101,TF1428704411,"10",EUR,"23227",,"2015-02-23 00:00:00.0","2015-02-23 00:00:00.0","9998.01","8902608568","659",,,,,,,,,"31050.00",,0,0,0,0,0,0,20250930,99991231,1,1,20260316
28897,TF2415770106,TF2415770106,"10",USD,"23227","2024-06-05 00:00:00.0","2024-06-05 00:00:00.0","2025-10-28 00:00:00.0","9998.01","8923659618","659",,,,,,,,,"35123.02",,0,287961,0,18,3192,0,20250930,99991231,1,1,20260325
20051,TF2422186733,TF2422186733,"10",EUR,"23227","2024-08-08 00:00:00.0","2024-08-08 00:00:00.0","2025-08-14 00:00:00.0","9998.01","8906877032","659",,,,,,,,,"28760.40",,0,287961,0,7,3192,0,20250930,99991231,1,1,20260325
2085698,TF242218673301,TF2422186733,"10",EUR,"23227",,"2024-10-14 00:00:00.0","2024-10-14 00:00:00.0","9998.01","8906877032","659",,,,,,,,,"28760.40",,0,0,0,0,0,0,20250930,99991231,1,1,20260316
3264,TF2429229542,TF2429229542,"10",USD,"23225","2024-10-18 00:00:00.0","2024-10-18 00:00:00.0","2025-10-13 00:00:00.0","9998.01","8902613685","659",,,,,,,,,"10080.00",,0,287961,0,18,5222,0,20250930,99991231,1,1,20260325
2089352,TF242922954201,TF2429229542,"10",USD,"23225",,"2024-11-04 00:00:00.0",,,"8902613685","659",,,,,,,,,"10080.00",,0,0,0,0,0,0,20250930,99991231,1,1,20260316
27603,TF2431634054,TF2431634054,"10",TND,"23225","2024-11-11 00:00:00.0","2024-11-11 00:00:00.0","2025-11-06 00:00:00.0","9998.01","8923395424","659",,,,,,,,,"180000.000",,0,287961,0,2,5222,0,20250930,99991231,1,1,20260325
2086097,TF243163405401,TF2431634054,"10",TND,"23225",,"2024-12-05 00:00:00.0",,,"8923395424","659",,,,,,,,,"180000.000",,0,0,0,0,0,0,20250930,99991231,1,1,20260316
23105,TF2432013854,TF2432013854,"10",TND,"23225","2024-11-15 00:00:00.0","2024-11-15 00:00:00.0","2025-11-10 00:00:00.0","9998.01","8923395424","659",,,,,,,,,"175000.000",,0,287961,0,2,5222,0,20250930,99991231,1,1,20260325
2068123,TF243201385401,TF2432013854,"10",TND,"23225",,"2024-12-19 00:00:00.0",,,"8923395424","659",,,,,,,,,"175000.000",,0,0,0,0,0,0,20250930,99991231,1,1,20260316
18319,TF2432780690,TF2432780690,"10",TND,"23225","2024-11-22 00:00:00.0","2024-11-22 00:00:00.0","2025-11-17 00:00:00.0","9998.01","8923395424","659",,,,,,,,,"175000.000",,0,287961,0,2,5222,0,20250930,99991231,1,1,20260325
2088049,TF243278069001,TF2432780690,"10",TND,"23225",,"2024-12-26 00:00:00.0",,,"8923395424","659",,,,,,,,,"175000.000",,0,0,0,0,0,0,20250930,99991231,1,1,20260316
29501,TF2433705616,TF2433705616,"10",TND,"23225","2024-12-02 00:00:00.0","2024-12-02 00:00:00.0","2025-11-27 00:00:00.0","9998.01","8922380218","659",,,,,,,,,"175000.000",,0,287961,0,2,5222,0,20250930,99991231,1,1,20260325
2077691,TF243370561601,TF2433705616,"10",TND,"23225",,"2025-01-17 00:00:00.0",,,"8922380218","659",,,,,,,,,"175000.000",,0,0,0,0,0,0,20250930,99991231,1,1,20260316
25663,TF2433709797,TF2433709797,"10",TND,"23225","2024-12-02 00:00:00.0","2024-12-02 00:00:00.0","2025-11-27 00:00:00.0","9998.01","8923395424","659",,,,,,,,,"175000.000",,0,287961,0,2,5222,0,20250930,99991231,1,1,20260325
2079360,TF243370979701,TF2433709797,"10",TND,"23225",,"2025-01-08 00:00:00.0",,,"8923395424","659",,,,,,,,,"175000.000",,0,0,0,0,0,0,20250930,99991231,1,1,20260316
21609,TF2433799700,TF2433799700,"10",TND,"23225","2024-12-02 00:00:00.0","2024-12-02 00:00:00.0","2025-11-27 00:00:00.0","9998.01","8923395424","659",,,,,,,,,"125000.000",,0,287961,0,2,5222,0,20250930,99991231,1,1,20260325
2082818,TF243379970001,TF2433799700,"10",TND,"23225",,"2025-01-24 00:00:00.0",,,"8923395424","659",,,,,,,,,"125000.000",,0,0,0,0,0,0,20250930,99991231,1,1,20260316
16325,TF2433930324,TF2433930324,"10",USD,"23225","2024-12-04 00:00:00.0","2024-12-04 00:00:00.0","2025-11-29 00:00:00.0","9998.01","8902613685","659",,,,,,,,,"10080.00",,0,287961,0,18,5222,0,20250930,99991231,1,1,20260325
2080344,TF243393032401,TF2433930324,"10",USD,"23225",,"2024-12-19 00:00:00.0",,,"8902613685","659",,,,,,,,,"10080.00",,0,0,0,0,0,0,20250930,99991231,1,1,20260316
6251,TF2435312739,TF2435312739,"10",TND,"23225","2024-12-18 00:00:00.0","2024-12-18 00:00:00.0","2025-12-13 00:00:00.0","9998.01","8923395424","659",,,,,,,,,"175000.000",,0,287961,0,2,5222,0,20250930,99991231,1,1,20260325
2082952,TF243531273901,TF2435312739,"10",TND,"23225",,"2025-02-10 00:00:00.0",,,"8923395424","659",,,,,,,,,"175000.000",,0,0,0,0,0,0,20250930,99991231,1,1,20260316
2123,TF2435325391,TF2435325391,"10",TND,"23225","2024-12-18 00:00:00.0","2024-12-18 00:00:00.0","2025-12-13 00:00:00.0","9998.01","8923395424","659",,,,,,,,,"125000.000",,0,287961,0,2,5222,0,20250930,99991231,1,1,20260325
2073170,TF243532539101,TF2435325391,"10",TND,"23225",,"2025-02-24 00:00:00.0",,,"8923395424","659",,,,,,,,,"125000.000",,0,0,0,0,0,0,20250930,99991231,1,1,20260316
20011,TF2435326950,TF2435326950,"10",TND,"23225","2024-12-18 00:00:00.0","2024-12-18 00:00:00.0","2025-12-13 00:00:00.0","9998.01","8923395424","659",,,,,,,,,"185059.200",,0,287961,0,2,5222,0,20250930,99991231,1,1,20260325
2057921,TF243532695001,TF2435326950,"10",TND,"23225",,"2025-02-20 00:00:00.0",,,"8923395424","659",,,,,,,,,"185059.200",,0,0,0,0,0,0,20250930,99991231,1,1,20260316
30113,TF2435847737,TF2435847737,"10",TND,"23225","2024-12-23 00:00:00.0","2024-12-23 00:00:00.0","2025-12-18 00:00:00.0","9998.01","8923395424","659",,,,,,,,,"180000.000",,0,287961,0,2,5222,0,20250930,99991231,1,1,20260325
2057422,TF243584773701,TF2435847737,"10",TND,"23225",,"2025-01-31 00:00:00.0",,,"8923395424","659",,,,,,,,,"180000.000",,0,0,0,0,0,0,20250930,99991231,1,1,20260316
17970,TF2501591236,TF2501591236,"10",TND,"23225","2025-01-15 00:00:00.0","2025-01-15 00:00:00.0","2026-01-10 00:00:00.0","9998.01","8922380218","659",,,,,,,,,"175000.000",,0,287961,0,2,5222,0,20250930,99991231,1,1,20260325
2085997,TF250159123601,TF2501591236,"10",TND,"23225",,"2025-02-13 00:00:00.0",,,"8922380218","659",,,,,,,,,"175000.000",,0,0,0,0,0,0,20250930,99991231,1,1,20260316
9207,TF2501704436,TF2501704436,"10",TND,"23225","2025-01-17 00:00:00.0","2025-01-17 00:00:00.0","2026-01-12 00:00:00.0","9998.01","8923395424","659",,,,,,,,,"180000.000",,0,287961,0,2,5222,0,20250930,99991231,1,1,20260325
2085007,TF250170443601,TF2501704436,"10",TND,"23225",,"2025-03-04 00:00:00.0",,,"8923395424","659",,,,,,,,,"180000.000",,0,0,0,0,0,0,20250930,99991231,1,1,20260316
8993,TF2501737333,TF2501737333,"10",TND,"23225","2025-01-17 00:00:00.0","2025-01-17 00:00:00.0","2026-01-12 00:00:00.0","9998.01","8923395424","659",,,,,,,,,"180000.000",,0,287961,0,2,5222,0,20250930,99991231,1,1,20260325
2077105,TF250173733301,TF2501737333,"10",TND,"23225",,"2025-03-06 00:00:00.0",,,"8923395424","659",,,,,,,,,"180000.000",,0,0,0,0,0,0,20250930,99991231,1,1,20260316
2517,TF2501745678,TF2501745678,"10",TND,"23225","2025-01-17 00:00:00.0","2025-01-17 00:00:00.0","2026-01-12 00:00:00.0","9998.01","8923395424","659",,,,,,,,,"180000.000",,0,287961,0,2,5222,0,20250930,99991231,1,1,20260325
2086363,TF250174567801,TF2501745678,"10",TND,"23225",,"2025-02-28 00:00:00.0",,,"8923395424","659",,,,,,,,,"180000.000",,0,0,0,0,0,0,20250930,99991231,1,1,20260316
2120,TF2501777138,TF2501777138,"10",TND,"23225","2025-01-17 00:00:00.0","2025-01-17 00:00:00.0","2026-01-12 00:00:00.0","9998.01","8923395424","659",,,,,,,,,"185059.200",,0,287961,0,2,5222,0,20250930,99991231,1,1,20260325
2058502,TF250177713801,TF2501777138,"10",TND,"23225",,"2025-02-27 00:00:00.0",,,"8923395424","659",,,,,,,,,"185059.200",,0,0,0,0,0,0,20250930,99991231,1,1,20260316
8041,TF2501795240,TF2501795240,"10",TND,"23225","2025-01-17 00:00:00.0","2025-01-17 00:00:00.0","2026-01-12 00:00:00.0","9998.01","8923395424","659",,,,,,,,,"180000.000",,0,287961,0,2,5222,0,20250930,99991231,1,1,20260325
2077922,TF250179524001,TF2501795240,"10",TND,"23225",,"2025-02-27 00:00:00.0",,,"8923395424","659",,,,,,,,,"180000.000",,0,0,0,0,0,0,20250930,99991231,1,1,20260316
12811,TF2501795752,TF2501795752,"10",TND,"23225","2025-01-17 00:00:00.0","2025-01-17 00:00:00.0","2026-01-12 00:00:00.0","9998.01","8923395424","659",,,,,,,,,"125000.000",,0,287961,0,2,5222,0,20250930,99991231,1,1,20260325
2082448,TF250179575201,TF2501795752,"10",TND,"23225",,"2025-03-07 00:00:00.0",,,"8923395424","659",,,,,,,,,"125000.000",,0,0,0,0,0,0,20250930,99991231,1,1,20260316
30840,TF2502105282,TF2502105282,"10",EUR,"23227","2025-01-21 00:00:00.0","2025-01-21 00:00:00.0","2026-01-18 00:00:00.0","9998.01","8906877032","659",,,,,,,,,"25848.30",,0,287961,0,7,3192,0,20250930,99991231,1,1,20260325
2059117,TF250210528201,TF2502105282,"10",EUR,"23227",,"2025-03-10 00:00:00.0","2025-03-10 00:00:00.0","9998.01","8906877032","659",,,,,,,,,"25848.30",,0,0,0,0,0,0,20250930,99991231,1,1,20260316
24036,TF2502220257,TF2502220257,"10",TND,"23225","2025-01-22 00:00:00.0","2025-01-22 00:00:00.0","2026-01-17 00:00:00.0","9998.01","8923395424","659",,,,,,,,,"125000.000",,0,287961,0,2,5222,0,20250930,99991231,1,1,20260325
2081550,TF250222025701,TF2502220257,"10",TND,"23225",,"2025-03-11 00:00:00.0",,,"8923395424","659",,,,,,,,,"125000.000",,0,0,0,0,0,0,20250930,99991231,1,1,20260316
1758,TF2502284240,TF2502284240,"10",TND,"23225","2025-01-22 00:00:00.0","2025-01-22 00:00:00.0","2026-01-17 00:00:00.0","9998.01","8923395424","659",,,,,,,,,"175000.000",,0,287961,0,2,5222,0,20250930,99991231,1,1,20260325
2078835,TF250228424001,TF2502284240,"10",TND,"23225",,"2025-03-11 00:00:00.0",,,"8923395424","659",,,,,,,,,"175000.000",,0,0,0,0,0,0,20250930,99991231,1,1,20260316
11598,TF2502842368,TF2502842368,"10",EUR,"23225","2025-01-28 00:00:00.0","2025-01-28 00:00:00.0","2026-01-23 00:00:00.0","9998.01","8902350277","659",,,,,,,,,"4139.10",,0,287961,0,7,5222,0,20250930,99991231,1,1,20260325
2065770,TF250284236801,TF2502842368,"10",EUR,"23225",,"2025-02-17 00:00:00.0",,,"8902350277","659",,,,,,,,,"4139.10",,0,0,0,0,0,0,20250930,99991231,1,1,20260316
29075,TF2503004038,TF2503004038,"10",TND,"23225","2025-01-30 00:00:00.0","2025-01-30 00:00:00.0","2026-02-02 00:00:00.0","9998.01","8923395424","659",,,,,,,,,"180000.000",,0,287961,0,2,5222,0,20250930,99991231,1,1,20260325
2061519,TF250300403801,TF2503004038,"10",TND,"23225",,"2025-04-04 00:00:00.0",,,"8923395424","659",,,,,,,,,"180000.000",,0,0,0,0,0,0,20250930,99991231,1,1,20260316
14613,TF2503004993,TF2503004993,"10",TND,"23225","2025-01-30 00:00:00.0","2025-01-30 00:00:00.0","2026-01-25 00:00:00.0","9998.01","8923395424","659",,,,,,,,,"180000.000",,0,287961,0,2,5222,0,20250930,99991231,1,1,20260325
2077072,TF250300499301,TF2503004993,"10",TND,"23225",,"2025-03-21 00:00:00.0",,,"8923395424","659",,,,,,,,,"180000.000",,0,0,0,0,0,0,20250930,99991231,1,1,20260316
17376,TF2503037054,TF2503037054,"10",TND,"23225","2025-01-30 00:00:00.0","2025-01-30 00:00:00.0","2026-01-25 00:00:00.0","9998.01","8923395424","659",,,,,,,,,"180000.000",,0,287961,0,2,5222,0,20250930,99991231,1,1,20260325
2071343,TF250303705401,TF2503037054,"10",TND,"23225",,"2025-03-25 00:00:00.0",,,"8923395424","659",,,,,,,,,"180000.000",,0,0,0,0,0,0,20250930,99991231,1,1,20260316
18692,TF2503073001,TF2503073001,"10",TND,"23225","2025-01-30 00:00:00.0","2025-01-30 00:00:00.0","2026-01-25 00:00:00.0","9998.01","8923395424","659",,,,,,,,,"180000.000",,0,287961,0,2,5222,0,20250930,99991231,1,1,20260325
2081532,TF250307300101,TF2503073001,"10",TND,"23225",,"2025-03-14 00:00:00.0",,,"8923395424","659",,,,,,,,,"180000.000",,0,0,0,0,0,0,20250930,99991231,1,1,20260316
14232,TF2503097734,TF2503097734,"10",TND,"23225","2025-01-30 00:00:00.0","2025-01-30 00:00:00.0","2026-01-25 00:00:00.0","9998.01","8923395424","659",,,,,,,,,"180000.000",,0,287961,0,2,5222,0,20250930,99991231,1,1,20260325
2082445,TF250309773401,TF2503097734,"10",TND,"23225",,"2025-03-21 00:00:00.0",,,"8923395424","659",,,,,,,,,"180000.000",,0,0,0,0,0,0,20250930,99991231,1,1,20260316
20445,TF2503893010,TF2503893010,"10",TND,"23225","2025-02-07 00:00:00.0","2025-02-07 00:00:00.0","2026-02-02 00:00:00.0","9998.01","8923395424","659",,,,,,,,,"125000.000",,0,287961,0,2,5222,0,20250930,99991231,1,1,20260325
2080500,TF250389301001,TF2503893010,"10",TND,"23225",,"2025-04-14 00:00:00.0",,,"8923395424","659",,,,,,,,,"125000.000",,0,0,0,0,0,0,20250930,99991231,1,1,20260316
6256,TF2503899790,TF2503899790,"10",TND,"23225","2025-02-07 00:00:00.0","2025-02-07 00:00:00.0","2026-02-02 00:00:00.0","9998.01","8923395424","659",,,,,,,,,"175000.000",,0,287961,0,2,5222,0,20250930,99991231,1,1,20260325
2063000,TF250389979001,TF2503899790,"10",TND,"23225",,"2025-04-04 00:00:00.0",,,"8923395424","659",,,,,,,,,"175000.000",,0,0,0,0,0,0,20250930,99991231,1,1,20260316
17353,TF2504449859,TF2504449859,"10",TND,"23225","2025-02-13 00:00:00.0","2025-02-13 00:00:00.0","2026-02-08 00:00:00.0","9998.01","8922380218","659",,,,,,,,,"125000.000",,0,287961,0,2,5222,0,20250930,99991231,1,1,20260325
2082614,TF250444985901,TF2504449859,"10",TND,"23225",,"2025-03-13 00:00:00.0",,,"8922380218","659",,,,,,,,,"125000.000",,0,0,0,0,0,0,20250930,99991231,1,1,20260316
26004,TF2504504422,TF2504504422,"10",TND,"23225","2025-02-14 00:00:00.0","2025-02-14 00:00:00.0","2026-02-09 00:00:00.0","9998.01","8923395424","659",,,,,,,,,"180000.000",,0,287961,0,2,5222,0,20250930,99991231,1,1,20260325
2057388,TF250450442201,TF2504504422,"10",TND,"23225",,"2025-05-09 00:00:00.0",,,"8923395424","659",,,,,,,,,"180000.000",,0,0,0,0,0,0,20250930,99991231,1,1,20260316
3617,TF2504590939,TF2504590939,"10",TND,"23225","2025-02-14 00:00:00.0","2025-02-14 00:00:00.0","2026-02-09 00:00:00.0","9998.01","8923395424","659",,,,,,,,,"180000.000",,0,287961,0,2,5222,0,20250930,99991231,1,1,20260325
2063403,TF250459093901,TF2504590939,"10",TND,"23225",,"2025-04-28 00:00:00.0",,,"8923395424","659",,,,,,,,,"180000.000",,0,0,0,0,0,0,20250930,99991231,1,1,20260316
26023,TF2505229130,TF2505229130,"10",USD,"23225","2025-02-21 00:00:00.0","2025-02-21 00:00:00.0","2026-02-16 00:00:00.0","9998.01","8902613685","659",,,,,,,,,"20400.00",,0,287961,0,18,5222,0,20250930,99991231,1,1,20260325
2057883,TF250522913001,TF2505229130,"10",USD,"23225",,"2025-03-10 00:00:00.0",,,"8902613685","659",,,,,,,,,"20400.00",,0,0,0,0,0,0,20250930,99991231,1,1,20260316
19107,TF2505285954,TF2505285954,"10",TND,"23225","2025-02-21 00:00:00.0","2025-02-21 00:00:00.0","2026-02-16 00:00:00.0","9998.01","8923395424","659",,,,,,,,,"175000.000",,0,287961,0,2,5222,0,20250930,99991231,1,1,20260325
2089028,TF250528595401,TF2505285954,"10",TND,"23225",,"2025-06-05 00:00:00.0",,,"8923395424","659",,,,,,,,,"175000.000",,0,0,0,0,0,0,20250930,99991231,1,1,20260316
4104,TF2505565862,TF2505565862,"10",TND,"23225","2025-02-24 00:00:00.0","2025-02-24 00:00:00.0","2026-02-19 00:00:00.0","9998.01","8922380218","659",,,,,,,,,"150000.000",,0,287961,0,2,5222,0,20250930,99991231,1,1,20260325
2078987,TF250556586201,TF2505565862,"10",TND,"23225",,"2025-04-02 00:00:00.0",,,"8922380218","659",,,,,,,,,"150000.000",,0,0,0,0,0,0,20250930,99991231,1,1,20260316
6791,TF2505726861,TF2505726861,"10",TND,"23225","2025-02-26 00:00:00.0","2025-02-26 00:00:00.0","2026-02-21 00:00:00.0","9998.01","8922380218","659",,,,,,,,,"150000.000",,0,287961,0,2,5222,0,20250930,99991231,1,1,20260325
2060902,TF250572686101,TF2505726861,"10",TND,"23225",,"2025-05-23 00:00:00.0",,,"8922380218","659",,,,,,,,,"150000.000",,0,0,0,0,0,0,20250930,99991231,1,1,20260316
6156,TF2506200233,TF2506200233,"10",TND,"23225","2025-03-03 00:00:00.0","2025-03-03 00:00:00.0","2026-02-26 00:00:00.0","9998.01","8923395424","659",,,,,,,,,"180000.000",,0,287961,0,2,5222,0,20250930,99991231,1,1,20260325
2083703,TF250620023301,TF2506200233,"10",TND,"23225",,"2025-05-19 00:00:00.0",,,"8923395424","659",,,,,,,,,"180000.000",,0,0,0,0,0,0,20250930,99991231,1,1,20260316
2540,TF2506290467,TF2506290467,"10",TND,"23225","2025-03-03 00:00:00.0","2025-03-03 00:00:00.0","2026-02-26 00:00:00.0","9998.01","8923395424","659",,,,,,,,,"180000.000",,0,287961,0,2,5222,0,20250930,99991231,1,1,20260325
2087319,TF250629046701,TF2506290467,"10",TND,"23225",,"2025-07-02 00:00:00.0",,,"8923395424","659",,,,,,,,,"180000.000",,0,0,0,0,0,0,20250930,99991231,1,1,20260316
20557,TF2506458451,TF2506458451,"10",TND,"23225","2025-03-05 00:00:00.0","2025-03-05 00:00:00.0","2026-02-28 00:00:00.0","9998.01","8923395424","659",,,,,,,,,"180000.000",,0,287961,0,2,5222,0,20250930,99991231,1,1,20260325
2062616,TF250645845101,TF2506458451,"10",TND,"23225",,"2025-07-17 00:00:00.0",,,"8923395424","659",,,,,,,,,"180000.000",,0,0,0,0,0,0,20250930,99991231,1,1,20260316
30141,TF2506685672,TF2506685672,"10",TND,"23225","2025-03-07 00:00:00.0","2025-03-07 00:00:00.0","2026-03-02 00:00:00.0","9998.01","8922380218","659",,,,,,,,,"131560.000",,0,287961,0,2,5222,0,20250930,99991231,1,1,20260325
2075470,TF250668567201,TF2506685672,"10",TND,"23225",,"2025-06-16 00:00:00.0",,,"8922380218","659",,,,,,,,,"131560.000",,0,0,0,0,0,0,20250930,99991231,1,1,20260316
31089,TF2506694660,TF2506694660,"10",USD,"23225","2025-03-07 00:00:00.0","2025-03-07 00:00:00.0","2026-03-02 00:00:00.0","9998.01","8906122481","659",,,,,,,,,"9667.87",,0,287961,0,18,5222,0,20250930,99991231,1,1,20260325
2071903,TF250669466001,TF2506694660,"10",USD,"23225",,"2025-04-08 00:00:00.0",,,"8906122481","659",,,,,,,,,"9667.87",,0,0,0,0,0,0,20250930,99991231,1,1,20260316
29670,TF2508306608,TF2508306608,"10",TND,"23225","2025-03-24 00:00:00.0","2025-03-24 00:00:00.0","2026-03-19 00:00:00.0","9998.01","8923395424","659",,,,,,,,,"180000.000",,0,287961,0,2,5222,0,20250930,99991231,1,1,20260325
2065362,TF250830660801,TF2508306608,"10",TND,"23225",,"2025-07-18 00:00:00.0",,,"8923395424","659",,,,,,,,,"180000.000",,0,0,0,0,0,0,20250930,99991231,1,1,20260316
16212,TF2508388983,TF2508388983,"10",TND,"23225","2025-03-24 00:00:00.0","2025-03-24 00:00:00.0","2026-03-19 00:00:00.0","9998.01","8923395424","659",,,,,,,,,"180000.000",,0,287961,0,2,5222,0,20250930,99991231,1,1,20260325
2088309,TF250838898301,TF2508388983,"10",TND,"23225",,"2025-07-23 00:00:00.0",,,"8923395424","659",,,,,,,,,"180000.000",,0,0,0,0,0,0,20250930,99991231,1,1,20260316
21895,TF2508536093,TF2508536093,"10",TND,"23225","2025-03-26 00:00:00.0","2025-03-26 00:00:00.0","2026-03-21 00:00:00.0","9998.01","8922380218","659",,,,,,,,,"110000.000",,0,287961,0,2,5222,0,20250930,99991231,1,1,20260325
2077136,TF250853609301,TF2508536093,"10",TND,"23225",,"2025-07-14 00:00:00.0",,,"8922380218","659",,,,,,,,,"110000.000",,0,0,0,0,0,0,20250930,99991231,1,1,20260316
17245,TF2509896961,TF2509896961,"10",EUR,"23225","2025-04-08 00:00:00.0","2025-04-08 00:00:00.0","2026-04-03 00:00:00.0","9998.01","8902094912","659",,,,,,,,,"147000.00",,0,287961,0,7,5222,0,20250930,99991231,1,1,20260325
2076864,TF250989696101,TF2509896961,"10",EUR,"23225",,"2025-06-09 00:00:00.0",,,"8902094912","659",,,,,,,,,"147000.00",,0,0,0,0,0,0,20250930,99991231,1,1,20260316
8865,TF2510006506,TF2510006506,"10",EUR,"23225","2025-04-10 00:00:00.0","2025-04-10 00:00:00.0","2026-04-05 00:00:00.0","9998.01","8902615734","659",,,,,,,,,"40525.60",,0,287961,0,7,5222,0,20250930,99991231,1,1,20260325
2080717,TF251000650601,TF2510006506,"10",EUR,"23225",,"2025-05-02 00:00:00.0",,,"8902615734","659",,,,,,,,,"40525.60",,0,0,0,0,0,0,20250930,99991231,1,1,20260316
10929,TF2515300074,TF2515300074,"10",EUR,"23225","2025-06-02 00:00:00.0","2025-06-02 00:00:00.0","2026-05-28 00:00:00.0","9998.01","8900682876","659",,,,,,,,,"19781.05",,0,287961,0,7,5222,0,20250930,99991231,1,1,20260325
2077825,TF251530007401,TF2515300074,"10",EUR,"23225",,"2025-07-31 00:00:00.0",,,"8900682876","659",,,,,,,,,"19781.05",,0,0,0,0,0,0,20250930,99991231,1,1,20260316
11764,TF2517808023,TF2517808023,"10",TND,"23225","2025-06-27 00:00:00.0","2025-06-27 00:00:00.0","2026-06-22 00:00:00.0","9998.01","8923395424","659",,,,,,,,,"125000.000",,0,287961,0,2,5222,0,20250930,99991231,1,1,20260325
2080727,TF251780802301,TF2517808023,"10",TND,"23225",,"2025-09-05 00:00:00.0",,,"8923395424","659",,,,,,,,,"125000.000",,0,0,0,0,0,0,20250930,99991231,1,1,20260316
33648,TF2517813903,TF2517813903,"10",TND,"23225","2025-06-27 00:00:00.0","2025-06-27 00:00:00.0","2026-06-22 00:00:00.0","9998.01","8923395424","659",,,,,,,,,"180000.000",,0,287961,0,2,5222,0,20250930,99991231,1,1,20260325
2081331,TF251781390301,TF2517813903,"10",TND,"23225",,"2025-08-28 00:00:00.0",,,"8923395424","659",,,,,,,,,"180000.000",,0,0,0,0,0,0,20250930,99991231,1,1,20260316
26366,TF2517820040,TF2517820040,"10",TND,"23225","2025-06-27 00:00:00.0","2025-06-27 00:00:00.0","2026-06-22 00:00:00.0","9998.01","8923395424","659",,,,,,,,,"147000.000",,0,287961,0,2,5222,0,20250930,99991231,1,1,20260325
2057662,TF251782004001,TF2517820040,"10",TND,"23225",,"2025-09-05 00:00:00.0",,,"8923395424","659",,,,,,,,,"147000.000",,0,0,0,0,0,0,20250930,99991231,1,1,20260316
32183,TF2517827752,TF2517827752,"10",TND,"23227","2025-06-27 00:00:00.0","2025-06-27 00:00:00.0","2026-06-22 00:00:00.0","9998.01","8923395424","659",,,,,,,,,"180000.000",,0,287961,0,2,3192,0,20250930,99991231,1,1,20260325
33300,TF2519789711,TF2519789711,"10",USD,"23225","2025-07-16 00:00:00.0","2025-07-16 00:00:00.0","2026-07-11 00:00:00.0","9998.01","8902613685","659",,,,,,,,,"10800.00",,0,287961,0,18,5222,0,20250930,99991231,1,1,20260325
2070963,TF251978971101,TF2519789711,"10",USD,"23225",,"2025-08-01 00:00:00.0",,,"8902613685","659",,,,,,,,,"10800.00",,0,0,0,0,0,0,20250930,99991231,1,1,20260316
26775,TF2521294093,TF2521294093,"10",EUR,"23227","2025-07-31 00:00:00.0","2025-07-31 00:00:00.0","2026-08-01 00:00:00.0","9998.01","8906877032","659",,,,,,,,,"26380.00",,0,287961,0,7,3192,0,20250930,99991231,1,1,20260325
2063252,TF252129409301,TF2521294093,"10",EUR,"23227",,"2025-09-23 00:00:00.0","2025-09-23 00:00:00.0","9998.01","8906877032","659",,,,,,,,,"26380.00",,0,0,0,0,0,0,20250930,99991231,1,1,20260316
25645,TF2523390311,TF2523390311,"10",EUR,"23225","2025-08-21 00:00:00.0","2025-08-21 00:00:00.0","2026-08-16 00:00:00.0","9998.01","8900682876","659",,,,,,,,,"7288.10",,0,287961,0,7,5222,0,20250930,99991231,1,1,20260325
2082137,TF252339031101,TF2523390311,"10",EUR,"23225",,"2025-09-15 00:00:00.0",,,"8900682876","659",,,,,,,,,"7288.10",,0,0,0,0,0,0,20250930,99991231,1,1,20260316
2457723,"8905384587","8905384587","10",TNC,"2002","1992-07-13 00:00:00.0","1992-07-13 00:00:00.0",,"11119.01","8905384587","71",,,,,,,AC11100,"08003000716021034091",,A,2878682,287961,858,21,4474,-1,20250930,99991231,1,1,20260316
2557240,"8906853621","8906853621","10",MAD,"5001","2013-04-01 00:00:00.0","2013-04-01 00:00:00.0",,NOSTRO,"8906853621","659",,,,,,,AC11100,,,,0,287961,858,13,4646,0,20250930,99991231,1,1,20260316
2952295,"8914048525","8914048525","1000000",TND,"6003","2017-02-10 00:00:00.0","2017-02-10 00:00:00.0",,"11119.01","8914048525","235",,,,,,,AC11100,"08077023054500357637",,A,2878682,935249,858,2,4023,-1,20250930,99991231,1,1,20260316
2953419,"8914048533","8914048533","1000003",TND,"6500","2017-02-10 00:00:00.0","2017-02-10 00:00:00.0",,"11119.01","8914048533","131",,,,,,,AC11100,"08036013014001295663",,A,2878682,946473,858,2,4682,-1,20250930,99991231,1,1,20260316
2953424,"8914048649","8914048649","1000006",TND,"6003","2017-02-10 00:00:00.0","2017-02-10 00:00:00.0",,"11119.01","8914048649","271",,,,,,,AC11100,"08093027014500120718",,A,2878682,939636,858,2,4023,-1,20250930,99991231,1,1,20260316
2944803,"8914048592","8914048592","1000007",TND,"6500","2017-02-10 00:00:00.0","2017-02-10 00:00:00.0",,"11119.01","8914048592","15",,,,,,,AC11100,"08603000154003767862",,A,2878682,939886,858,2,4682,-1,20250930,99991231,1,1,20260316
2953422,"8914048622","8914048622","1000008",TND,"6500","2017-02-10 00:00:00.0","2017-02-10 00:00:00.0",,"11119.01","8914048622","299",,,,,,,AC11100,"08300000004095737553",,A,2878682,942730,858,2,4682,-1,20250930,99991231,1,1,20260316
2953423,"8914048638","8914048638","1000009",TND,"1010","2017-02-10 00:00:00.0","2017-02-10 00:00:00.0",,"11112.01","8914048638","71",,,,,,,AC11100,"08003000712005189471",,A,2878682,940465,858,2,3803,-1,20250930,99991231,1,1,20260316
3159025,"8919034824","8919034824","1000009",TND,"3439","2019-10-29 00:00:00.0","2019-10-29 00:00:00.0",,"11180.01","8919034824","71",,,,,,,AC43900,,,A,2878682,940465,859,2,4854,0,20250930,99991231,1,1,20260316
3426384,"8924631148","8924631148","1000009",TND,"6500","2022-11-22 00:00:00.0","2022-11-22 00:00:00.0",,"11119.01","8924631148","71",,,,,,,AC11100,"08003000714009760237",,A,2878682,940465,858,2,4682,-1,20250930,99991231,1,1,20260316
227366,LD2426203490,LD2426203490,"100001",TND,"21062","2024-09-18 00:00:00.0","2024-09-18 00:00:00.0","2031-09-30 00:00:00.0","55173.01","8902940872","60","29",,"2.50",null,null,,,,"270000",CRP2419497861.T01,-1,304838,0,2,3977,0,20250930,99991231,1,1,20260316
126960,MG2405800355,MG2405800355,"100001",TND,"25007","2024-03-08 00:00:00.0","2024-03-08 00:00:00.0","2029-03-30 00:00:00.0","55171.01","8902940872","60",,"12.581",,"7.97","4","11.98",TF57799,"90240580035500800024","50000.000",DC2405800099,-1,304838,677,2,4914,235974,20250930,99991231,1,1,20260316
2183635,PDMG2405800355,MG2405800355,"100001",TND,"25007","2024-03-29 00:00:00.0","2024-03-29 00:00:00.0","2029-03-30 00:00:00.0","9997.01","8902940872","60","21",,"5",,"5",,TF57799,,,,0,304838,677,2,4914,0,20250930,99991231,1,1,20260325
2375461,"8902940872","8902940872","100001",TND,"1010","2001-11-01 00:00:00.0","2001-11-01 00:00:00.0",,"11113.01","8902940872","60",,,,,,,AC11100,"08000000602034413820",,A,2878682,304838,858,2,3803,-1,20250930,99991231,1,1,20260316
2375578,"8902986449","8902986449","100001",TND,"6500","2009-02-13 00:00:00.0","2009-02-13 00:00:00.0",,"11119.01","8902986449","60",,,,,,,AC11100,"08000000604098553935",,A,2878682,304838,858,2,4682,-1,20250930,99991231,1,1,20260316
2376923,"8902998781","8902998781","100001",TND,"6500","2008-08-25 00:00:00.0","2008-08-25 00:00:00.0",,"11119.01","8902998781","60",,,,,,,AC11100,"08000000604098351011",,A,2878682,304838,858,2,4682,-1,20250930,99991231,1,1,20260316
2574336,"8907203132","8907203132","100001",TND,"6500","2013-07-11 00:00:00.0","2013-07-11 00:00:00.0",,"11119.01","8907203132","60",,,,,,,AC11100,"08000000604000354045",,A,2878682,304838,858,2,4682,-1,20250930,99991231,1,1,20260316
2805687,"8911592062","8911592062","100001",TND,"6500","2015-11-23 00:00:00.0","2015-11-23 00:00:00.0",,"11119.01","8911592062","60",,,,,,,AC11100,"08000000604001076792",,A,2878682,304838,858,2,4682,-1,20250930,99991231,1,1,20260316
2800817,"8911652267","8911652267","100001",TND,"3997","2015-12-03 00:00:00.0","2015-12-03 00:00:00.0",,"11119.01","8911652267","60",,,,,,,AC11100,,,A,2878682,304838,858,2,4100,0,20250930,99991231,1,1,20260316
3331620,"8921679573","8921679573","100001",TND,"1010","2020-07-24 00:00:00.0","2020-07-24 00:00:00.0",,"11112.01","8921679573","60",,,,,,,AC11100,"08000000602039716907",,A,2878682,304838,858,2,3803,-1,20250930,99991231,1,1,20260316
2953427,"8914048738","8914048738","1000018",TND,"1010","2017-02-10 00:00:00.0","2017-02-10 00:00:00.0",,"11112.01","8914048738","126",,,,,,,AC11100,"08034012062002240988",,A,2878682,941183,858,2,3803,-1,20250930,99991231,1,1,20260316
2632159,"8907945805","8907945805","100002",TND,"3439","2013-11-11 00:00:00.0","2013-11-11 00:00:00.0",,"11180.01","8907945805","108",,,,,,,AC43900,,,A,2878682,310440,859,2,4854,0,20250930,99991231,1,1,20260316
3396146,"8925349028","8925349028","100002",TND,"3992","2023-07-27 00:00:00.0","2023-07-27 00:00:00.0",,,"8925349028","108",,,,,,,AC11100,,,,0,310440,858,2,5528,0,20250930,99991231,1,1,20260316
314492,LD1719179964,LD1719179964,"1000022",TND,"21062","2017-07-10 00:00:00.0","2017-07-10 00:00:00.0","2027-06-25 00:00:00.0","55172.01","8914197717","34","21",,"3.50",null,null,,,,"40000",CRP1709030544.T01,-1,946665,0,2,3977,0,20250930,99991231,1,1,20260316
356075,LD2107493560,LD2107493560,"1000022",TND,"21062","2021-03-01 00:00:00.0","2021-03-01 00:00:00.0","2028-01-25 00:00:00.0","5800.01","8914197717","34","28",,"3.5",null,null,,,,"4208.944",,0,946665,0,2,3977,0,20250930,99991231,1,1,20260316
2212400,PDLD1719179964,LD1719179964,"1000022",TND,"21062","2017-08-25 00:00:00.0","2017-08-25 00:00:00.0","2027-06-25 00:00:00.0","9997.01","8914197717","34","21",,"5",,"5",,NP72101,,,,0,946665,51,2,3977,0,20250930,99991231,1,1,20260325
2946252,"8914185368","8914185368","1000022",TND,"6500","2017-03-08 00:00:00.0","2017-03-08 00:00:00.0",,"11119.01","8914185368","34",,,,,,,AC11100,"08804000344003861094",,A,2878682,946665,858,2,4682,-1,20250930,99991231,1,1,20260316
2953805,"8914197717","8914197717","1000022",TND,"1010","2017-03-09 00:00:00.0","2017-03-09 00:00:00.0",,"11112.01","8914197717","34",,,,,,,AC11100,"08804000342004497579",,A,2878682,946665,858,2,3803,-1,20250930,99991231,1,1,20260316
2953432,"8914048808","8914048808","1000023",TND,"1010","2017-02-10 00:00:00.0","2017-02-10 00:00:00.0",,"11112.01","8914048808","276",,,,,,,AC11100,"08097027062000929358",,A,2878682,942136,858,2,3803,-1,20250930,99991231,1,1,20260316
3015921,"8915509477","8915509477","1000023",TND,"3439","2017-10-03 00:00:00.0","2017-10-03 00:00:00.0",,"11180.01","8915509477","276",,,,,,,AC43900,,,A,2878682,942136,859,2,4854,0,20250930,99991231,1,1,20260316
3393654,"8919601044","8919601044","1000024",TND,"1010","2020-03-11 00:00:00.0","2020-03-11 00:00:00.0",,"11113.01","8919601044","70",,,,,,,AC11100,"08101000702004722905",,A,2878682,943346,858,2,3803,-1,20250930,99991231,1,1,20260316
3561839,"8926352211","8926352211","1000024",TND,"6505","2024-05-24 00:00:00.0","2024-05-24 00:00:00.0",,"11119.01","8926352211","70",,,,,,,AC11100,"08101000704300757719",,A,2878682,943346,858,2,4706,-1,20250930,99991231,1,1,20260316
2953433,"8914048819","8914048819","1000025",TND,"6500","2017-02-10 00:00:00.0","2017-02-10 00:00:00.0",,"11119.01","8914048819","42",,,,,,,AC11100,"08701000424024655056",,A,2878682,940286,858,2,4682,-1,20250930,99991231,1,1,20260316
10372,TF2228736100,TF2228736100,"1000026",EUR,"23005","2022-10-17 00:00:00.0","2022-10-17 00:00:00.0","2022-12-30 00:00:00.0","11288.01","8914166738","58",,,,,,,NA21100,,"50000.00",,0,1438493,903,7,3243,0,20250930,99991231,1,1,20260325
3641901,"8926601238","8926601238","1000026",TND,"3993","2024-08-14 00:00:00.0","2024-08-14 00:00:00.0",,,"8926601238","58",,,,,,,AC11100,,,,0,1438493,858,2,5529,0,20250930,99991231,1,1,20260316
2945758,"8914089272","8914089272","1000027",TND,"1000","2017-02-20 00:00:00.0","2017-02-20 00:00:00.0",,"11111.01","8914089272","70",,,,,,,AC11100,"08101000701009504748",,A,2878682,1377309,858,2,4133,-1,20250930,99991231,1,1,20260316
2991391,"8915888004","8915888004","1000027",EUR,"1250","2017-12-04 00:00:00.0","2017-12-04 00:00:00.0",,"11119.01","8915888004","70",,,,,,,AC11100,"08101000705901980078",,A,2878682,1377309,858,7,3424,-1,20250930,99991231,1,1,20260316
3387034,"8919589451","8919589451","1000027",USD,"1250","2020-03-09 00:00:00.0","2020-03-09 00:00:00.0",,"11119.01","8919589451","70",,,,,,,AC11100,"08101000705901981824",,A,2878682,1377309,858,18,3424,-1,20250930,99991231,1,1,20260316
3457226,"8924237466","8924237466","1000027",GBP,"1250","2022-07-26 00:00:00.0","2022-07-26 00:00:00.0",,"11119.01","8924237466","70",,,,,,,AC11100,"08101000705900029796",,A,2878682,1377309,858,8,3424,-1,20250930,99991231,1,1,20260316
2447951,"8904411788","8904411788","100003",TND,"1010","2002-09-06 00:00:00.0","2002-09-06 00:00:00.0",,"11113.01","8904411788","108",,,,,,,AC11100,"08005010082011567293",,A,2878682,311588,858,2,3803,-1,20250930,99991231,1,1,20260316
2920057,"8913395353","8913395353","100003",TND,"3439","2016-10-31 00:00:00.0","2016-10-31 00:00:00.0",,"11180.01","8913395353","108",,,,,,,AC43900,,,A,2878682,311588,859,2,4854,0,20250930,99991231,1,1,20260316
2954561,"8914048983","8914048983","1000031",TND,"6500","2017-02-10 00:00:00.0","2017-02-10 00:00:00.0",,"11119.01","8914048983","256",,,,,,,AC11100,"08088025064000751218",,A,2878682,942615,858,2,4682,-1,20250930,99991231,1,1,20260316
3247462,"8917044978","8917044978","1000031",SAR,"1060","2018-07-30 00:00:00.0","2018-07-30 00:00:00.0",,"11119.01","8917044978","50",,,,,,,AC11100,"08200000505101004535",,A,2878682,942615,858,10,3464,-1,20250930,99991231,1,1,20260316
3215434,"8917581027","8917581027","1000031",SAR,"3981","2018-11-21 00:00:00.0","2018-11-21 00:00:00.0",,"11119.01","8917581027","50",,,,,,,AC11100,,,A,2878682,942615,858,10,5380,0,20250930,99991231,1,1,20260316
2945928,"8914116199","8914116199","1000032",TND,"6500","2017-02-23 00:00:00.0","2017-02-23 00:00:00.0",,"11119.01","8914116199","272",,,,,,,AC11100,"08092027024002069364",,A,2878682,940577,858,2,4682,-1,20250930,99991231,1,1,20260316
3215130,"8917499226","8917499226","1000033",TND,"6500","2018-11-05 00:00:00.0","2018-11-05 00:00:00.0",,"11119.01","8917499226","66",,,,,,,AC11100,"08006000664015661730",,A,2878682,935248,858,2,4682,-1,20250930,99991231,1,1,20260316
319726,LD1803700246,LD1803700246,"1000034",TND,"21062","2018-02-06 00:00:00.0","2018-02-06 00:00:00.0","2033-01-07 00:00:00.0","55172.01","8915720464","16","21",,"3",null,null,,,,"75000",CRP1736140076.T01,-1,941456,0,2,3977,0,20250930,99991231,1,1,20260316
368712,LD2035001279,LD2035001279,"1000034",TND,"21062","2020-12-01 00:00:00.0","2020-12-01 00:00:00.0","2033-04-07 00:00:00.0","5800.01","8915720464","16","28",,"3",null,null,,,,"2646.867",,0,941456,0,2,3977,0,20250930,99991231,1,1,20260316
2136099,PDLD1803700246,LD1803700246,"1000034",TND,"21062","2023-02-07 00:00:00.0","2023-02-07 00:00:00.0","2033-01-07 00:00:00.0","9997.01","8915720464","16","21",,"5",,"5",,NP72101,,,,0,941456,51,2,3977,0,20250930,99991231,1,1,20260325
2996492,"8915720464","8915720464","1000034",TND,"1010","2017-11-03 00:00:00.0","2017-11-03 00:00:00.0",,"11112.01","8915720464","16",,,,,,,AC11100,"08902000162008880003",,A,2878682,941456,858,2,3803,-1,20250930,99991231,1,1,20260316
3147936,"8918794237","8918794237","1000034",TND,"6500","2019-09-06 00:00:00.0","2019-09-06 00:00:00.0",,"11119.01","8918794237","16",,,,,,,AC11100,"08902000164009832184",,A,2878682,941456,858,2,4682,-1,20250930,99991231,1,1,20260316
2953435,"8914048975","8914048975","1000036",TND,"1010","2017-02-10 00:00:00.0","2017-02-10 00:00:00.0",,"11112.01","8914048975","314",,,,,,,AC11100,"08142031042000469876",,A,2878682,937434,858,2,3803,-1,20250930,99991231,1,1,20260316
3525172,"8923541118","8923541118","1000036",TND,"3439","2021-12-23 00:00:00.0","2021-12-23 00:00:00.0",,"11180.01","8923541118","314",,,,,,,AC43900,,,A,2878682,937434,859,2,4854,0,20250930,99991231,1,1,20260316
56960,MG2503500396,MG2503500396,"1000039",TND,"25007","2025-02-04 00:00:00.0","2025-02-04 00:00:00.0","2030-03-28 00:00:00.0","55159.01","8914048991","30",,"13.813",,"7.99","4.75","12.74",TF57701,"90250350039600870706","24000.000",DC2503500092,-1,946756,676,2,4914,202719,20250930,99991231,1,1,20260316
2954562,"8914048991","8914048991","1000039",TND,"1010","2017-02-10 00:00:00.0","2017-02-10 00:00:00.0",,"11112.01","8914048991","30",,,,,,,AC11100,"08707000302006934027",,A,2878682,946756,858,2,3803,-1,20250930,99991231,1,1,20260316
3090189,"8914421749","8914421749","1000039",TND,"6500","2017-04-19 00:00:00.0","2017-04-19 00:00:00.0",,"11119.01","8914421749","30",,,,,,,AC11100,"08707000304003505106",,A,2878682,946756,858,2,4682,-1,20250930,99991231,1,1,20260316
3102664,"8914460914","8914460914","1000039",TND,"3439","2017-04-25 00:00:00.0","2017-04-25 00:00:00.0",,"11180.01","8914460914","30",,,,,,,AC43900,,,A,2878682,946756,859,2,4854,0,20250930,99991231,1,1,20260316
2447952,"8904411796","8904411796","100004",TND,"1010","2002-09-12 00:00:00.0","2002-09-12 00:00:00.0",,"11112.01","8904411796","108",,,,,,,AC11100,"08005010082011570203",,A,2878682,313314,858,2,3803,-1,20250930,99991231,1,1,20260316
2447559,"8904453421","8904453421","100004",TND,"6500","2004-06-21 00:00:00.0","2004-06-21 00:00:00.0",,"11119.01","8904453421","108",,,,,,,AC11100,"08005010084007845529",,A,2878682,313314,858,2,4682,-1,20250930,99991231,1,1,20260316
2598037,"8907898416","8907898416","100004",TND,"3439","2013-11-11 00:00:00.0","2013-11-11 00:00:00.0",,"11180.01","8907898416","108",,,,,,,AC43900,,,A,2878682,313314,859,2,4854,0,20250930,99991231,1,1,20260316
2954565,"8914049033","8914049033","1000040",TND,"6500","2017-02-10 00:00:00.0","2017-02-10 00:00:00.0",,"11119.01","8914049033","32",,,,,,,AC11100,"08802000324010911436",,A,2878682,387653,858,2,4682,-1,20250930,99991231,1,1,20260316
2954564,"8914049025","8914049025","1000041",TND,"6003","2017-02-10 00:00:00.0","2017-02-10 00:00:00.0",,"11119.01","8914049025","216",,,,,,,AC11100,"08062021064500177458",,A,2878682,942162,858,2,4023,-1,20250930,99991231,1,1,20260316
2944582,"8914077387","8914077387","1000042",TND,"6500","2017-02-16 00:00:00.0","2017-02-16 00:00:00.0",,"11119.01","8914077387","272",,,,,,,AC11100,"08092027024002051031",,A,2878682,945481,858,2,4682,-1,20250930,99991231,1,1,20260316
126007,MG2230100314,MG2230100314,"1000043",TND,"25007","2022-10-28 00:00:00.0","2022-10-28 00:00:00.0","2027-11-05 00:00:00.0","55159.01","8914049068","71",,"9.8882",,"7.03","2.5","9.53",TF57701,"90223010031400800309","30000.000",DC2230100108,-1,939842,676,2,4914,104320,20250930,99991231,1,1,20260316
2143721,PDMG2230100314,MG2230100314,"1000043",TND,"25007","2023-09-05 00:00:00.0","2023-09-05 00:00:00.0","2027-11-05 00:00:00.0","9998.01","8914049068","71","21",,"5",,"5",,TF57701,,,,0,939842,676,2,4914,0,20250930,99991231,1,1,20260325
2954568,"8914049068","8914049068","1000043",TND,"1010","2017-02-10 00:00:00.0","2017-02-10 00:00:00.0",,"11112.01","8914049068","71",,,,,,,AC11100,"08003000712005190829",,A,2878682,939842,858,2,3803,-1,20250930,99991231,1,1,20260316
3098878,"8914366489","8914366489","1000043",TND,"3439","2017-04-10 00:00:00.0","2017-04-10 00:00:00.0",,"11180.01","8914366489","71",,,,,,,AC43900,,,A,2878682,939842,859,2,4854,0,20250930,99991231,1,1,20260316
2954576,"8914049203","8914049203","1000044",TND,"6500","2017-02-10 00:00:00.0","2017-02-10 00:00:00.0",,"11119.01","8914049203","37",,,,,,,AC11100,"08508000374011497109",,A,2878682,941328,858,2,4682,-1,20250930,99991231,1,1,20260316
2954570,"8914049106","8914049106","1000045",TND,"6500","2017-02-10 00:00:00.0","2017-02-10 00:00:00.0",,"11119.01","8914049106","223",,,,,,,AC11100,"08068022034004282439",,A,2878682,942934,858,2,4682,-1,20250930,99991231,1,1,20260316
3496589,"8924768909","8924768909","1000045",TND,"1010","2022-12-28 00:00:00.0","2022-12-28 00:00:00.0",,"11112.01","8924768909","223",,,,,,,AC11100,"08068022032006147429",,A,2878682,942934,858,2,3803,-1,20250930,99991231,1,1,20260316
2954575,"8914049197","8914049197","1000047",TND,"6500","2017-02-10 00:00:00.0","2017-02-10 00:00:00.0",,"11119.01","8914049197","80",,,,,,,AC11100,"08600000804015838402",,A,2878682,940236,858,2,4682,-1,20250930,99991231,1,1,20260316
2954577,"8914049227","8914049227","1000048",TND,"6500","2017-02-10 00:00:00.0","2017-02-10 00:00:00.0",,"11119.01","8914049227","1",,,,,,,AC11100,"08301000014094751260",,A,2878682,941057,858,2,4682,-1,20250930,99991231,1,1,20260316
2448997,"8904413187","8904413187","100005",TND,"1010","2002-10-07 00:00:00.0","2002-10-07 00:00:00.0",,"11112.01","8904413187","108",,,,,,,AC11100,"08005010082011591543",,A,2878682,595026,858,2,3803,-1,20250930,99991231,1,1,20260316
2952306,"8914053537","8914053537","1000050",TND,"6500","2017-02-13 00:00:00.0","2017-02-13 00:00:00.0",,"11119.01","8914053537","272",,,,,,,AC11100,"08092027024001950442",,A,2878682,943764,858,2,4682,-1,20250930,99991231,1,1,20260316
94072,MG2406800308,MG2406800308,"1000053",TND,"25007","2024-03-08 00:00:00.0","2024-03-08 00:00:00.0","2029-04-26 00:00:00.0","55171.01","8914049246","222",,"11.587",,"7.97","3","10.97",TF57799,"90240680030800806688","36000.000",DC2406400020,-1,940151,677,2,4914,28857,20250930,99991231,1,1,20260316
2136287,PDMG2406800308,MG2406800308,"1000053",TND,"25007","2025-04-28 00:00:00.0","2025-04-28 00:00:00.0","2029-04-26 00:00:00.0","9997.01","8914049246","222","21",,"5",,"5",,TF57799,,,,0,940151,677,2,4914,0,20250930,99991231,1,1,20260325
2955708,"8914049246","8914049246","1000053",TND,"1010","2017-02-10 00:00:00.0","2017-02-10 00:00:00.0",,"11112.01","8914049246","222",,,,,,,AC11100,"08066022022004192145",,A,2878682,940151,858,2,3803,-1,20250930,99991231,1,1,20260316
3043520,"8914721734","8914721734","1000053",TND,"3439","2017-06-09 00:00:00.0","2017-06-09 00:00:00.0",,"11180.01","8914721734","222",,,,,,,AC43900,,,A,2878682,940151,859,2,4854,0,20250930,99991231,1,1,20260316
2955712,"8914049289","8914049289","1000054",TND,"1010","2017-02-10 00:00:00.0","2017-02-10 00:00:00.0",,"11113.01","8914049289","301",,,,,,,AC11100,"08130030012000280978",,A,2878682,939611,858,2,3803,-1,20250930,99991231,1,1,20260316
3093392,"8914400498","8914400498","1000054",TND,"3439","2017-04-14 00:00:00.0","2017-04-14 00:00:00.0",,"11180.01","8914400498","301",,,,,,,AC43900,,,A,2878682,939611,859,2,4854,0,20250930,99991231,1,1,20260316
2955711,"8914049278","8914049278","1000055",TND,"6500","2017-02-10 00:00:00.0","2017-02-10 00:00:00.0",,"11119.01","8914049278","23",,,,,,,AC11100,"08503000234012661341",,A,2878682,944429,858,2,4682,-1,20250930,99991231,1,1,20260316
2955713,"8914049308","8914049308","1000058",TND,"6500","2017-02-10 00:00:00.0","2017-02-10 00:00:00.0",,"11119.01","8914049308","4",,,,,,,AC11100,"08206000044005877974",,A,2878682,946435,858,2,4682,-1,20250930,99991231,1,1,20260316
196036,LD1432709668,LD1432709668,"100006",TND,"21062","2014-11-07 00:00:00.0","2014-11-07 00:00:00.0","2032-07-07 00:00:00.0","55173.01","8904413209","108","21",,"2.5",null,null,,,,"62002.115",CRP1432700002.T01,-1,318639,0,2,3977,0,20250930,99991231,1,1,20260316
371017,LD2035019667,LD2035019667,"100006",TND,"21062","2020-12-01 00:00:00.0","2020-12-01 00:00:00.0","2032-10-07 00:00:00.0","5800.01","8904413209","108","28",,"2.5",null,null,,,,"1978.168",,0,318639,0,2,3977,0,20250930,99991231,1,1,20260316
2175118,PDLD1432709668,LD1432709668,"100006",TND,"21062","2014-12-07 00:00:00.0","2014-12-07 00:00:00.0","2032-07-07 00:00:00.0","9998.00","8904413209","108","21",,"5.00",,"5.00",,PM78100,,,,0,318639,330,2,3977,0,20250930,99991231,1,1,20260325
2448998,"8904413209","8904413209","100006",TND,"1010","2003-07-23 00:00:00.0","2003-07-23 00:00:00.0",,"11112.01","8904413209","108",,,,,,,AC11100,"08005010082012006412",,A,2878682,318639,858,2,3803,-1,20250930,99991231,1,1,20260316
2630833,"8907935467","8907935467","100006",TND,"3439","2013-11-11 00:00:00.0","2013-11-11 00:00:00.0",,"11180.01","8907935467","108",,,,,,,AC43900,,,A,2878682,318639,859,2,4854,0,20250930,99991231,1,1,20260316
2813086,"8911443644","8911443644","100006",TND,"6500","2015-10-30 00:00:00.0","2015-10-30 00:00:00.0",,"11119.01","8911443644","108",,,,,,,AC11100,"08005010084012267565",,A,2878682,318639,858,2,4682,-1,20250930,99991231,1,1,20260316
2804206,"8911656443","8911656443","100006",TND,"6500","2015-12-04 00:00:00.0","2015-12-04 00:00:00.0",,"11119.01","8911656443","108",,,,,,,AC11100,"08005010084012301903",,A,2878682,318639,858,2,4682,-1,20250930,99991231,1,1,20260316
2928997,"8913802846","8913802846","100006",TND,"6500","2016-12-29 00:00:00.0","2016-12-29 00:00:00.0",,"11119.01","8913802846","108",,,,,,,AC11100,"08005010084012454678",,A,2878682,318639,858,2,4682,-1,20250930,99991231,1,1,20260316
2955716,"8914049408","8914049408","1000060",TND,"1010","2017-02-10 00:00:00.0","2017-02-10 00:00:00.0",,"11112.01","8914049408","78",,,,,,,AC11100,"08001000782011922861",,A,2878682,944873,858,2,3803,-1,20250930,99991231,1,1,20260316
3087887,"8914412437","8914412437","1000062",TND,"6500","2017-04-17 00:00:00.0","2017-04-17 00:00:00.0",,"11119.01","8914412437","271",,,,,,,AC11100,"08093027014001554492",,A,2878682,943226,858,2,4682,-1,20250930,99991231,1,1,20260316
3092440,"8914432368","8914432368","1000062",TND,"3439","2017-04-20 00:00:00.0","2017-04-20 00:00:00.0",,"11180.01","8914432368","271",,,,,,,AC43900,,,A,2878682,943226,859,2,4854,0,20250930,99991231,1,1,20260316
2955719,"8914049475","8914049475","1000066",TND,"1010","2017-02-10 00:00:00.0","2017-02-10 00:00:00.0",,"11112.01","8914049475","52",,,,,,,AC11100,"08203000522010052063",,A,2878682,945642,858,2,3803,-1,20250930,99991231,1,1,20260316
2955720,"8914049491","8914049491","1000067",TND,"6500","2017-02-10 00:00:00.0","2017-02-10 00:00:00.0",,"11119.01","8914049491","50",,,,,,,AC11100,"08200000504013259921",,A,2878682,939951,858,2,4682,-1,20250930,99991231,1,1,20260316
2955723,"8914049556","8914049556","1000068",TND,"6500","2017-02-10 00:00:00.0","2017-02-10 00:00:00.0",,"11119.01","8914049556","3",,,,,,,AC11100,"08109000034005140823",,A,2878682,943592,858,2,4682,-1,20250930,99991231,1,1,20260316
2447177,"8904416143","8904416143","100007",TND,"1010","2002-11-26 00:00:00.0","2002-11-26 00:00:00.0",,"11112.01","8904416143","108",,,,,,,AC11100,"08005010082011649064",,A,2878682,1090412,858,2,3803,-1,20250930,99991231,1,1,20260316
2955724,"8914049572","8914049572","1000070",TND,"6500","2017-02-10 00:00:00.0","2017-02-10 00:00:00.0",,"11119.01","8914049572","296",,,,,,,AC11100,"08128029064000759015",,A,2878682,942356,858,2,4682,-1,20250930,99991231,1,1,20260316
3071976,"8915266429","8915266429","1000072",TND,"3439","2017-08-22 00:00:00.0","2017-08-22 00:00:00.0",,"11180.01","8915266429","71",,,,,,,AC43900,,,A,2878682,948198,859,2,4854,0,20250930,99991231,1,1,20260316
3332387,"8921659138","8921659138","1000072",TND,"1010","2020-07-17 00:00:00.0","2020-07-17 00:00:00.0",,"11112.01","8921659138","271",,,,,,,AC11100,"08093027012001669214",,A,2878682,948198,858,2,3803,-1,20250930,99991231,1,1,20260316
3362545,"8921806052","8921806052","1000072",TND,"3439","2020-09-04 00:00:00.0","2020-09-04 00:00:00.0",,"11180.01","8921806052","271",,,,,,,AC43900,,,A,2878682,948198,859,2,4854,0,20250930,99991231,1,1,20260316
2956869,"8914049688","8914049688","1000073",TND,"6500","2017-02-10 00:00:00.0","2017-02-10 00:00:00.0",,"11119.01","8914049688","34",,,,,,,AC11100,"08804000344003824622",,A,2878682,941948,858,2,4682,-1,20250930,99991231,1,1,20260316
2956871,"8914049758","8914049758","1000074",TND,"1010","2025-07-16 00:00:00.0","2025-07-16 00:00:00.0",,"11112.01","8914049758","10",,,,,,,AC11100,"08605000102010525590",,A,2878682,927284,858,2,3803,-1,20250930,99991231,1,1,20260316
2956878,"8914049858","8914049858","1000074",TND,"6500","2017-02-10 00:00:00.0","2017-02-10 00:00:00.0",,"11119.01","8914049858","10",,,,,,,AC11100,"08605000104013577045",,A,2878682,927284,858,2,4682,-1,20250930,99991231,1,1,20260316
3071884,"8915222936","8915222936","1000074",TND,"3439","2017-08-14 00:00:00.0","2017-08-14 00:00:00.0",,"11180.01","8915222936","10",,,,,,,AC43900,,,A,2878682,927284,859,2,4854,0,20250930,99991231,1,1,20260316
2956866,"8914049637","8914049637","1000076",TND,"6500","2017-02-10 00:00:00.0","2017-02-10 00:00:00.0",,"11119.01","8914049637","215",,,,,,,AC11100,"08060021054001700417",,A,2878682,945996,858,2,4682,-1,20250930,99991231,1,1,20260316
2956870,"8914049726","8914049726","1000079",TND,"6505","2017-02-10 00:00:00.0","2017-02-10 00:00:00.0",,"11119.01","8914049726","254",,,,,,,AC11100,"08086025044300060329",,A,2878682,946557,858,2,4706,-1,20250930,99991231,1,1,20260316
2520266,"8906163862","8906163862","100008",TND,"6500","2012-08-24 00:00:00.0","2012-08-24 00:00:00.0",,"11119.01","8906163862","108",,,,,,,AC11100,"08005010084010618177",,A,2878682,627521,858,2,4682,-1,20250930,99991231,1,1,20260316
2956874,"8914049807","8914049807","1000081",TND,"1010","2017-02-10 00:00:00.0","2017-02-10 00:00:00.0",,"11113.01","8914049807","313",,,,,,,AC11100,"08140031032000310450",,A,2878682,941516,858,2,3803,-1,20250930,99991231,1,1,20260316
3038360,"8914577978","8914577978","1000081",TND,"3439","2017-05-16 00:00:00.0","2017-05-16 00:00:00.0",,"11180.01","8914577978","313",,,,,,,AC43900,,,A,2878682,941516,859,2,4854,0,20250930,99991231,1,1,20260316
3198014,"8918463772","8918463772","1000081",TND,"6500","2019-06-14 00:00:00.0","2019-06-14 00:00:00.0",,"11119.01","8918463772","313",,,,,,,AC11100,"08140031034000726221",,A,2878682,941516,858,2,4682,-1,20250930,99991231,1,1,20260316
2956877,"8914049847","8914049847","1000083",TND,"6500","2017-02-10 00:00:00.0","2017-02-10 00:00:00.0",,"11119.01","8914049847","35",,,,,,,AC11100,"08304000354010149260",,A,2878682,941471,858,2,4682,-1,20250930,99991231,1,1,20260316
2956872,"8914049785","8914049785","1000084",TND,"6500","2017-02-10 00:00:00.0","2017-02-10 00:00:00.0",,"11119.01","8914049785","211",,,,,,,AC11100,"08056021014001247027",,A,2878682,941343,858,2,4682,-1,20250930,99991231,1,1,20260316
3748567,"8927251222","8927251222","1000085",TND,"1000","2025-03-05 00:00:00.0","2025-03-05 00:00:00.0",,"11111.01","8927251222","9",,,,,,,AC11100,"08905000091001193674",,A,2878682,1015443,858,2,4133,-1,20250930,99991231,1,1,20260316
2956876,"8914049831","8914049831","1000086",TND,"6500","2017-02-10 00:00:00.0","2017-02-10 00:00:00.0",,"11119.01","8914049831","69",,,,,,,AC11100,"08100000694003878061",,A,2878682,944952,858,2,4682,-1,20250930,99991231,1,1,20260316
3100009,"8914366624","8914366624","1000086",TND,"3439","2017-04-10 00:00:00.0","2017-04-10 00:00:00.0",,"11180.01","8914366624","69",,,,,,,AC43900,,,A,2878682,944952,859,2,4854,0,20250930,99991231,1,1,20260316
2942178,"8914050767","8914050767","1000087",TND,"1010","2017-02-10 00:00:00.0","2017-02-10 00:00:00.0",,"11112.01","8914050767","289",,,,,,,AC11100,"08125028092000916940",,A,2878682,948056,858,2,3803,-1,20250930,99991231,1,1,20260316
3518250,"8924037947","8924037947","1000087",TND,"6500","2022-05-25 00:00:00.0","2022-05-25 00:00:00.0",,"11119.01","8924037947","18",,,,,,,AC11100,"08602000184004773068",,A,2878682,948056,858,2,4682,-1,20250930,99991231,1,1,20260316
3716232,"8927561752","8927561752","1000087",TND,"1010","2025-06-16 00:00:00.0","2025-06-16 00:00:00.0",,"11113.01","8927561752","18",,,,,,,AC11100,"08602000182005386564",,A,2878682,948056,858,2,3803,-1,20250930,99991231,1,1,20260316
3538712,"8923534173","8923534173","1000089",TND,"1010","2021-12-22 00:00:00.0","2021-12-22 00:00:00.0",,"11112.01","8923534173","302",,,,,,,AC11100,"08134030022001058204",,A,2878682,942460,858,2,3803,-1,20250930,99991231,1,1,20260316
3521728,"8923534367","8923534367","1000089",TND,"6500","2021-12-22 00:00:00.0","2021-12-22 00:00:00.0",,"11119.01","8923534367","302",,,,,,,AC11100,"08134030024001131371",,A,2878682,942460,858,2,4682,-1,20250930,99991231,1,1,20260316
3521927,"8923553496","8923553496","1000089",TND,"3439","2021-12-27 00:00:00.0","2021-12-27 00:00:00.0",,"11180.01","8923553496","302",,,,,,,AC43900,,,A,2878682,942460,859,2,4854,0,20250930,99991231,1,1,20260316
2956879,"8914049882","8914049882","1000093",TND,"6003","2017-02-10 00:00:00.0","2017-02-10 00:00:00.0",,"11119.01","8914049882","24",,,,,,,AC11100,"08504000244500664852",,A,2878682,939658,858,2,4023,-1,20250930,99991231,1,1,20260316
2956881,"8914049947","8914049947","1000094",TND,"1010","2017-02-10 00:00:00.0","2017-02-10 00:00:00.0",,"11112.01","8914049947","288",,,,,,,AC11100,"08119028082000629460",,A,2878682,941252,858,2,3803,-1,20250930,99991231,1,1,20260316
2957361,"8914173017","8914173017","1000094",TND,"3439","2017-03-06 00:00:00.0","2017-03-06 00:00:00.0",,"11180.01","8914173017","288",,,,,,,AC43900,,,A,2878682,941252,859,2,4854,0,20250930,99991231,1,1,20260316
2956880,"8914049898","8914049898","1000096",TND,"6500","2017-02-10 00:00:00.0","2017-02-10 00:00:00.0",,"11119.01","8914049898","238",,,,,,,AC11100,"08081023084001949291",,A,2878682,945217,858,2,4682,-1,20250930,99991231,1,1,20260316
2259993,"8900711717","8900711717","10001",TND,"1010","2009-09-30 00:00:00.0","2009-09-30 00:00:00.0",,"11112.01","8900711717","16",,,,,,,AC11100,"08902000162005330579",,A,2878682,68368,858,2,3803,-1,20250930,99991231,1,1,20260316
2257260,"8900733012","8900733012","10001",TND,"6500","2010-01-22 00:00:00.0","2010-01-22 00:00:00.0",,"11119.01","8900733012","16",,,,,,,AC11100,"08902000164004325009",,A,2878682,68368,858,2,4682,-1,20250930,99991231,1,1,20260316
2596611,"8907875351","8907875351","10001",TND,"3439","2013-11-11 00:00:00.0","2013-11-11 00:00:00.0",,"11180.01","8907875351","16",,,,,,,AC43900,,,A,2878682,68368,859,2,4854,0,20250930,99991231,1,1,20260316
2958002,"8914050031","8914050031","1000100",TND,"6500","2017-02-10 00:00:00.0","2017-02-10 00:00:00.0",,"11119.01","8914050031","215",,,,,,,AC11100,"08060021054001701290",,A,2878682,940078,858,2,4682,-1,20250930,99991231,1,1,20260316
124926,MG2331000534,MG2331000534,"1000102",TND,"25007","2023-11-08 00:00:00.0","2023-11-08 00:00:00.0","2028-11-30 00:00:00.0","55159.01","8914049998","23",,"10.851",,"7.99","2.50","10.49",TF57701,"90233100053400850386","21000.000",DC2331000187,-1,942447,676,2,4914,207980,20250930,99991231,1,1,20260316
2107797,PDMG2331000534,MG2331000534,"1000102",TND,"25007","2024-04-01 00:00:00.0","2024-04-01 00:00:00.0","2028-11-30 00:00:00.0","9997.01","8914049998","23","21",,"5",,"5",,TF57701,,,,0,942447,676,2,4914,0,20250930,99991231,1,1,20260325
2958000,"8914049998","8914049998","1000102",TND,"1010","2017-02-10 00:00:00.0","2017-02-10 00:00:00.0",,"11112.01","8914049998","23",,,,,,,AC11100,"08503000232013223427",,A,2878682,942447,858,2,3803,-1,20250930,99991231,1,1,20260316
3245787,"8916860731","8916860731","1000102",TND,"3439","2018-06-11 00:00:00.0","2018-06-11 00:00:00.0",,"11180.01","8916860731","23",,,,,,,AC43900,,,A,2878682,942447,859,2,4854,0,20250930,99991231,1,1,20260316
3259163,"8923338757","8923338757","1000103",TND,"1000","2021-11-05 00:00:00.0","2021-11-05 00:00:00.0",,"11111.01","8923338757","14",,,,,,,AC11100,"08906000141000805675",,A,2878682,946307,858,2,4133,-1,20250930,99991231,1,1,20260316
3521525,"8923482408","8923482408","1000103",TND,"1000","2021-12-08 00:00:00.0","2021-12-08 00:00:00.0",,"11111.01","8923482408","14",,,,,,,AC11100,"08906000141000807227",,A,2878682,946307,858,2,4133,-1,20250930,99991231,1,1,20260316
2958001,"8914050015","8914050015","1000104",TND,"1010","2017-02-10 00:00:00.0","2017-02-10 00:00:00.0",,"11112.01","8914050015","202",,,,,,,AC11100,"08047020022002491041",,A,2878682,945792,858,2,3803,-1,20250930,99991231,1,1,20260316
2964667,"8916633026","8916633026","1000104",TND,"3439","2018-04-16 00:00:00.0","2018-04-16 00:00:00.0",,"11180.01","8916633026","202",,,,,,,AC43900,,,A,2878682,945792,859,2,4854,0,20250930,99991231,1,1,20260316
2958003,"8914050047","8914050047","1000107",TND,"6500","2017-02-10 00:00:00.0","2017-02-10 00:00:00.0",,"11119.01","8914050047","47",,,,,,,AC11100,"08708000474008552884",,A,2878682,939744,858,2,4682,-1,20250930,99991231,1,1,20260316
39151,MG2524000054,MG2524000054,"1000108",TND,"25007","2025-08-28 00:00:00.0","2025-08-28 00:00:00.0","2030-09-30 00:00:00.0","55159.01","8916459859","9",,"10.827",,"7.5","2.75","10.25",TF57701,"90252400005400890580","25000.000",DC2523400081,-1,944331,676,2,4914,232979,20250930,99991231,1,1,20260316
2958005,"8914050066","8914050066","1000108",TND,"6500","2017-02-10 00:00:00.0","2017-02-10 00:00:00.0",,"11119.01","8914050066","9",,,,,,,AC11100,"08905000094005165722",,A,2878682,944331,858,2,4682,-1,20250930,99991231,1,1,20260316
2999295,"8916459859","8916459859","1000108",TND,"1010","2018-03-12 00:00:00.0","2018-03-12 00:00:00.0",,"11112.01","8916459859","9",,,,,,,AC11100,"08905000092006261017",,A,2878682,944331,858,2,3803,-1,20250930,99991231,1,1,20260316
2973666,"8916605006","8916605006","1000108",TND,"3439","2018-04-10 00:00:00.0","2018-04-10 00:00:00.0",,"11180.01","8916605006","9",,,,,,,AC43900,,,A,2878682,944331,859,2,4854,0,20250930,99991231,1,1,20260316
2958006,"8914050074","8914050074","1000109",TND,"6500","2017-02-10 00:00:00.0","2017-02-10 00:00:00.0",,"11119.01","8914050074","302",,,,,,,AC11100,"08134030024000411243",,A,2878682,940901,858,2,4682,-1,20250930,99991231,1,1,20260316
3098164,"8914508027","8914508027","100011",TND,"6500","2017-05-03 00:00:00.0","2017-05-03 00:00:00.0",,"11119.01","8914508027","67",,,,,,,AC11100,"08008000674008103739",,A,2878682,320880,858,2,4682,-1,20250930,99991231,1,1,20260316
3102989,"8914514108","8914514108","100011",TND,"3439","2017-05-04 00:00:00.0","2017-05-04 00:00:00.0",,"11180.01","8914514108","67",,,,,,,AC43900,,,A,2878682,320880,859,2,4854,0,20250930,99991231,1,1,20260316
2958007,"8914050112","8914050112","1000111",TND,"6500","2017-02-10 00:00:00.0","2017-02-10 00:00:00.0",,"11119.01","8914050112","298",,,,,,,AC11100,"08127029084000959752",,A,2878682,1558372,858,2,4682,-1,20250930,99991231,1,1,20260316
2959115,"8914050236","8914050236","1000112",TND,"6500","2017-02-10 00:00:00.0","2017-02-10 00:00:00.0",,"11119.01","8914050236","33",,,,,,,AC11100,"08803000334007623042",,A,2878682,941882,858,2,4682,-1,20250930,99991231,1,1,20260316
3414417,"8924509617","8924509617","1000113",TND,"3077","2022-10-13 00:00:00.0","2022-10-13 00:00:00.0",,"11119.01","8924509617","50",,,,,,,AC11100,,,A,2878682,1085377,858,2,5968,0,20250930,99991231,1,1,20260316
3447604,"8925155967","8925155967","1000113",TND,"3077","2023-05-22 00:00:00.0","2023-05-22 00:00:00.0",,"11119.01","8925155967","50",,,,,,,AC11100,,,A,2878682,1085377,858,2,5968,0,20250930,99991231,1,1,20260316
2959114,"8914050228","8914050228","1000114",TND,"1010","2017-02-10 00:00:00.0","2017-02-10 00:00:00.0",,"11112.01","8914050228","217",,,,,,,AC11100,"08063021072002304562",,A,2878682,945162,858,2,3803,-1,20250930,99991231,1,1,20260316
2953718,"8914189218","8914189218","1000114",TND,"3439","2017-03-08 00:00:00.0","2017-03-08 00:00:00.0",,"11180.01","8914189218","217",,,,,,,AC43900,,,A,2878682,945162,859,2,4854,0,20250930,99991231,1,1,20260316
2958013,"8914050201","8914050201","1000115",TND,"6500","2017-02-10 00:00:00.0","2017-02-10 00:00:00.0",,"11119.01","8914050201","62",,,,,,,AC11100,"08004000624002800883",,A,2878682,940318,858,2,4682,-1,20250930,99991231,1,1,20260316
2958012,"8914050198","8914050198","1000116",TND,"1010","2017-02-10 00:00:00.0","2017-02-10 00:00:00.0",,"11112.01","8914050198","295",,,,,,,AC11100,"08121029052000761872",,A,2878682,943581,858,2,3803,-1,20250930,99991231,1,1,20260316
3562599,"8926476999","8926476999","1000116",TND,"3439","2024-07-01 00:00:00.0","2024-07-01 00:00:00.0",,"11180.01","8926476999","295",,,,,,,AC43900,,,A,2878682,943581,859,2,4854,0,20250930,99991231,1,1,20260316
2958014,"8914050217","8914050217","1000117",TND,"6500","2017-02-10 00:00:00.0","2017-02-10 00:00:00.0",,"11119.01","8914050217","271",,,,,,,AC11100,"08093027014001487465",,A,2878682,906993,858,2,4682,-1,20250930,99991231,1,1,20260316
2942171,"8914050619","8914050619","1000118",TND,"1400","2017-02-10 00:00:00.0","2017-02-10 00:00:00.0",,"11119.01","8914050619","208",,,,,,,AC11100,"08051020083200038793",,A,2878682,941342,858,2,3458,-1,20250930,99991231,1,1,20260316
2959118,"8914050295","8914050295","1000119",TND,"6003","2017-02-10 00:00:00.0","2017-02-10 00:00:00.0",,"11119.01","8914050295","60",,,,,,,AC11100,"08000000604500791886",,A,2878682,944035,858,2,4023,-1,20250930,99991231,1,1,20260316
2959116,"8914050244","8914050244","1000121",TND,"6003","2017-02-10 00:00:00.0","2017-02-10 00:00:00.0",,"11119.01","8914050244","75",,,,,,,AC11100,"08105000754500836478",,A,2878682,946301,858,2,4023,-1,20250930,99991231,1,1,20260316
2959117,"8914050279","8914050279","1000123",TND,"1010","2017-02-10 00:00:00.0","2017-02-10 00:00:00.0",,"11113.01","8914050279","77",,,,,,,AC11100,"08107000772020189039",,A,2878682,1463453,858,2,3803,-1,20250930,99991231,1,1,20260316
3047782,"8914598622","8914598622","1000123",TND,"6500","2017-05-18 00:00:00.0","2017-05-18 00:00:00.0",,"11119.01","8914598622","77",,,,,,,AC11100,"08107000774020114475",,A,2878682,1463453,858,2,4682,-1,20250930,99991231,1,1,20260316
3112103,"8919350343","8919350343","1000123",TND,"3439","2020-01-03 00:00:00.0","2020-01-03 00:00:00.0",,"11180.01","8919350343","77",,,,,,,AC43900,,,A,2878682,1463453,859,2,4854,0,20250930,99991231,1,1,20260316
2959123,"8914050465","8914050465","1000126",TND,"6003","2017-02-10 00:00:00.0","2017-02-10 00:00:00.0",,"11119.01","8914050465","60",,,,,,,AC11100,"08000000604500792662",,A,2878682,943048,858,2,4023,-1,20250930,99991231,1,1,20260316
2959122,"8914050384","8914050384","1000129",TND,"6500","2017-02-10 00:00:00.0","2017-02-10 00:00:00.0",,"11119.01","8914050384","74",,,,,,,AC11100,"08104000744006749709",,A,2878682,941503,858,2,4682,-1,20250930,99991231,1,1,20260316
3003990,"8916376128","8916376128","100013",TND,"1010","2018-02-23 00:00:00.0","2018-02-23 00:00:00.0",,"11112.01","8916376128","107",,,,,,,AC11100,"08016010072007035395",,A,2878682,311021,858,2,3803,-1,20250930,99991231,1,1,20260316
3237898,"8916880627","8916880627","100013",TND,"3439","2018-06-18 00:00:00.0","2018-06-18 00:00:00.0",,"11180.01","8916880627","107",,,,,,,AC43900,,,A,2878682,311021,859,2,4854,0,20250930,99991231,1,1,20260316
3175197,"8917806854","8917806854","1000131",TND,"6500","2019-01-09 00:00:00.0","2019-01-09 00:00:00.0",,"11119.01","8917806854","255",,,,,,,AC11100,"08084025054002729083",,A,2878682,940074,858,2,4682,-1,20250930,99991231,1,1,20260316
2959124,"8914050473","8914050473","1000132",TND,"6500","2017-02-10 00:00:00.0","2017-02-10 00:00:00.0",,"11119.01","8914050473","102",,,,,,,AC11100,"08110010024004123088",,A,2878682,947885,858,2,4682,-1,20250930,99991231,1,1,20260316
3231734,"8917716537","8917716537","1000132",TND,"1010","2018-12-19 00:00:00.0","2018-12-19 00:00:00.0",,"11112.01","8917716537","102",,,,,,,AC11100,"08110010022005616859",,A,2878682,947885,858,2,3803,-1,20250930,99991231,1,1,20260316
3222706,"8917748781","8917748781","1000132",TND,"3439","2018-12-26 00:00:00.0","2018-12-26 00:00:00.0",,"11180.01","8917748781","102",,,,,,,AC43900,,,A,2878682,947885,859,2,4854,0,20250930,99991231,1,1,20260316
2959126,"8914050511","8914050511","1000138",TND,"6500","2017-02-10 00:00:00.0","2017-02-10 00:00:00.0",,"11119.01","8914050511","299",,,,,,,AC11100,"08300000004095738329",,A,2878682,941058,858,2,4682,-1,20250930,99991231,1,1,20260316
2959127,"8914050546","8914050546","1000140",TND,"1010","2017-02-10 00:00:00.0","2017-02-10 00:00:00.0",,"11112.01","8914050546","41",,,,,,,AC11100,"08705000412012718270",,A,2878682,947449,858,2,3803,-1,20250930,99991231,1,1,20260316
3138548,"8918382195","8918382195","1000141",TND,"1010","2019-05-20 00:00:00.0","2019-05-20 00:00:00.0",,"11112.01","8918382195","205",,,,,,,AC11100,"08050020052002203057",,A,2878682,947369,858,2,3803,-1,20250930,99991231,1,1,20260316
3041767,"8914546851","8914546851","1000142",TND,"1000","2017-05-10 00:00:00.0","2017-05-10 00:00:00.0",,"11111.01","8914546851","1",,,,,,,AC11100,"08301000011054611404",,A,2878682,971956,858,2,4133,-1,20250930,99991231,1,1,20260316
3516820,"8923967053","8923967053","1000142",TND,"3993","2022-05-05 00:00:00.0","2022-05-05 00:00:00.0",,,"8923967053","1",,,,,,,AC11100,,,,0,971956,858,2,5529,0,20250930,99991231,1,1,20260316
3516821,"8923967061","8923967061","1000142",TND,"3993","2022-05-05 00:00:00.0","2022-05-05 00:00:00.0",,,"8923967061","1",,,,,,,AC11100,,,,0,971956,858,2,5529,0,20250930,99991231,1,1,20260316
3507772,"8923972324","8923972324","1000142",TND,"3993","2022-05-06 00:00:00.0","2022-05-06 00:00:00.0",,,"8923972324","1",,,,,,,AC11100,,,,0,971956,858,2,5529,0,20250930,99991231,1,1,20260316
3507773,"8923972332","8923972332","1000142",TND,"3993","2022-05-06 00:00:00.0","2022-05-06 00:00:00.0",,,"8923972332","1",,,,,,,AC11100,,,,0,971956,858,2,5529,0,20250930,99991231,1,1,20260316
3507774,"8923972348","8923972348","1000142",TND,"3993","2022-05-06 00:00:00.0","2022-05-06 00:00:00.0",,,"8923972348","1",,,,,,,AC11100,,,,0,971956,858,2,5529,0,20250930,99991231,1,1,20260316
3227333,"8917741809","8917741809","1000143",TND,"1010","2018-12-25 00:00:00.0","2018-12-25 00:00:00.0",,"11113.01","8917741809","15",,,,,,,AC11100,"08603000152008523452",,A,2878682,956554,858,2,3803,-1,20250930,99991231,1,1,20260316
3210841,"8918544691","8918544691","1000143",EUR,"1060","2019-07-04 00:00:00.0","2019-07-04 00:00:00.0",,"11119.01","8918544691","15",,,,,,,AC11100,"08603000155107000660",,A,2878682,956554,858,7,3464,-1,20250930,99991231,1,1,20260316
3197220,"8918557262","8918557262","1000143",EUR,"3981","2019-07-08 00:00:00.0","2019-07-08 00:00:00.0",,"11119.01","8918557262","15",,,,,,,AC11100,,,A,2878682,956554,858,7,5380,0,20250930,99991231,1,1,20260316
122348,MG2504100370,MG2504100370,"1000146",TND,"25007","2025-02-10 00:00:00.0","2025-02-10 00:00:00.0","2030-03-28 00:00:00.0","55159.01","8914050608","13",,"11.066",,"7.99","2.5","10.49",TF57701,"90250410037000890376","25000.000",DC2503800123,-1,942717,676,2,4914,15601,20250930,99991231,1,1,20260316
2179704,PDMG2504100370,MG2504100370,"1000146",TND,"25007","2025-04-28 00:00:00.0","2025-04-28 00:00:00.0","2030-03-28 00:00:00.0","9997.01","8914050608","13","21",,"5",,"5",,TF57701,,,,0,942717,676,2,4914,0,20250930,99991231,1,1,20260325
2959130,"8914050608","8914050608","1000146",TND,"1010","2017-02-10 00:00:00.0","2017-02-10 00:00:00.0",,"11113.01","8914050608","13",,,,,,,AC11100,"08903000132006006771",,A,2878682,942717,858,2,3803,-1,20250930,99991231,1,1,20260316
3038511,"8914614865","8914614865","1000146",TND,"3439","2017-05-22 00:00:00.0","2017-05-22 00:00:00.0",,"11180.01","8914614865","13",,,,,,,AC43900,,,A,2878682,942717,859,2,4854,0,20250930,99991231,1,1,20260316
2942175,"8914050716","8914050716","1000147",TND,"6500","2017-02-10 00:00:00.0","2017-02-10 00:00:00.0",,"11119.01","8914050716","17",,,,,,,AC11100,"08004000174090876275",,A,2878682,940620,858,2,4682,-1,20250930,99991231,1,1,20260316
343029,LD2418025107,LD2418025107,"1000150",TND,"21062","2024-06-28 00:00:00.0","2024-06-28 00:00:00.0","2031-06-28 00:00:00.0","55173.01","8924468921","44","29",,"2",null,null,,,,"140000",CRP2329991419.T01,-1,940265,0,2,3977,0,20250930,99991231,1,1,20260316
2110942,PDLD2418025107,LD2418025107,"1000150",TND,"21062","2025-07-28 00:00:00.0","2025-07-28 00:00:00.0","2031-06-28 00:00:00.0","9997.01","8924468921","44","21",,"5",,"5",,PN52491,,,,0,940265,472,2,3977,0,20250930,99991231,1,1,20260325
2987720,"8915853944","8915853944","1000150",TND,"3439","2017-11-27 00:00:00.0","2017-11-27 00:00:00.0",,"11180.01","8915853944","134",,,,,,,AC43900,,,A,2878682,940265,859,2,4854,0,20250930,99991231,1,1,20260316
3416513,"8924468921","8924468921","1000150",TND,"1010","2022-09-30 00:00:00.0","2022-09-30 00:00:00.0",,"11112.01","8924468921","44",,,,,,,AC11100,"08703000442016525657",,A,2878682,940265,858,2,3803,-1,20250930,99991231,1,1,20260316
3418779,"8924469219","8924469219","1000150",TND,"6505","2022-09-30 00:00:00.0","2022-09-30 00:00:00.0",,"11119.01","8924469219","44",,,,,,,AC11100,"08703000444301055107",,A,2878682,940265,858,2,4706,-1,20250930,99991231,1,1,20260316
3419983,"8924480778","8924480778","1000150",TND,"3439","2022-10-04 00:00:00.0","2022-10-04 00:00:00.0",,"11180.01","8924480778","44",,,,,,,AC43900,,,A,2878682,940265,859,2,4854,0,20250930,99991231,1,1,20260316
3422420,"8924514893","8924514893","1000150",TND,"1019","2022-10-14 00:00:00.0","2022-10-14 00:00:00.0",,"11119.01","8924514893","44",,,,,,,AC11100,"08703000441300095006",,A,2878682,940265,858,2,4677,-1,20250930,99991231,1,1,20260316
3489018,"8924815532","8924815532","1000150",TND,"3077","2023-01-11 00:00:00.0","2023-01-11 00:00:00.0",,"11119.01","8924815532","44",,,,,,,AC11100,,,A,2878682,940265,858,2,5968,0,20250930,99991231,1,1,20260316
48085,MG2316500184,MG2316500184,"1000154",TND,"25007","2023-06-14 00:00:00.0","2023-06-14 00:00:00.0","2028-07-04 00:00:00.0","55159.01","8914050678","32",,"10.474",,"8","2","10",TF57701,"90231650018400880232","28000.000",DC2315900145,-1,940968,676,2,4914,29331,20250930,99991231,1,1,20260316
2942172,"8914050678","8914050678","1000154",TND,"1010","2017-02-10 00:00:00.0","2017-02-10 00:00:00.0",,"11113.01","8914050678","32",,,,,,,AC11100,"08802000322011252653",,A,2878682,940968,858,2,3803,-1,20250930,99991231,1,1,20260316
3182089,"8917219045","8917219045","1000154",TND,"3439","2018-09-12 00:00:00.0","2018-09-12 00:00:00.0",,"11180.01","8917219045","32",,,,,,,AC43900,,,A,2878682,940968,859,2,4854,0,20250930,99991231,1,1,20260316
2942174,"8914050708","8914050708","1000155",TND,"6500","2017-02-10 00:00:00.0","2017-02-10 00:00:00.0",,"11119.01","8914050708","1",,,,,,,AC11100,"08301000014094753976",,A,2878682,942449,858,2,4682,-1,20250930,99991231,1,1,20260316
2942180,"8914050791","8914050791","1000159",TND,"6500","2017-02-10 00:00:00.0","2017-02-10 00:00:00.0",,"11119.01","8914050791","127",,,,,,,AC11100,"08033012074003460594",,A,2878682,943742,858,2,4682,-1,20250930,99991231,1,1,20260316
247811,LD2522703409,LD2522703409,"100016",TND,"21052","2025-08-15 00:00:00.0","2025-08-15 00:00:00.0","2026-02-02 00:00:00.0","11482.01","8904389375","108",,,,null,null,,,,"40000",A,2878682,531704,0,2,4494,0,20250930,99991231,1,1,20260316
519411,MD1204787086,MD1204787086,"100016",TND,"28051","2012-02-16 00:00:00.0","2012-02-16 00:00:00.0","2099-12-31 00:00:00.0","11246.01","8904389375","108",,,,,,,NP23670,,"14652.021",,0,531704,883,2,3166,0,20250930,99991231,1,1,20260316
376676,MD1518830561,MD1518830561,"100016",TND,"28053","2015-07-01 00:00:00.0","2015-07-07 00:00:00.0","2099-12-31 00:00:00.0","11246.01","8904389375","108",,,,,,,NA23900,,"27047.295",,0,531704,874,2,3898,0,20250930,99991231,1,1,20260316
376670,MD1900758185,MD1900758185,"100016",TND,"28051","2019-01-07 00:00:00.0","2019-01-07 00:00:00.0","2025-03-27 00:00:00.0","11246.01","8904389375","108",,,,,,,NP23670,,"23475.499",,0,531704,883,2,3166,0,20250930,99991231,1,1,20260316
378899,MD1909230300,MD1909230300,"100016",TND,"28052","2019-03-28 00:00:00.0","2019-04-02 00:00:00.0","2023-02-10 00:00:00.0","11246.01","8904389375","108",,,,,,,NA23800,,"156503.326",,0,531704,873,2,4557,0,20250930,99991231,1,1,20260316
413094,MD1929192460,MD1929192460,"100016",TND,"28051","2019-10-14 00:00:00.0","2019-10-18 00:00:00.0","2024-04-30 00:00:00.0","11246.01","8904389375","108",,,,,,,NP23670,,"33040.945",,0,531704,883,2,3166,0,20250930,99991231,1,1,20260316
377352,MD1936027522,MD1936027522,"100016",TND,"28052","2019-12-05 00:00:00.0","2019-12-26 00:00:00.0","2022-08-09 00:00:00.0","11246.01","8904389375","108",,,,,,,NA23800,,"66681.890",,0,531704,873,2,4557,0,20250930,99991231,1,1,20260316
448043,MD2036008397,MD2036008397,"100016",TND,"28051","2020-12-01 00:00:00.0","2020-12-25 00:00:00.0","2025-02-25 00:00:00.0","11246.01","8904389375","108",,,,,,,NP23670,,"7374.585",,0,531704,883,2,3166,0,20250930,99991231,1,1,20260316
430291,MD2129312158,MD2129312158,"100016",TND,"28050","2021-09-29 00:00:00.0","2021-10-20 00:00:00.0","2022-04-25 00:00:00.0","11246.01","8904389375","108",,,,,,,NA23500,,"2000",,0,531704,872,2,3748,0,20250930,99991231,1,1,20260316
404854,MD2129320803,MD2129320803,"100016",TND,"28050","2021-09-29 00:00:00.0","2021-10-20 00:00:00.0","2022-04-25 00:00:00.0","11246.01","8904389375","108",,,,,,,NA23500,,"1000",,0,531704,872,2,3748,0,20250930,99991231,1,1,20260316
412766,MD2129332560,MD2129332560,"100016",TND,"28050","2021-09-29 00:00:00.0","2021-10-20 00:00:00.0","2022-04-25 00:00:00.0","11246.01","8904389375","108",,,,,,,NA23500,,"3000",,0,531704,872,2,3748,0,20250930,99991231,1,1,20260316
441581,MD2129570201,MD2129570201,"100016",TND,"28050","2021-10-20 00:00:00.0","2021-10-22 00:00:00.0","2022-03-03 00:00:00.0","11246.01","8904389375","108",,,,,,,NA23500,,"7000.000",,0,531704,872,2,3748,0,20250930,99991231,1,1,20260316
463218,MD2136114897,MD2136114897,"100016",TND,"28050","2021-12-27 00:00:00.0","2021-12-27 00:00:00.0","2022-06-07 00:00:00.0","11246.01","8904389375","108",,,,,,,NA23500,,"3500.000",,0,531704,872,2,3748,0,20250930,99991231,1,1,20260316
470972,MD2203910093,MD2203910093,"100016",TND,"28050","2022-02-08 00:00:00.0","2022-02-08 00:00:00.0","2022-07-22 00:00:00.0","11246.01","8904389375","108",,,,,,,NA23500,,"6000.000",,0,531704,872,2,3748,0,20250930,99991231,1,1,20260316
469571,MD2203964349,MD2203964349,"100016",TND,"28050","2022-02-08 00:00:00.0","2022-02-08 00:00:00.0","2022-09-21 00:00:00.0","11246.01","8904389375","108",,,,,,,NA23500,,"4000",,0,531704,872,2,3748,0,20250930,99991231,1,1,20260316
468620,MD2203992891,MD2203992891,"100016",TND,"28050","2022-02-08 00:00:00.0","2022-02-08 00:00:00.0","2022-07-22 00:00:00.0","11246.01","8904389375","108",,,,,,,NA23500,,"7000.000",,0,531704,872,2,3748,0,20250930,99991231,1,1,20260316
469648,MD2206278020,MD2206278020,"100016",TND,"28050","2022-03-01 00:00:00.0","2022-03-03 00:00:00.0","2022-09-23 00:00:00.0","11246.01","8904389375","108",,,,,,,NA23500,,"5500",,0,531704,872,2,3748,0,20250930,99991231,1,1,20260316
459441,MD2208048067,MD2208048067,"100016",TND,"28050","2022-03-18 00:00:00.0","2022-03-21 00:00:00.0","2022-07-22 00:00:00.0","11246.01","8904389375","108",,,,,,,NA23500,,"2000.000",,0,531704,872,2,3748,0,20250930,99991231,1,1,20260316
461767,MD2211760179,MD2211760179,"100016",TND,"28050","2022-04-27 00:00:00.0","2022-04-27 00:00:00.0","2022-07-04 00:00:00.0","11246.01","8904389375","108",,,,,,,NA23500,,"2000",,0,531704,872,2,3748,0,20250930,99991231,1,1,20260316
407597,MD2218552001,MD2218552001,"100016",TND,"28051","2022-07-04 00:00:00.0","2022-07-04 00:00:00.0","2025-02-25 00:00:00.0","11246.01","8904389375","108",,,,,,,NP23670,,"9068.014",,0,531704,883,2,3166,0,20250930,99991231,1,1,20260316
419209,MD2219350413,MD2219350413,"100016",TND,"28050","2022-07-12 00:00:00.0","2022-07-12 00:00:00.0","2022-10-28 00:00:00.0","11246.01","8904389375","108",,,,,,,NA23500,,"7200.000",,0,531704,872,2,3748,0,20250930,99991231,1,1,20260316
385546,MD2220726920,MD2220726920,"100016",TND,"28052","2022-07-26 00:00:00.0","2022-07-26 00:00:00.0","2023-12-28 00:00:00.0","11246.01","8904389375","108",,,,,,,NA23800,,"30226.714",,0,531704,873,2,4557,0,20250930,99991231,1,1,20260316
435394,MD2224390271,MD2224390271,"100016",TND,"28050","2022-08-29 00:00:00.0","2022-08-31 00:00:00.0","2022-09-06 00:00:00.0","11246.01","8904389375","108",,,,,,,NA23500,,"2500.000",,0,531704,872,2,3748,0,20250930,99991231,1,1,20260316
376357,MD2226469015,MD2226469015,"100016",TND,"28051","2022-08-31 00:00:00.0","2022-09-21 00:00:00.0","2099-12-31 00:00:00.0","11246.01","8904389375","108",,,,,,,NP23670,,"30467.165",,0,531704,883,2,3166,0,20250930,99991231,1,1,20260316
481736,MD2226670618,MD2226670618,"100016",TND,"28051","2022-09-23 00:00:00.0","2022-09-23 00:00:00.0","2099-12-31 00:00:00.0","11246.01","8904389375","108",,,,,,,NP23670,,"17580.450",,0,531704,883,2,3166,0,20250930,99991231,1,1,20260316
384353,MD2228011598,MD2228011598,"100016",TND,"28052","2022-08-31 00:00:00.0","2022-10-07 00:00:00.0","2024-03-21 00:00:00.0","11246.01","8904389375","108",,,,,,,NA23800,,"203114.436",,0,531704,873,2,4557,0,20250930,99991231,1,1,20260316
499816,MD2228070944,MD2228070944,"100016",TND,"28052","2022-10-07 00:00:00.0","2022-10-07 00:00:00.0","2024-01-03 00:00:00.0","11246.01","8904389375","108",,,,,,,NA23800,,"117203.004",,0,531704,873,2,4557,0,20250930,99991231,1,1,20260316
475678,MD2232278270,MD2232278270,"100016",TND,"28050","2022-11-16 00:00:00.0","2022-11-18 00:00:00.0","2023-03-24 00:00:00.0","11246.01","8904389375","108",,,,,,,NA23500,,"6500.000",,0,531704,872,2,3748,0,20250930,99991231,1,1,20260316
465651,MD2232288306,MD2232288306,"100016",TND,"28050","2022-11-16 00:00:00.0","2022-11-18 00:00:00.0","2023-03-24 00:00:00.0","11246.01","8904389375","108",,,,,,,NA23500,,"7000.000",,0,531704,872,2,3748,0,20250930,99991231,1,1,20260316
476802,MD2232288504,MD2232288504,"100016",TND,"28050","2022-11-16 00:00:00.0","2022-11-18 00:00:00.0","2023-03-16 00:00:00.0","11246.01","8904389375","108",,,,,,,NA23500,,"14000.000",,0,531704,872,2,3748,0,20250930,99991231,1,1,20260316
476581,MD2234064355,MD2234064355,"100016",TND,"28050","2022-12-06 00:00:00.0","2022-12-06 00:00:00.0","2022-12-26 00:00:00.0","11246.01","8904389375","108",,,,,,,NA23500,,"1100.000",,0,531704,872,2,3748,0,20250930,99991231,1,1,20260316
422498,MD2234206477,MD2234206477,"100016",TND,"28050","2022-12-06 00:00:00.0","2022-12-08 00:00:00.0","2023-06-12 00:00:00.0","11246.01","8904389375","108",,,,,,,NA23500,,"5500.000",,0,531704,872,2,3748,0,20250930,99991231,1,1,20260316
485751,MD2234294913,MD2234294913,"100016",TND,"28050","2022-12-06 00:00:00.0","2022-12-08 00:00:00.0","2023-06-16 00:00:00.0","11246.01","8904389375","108",,,,,,,NA23500,,"5500.000",,0,531704,872,2,3748,0,20250930,99991231,1,1,20260316
428271,MD2234299083,MD2234299083,"100016",TND,"28050","2022-12-06 00:00:00.0","2022-12-08 00:00:00.0","2023-06-12 00:00:00.0","11246.01","8904389375","108",,,,,,,NA23500,,"5500.000",,0,531704,872,2,3748,0,20250930,99991231,1,1,20260316
432612,MD2235313555,MD2235313555,"100016",TND,"28050","2022-12-19 00:00:00.0","2022-12-19 00:00:00.0","2023-06-19 00:00:00.0","11246.01","8904389375","108",,,,,,,NA23500,,"2500.000",,0,531704,872,2,3748,0,20250930,99991231,1,1,20260316
440783,MD2235352035,MD2235352035,"100016",TND,"28050","2022-12-19 00:00:00.0","2022-12-19 00:00:00.0","2023-06-19 00:00:00.0","11246.01","8904389375","108",,,,,,,NA23500,,"2500.000",,0,531704,872,2,3748,0,20250930,99991231,1,1,20260316
521837,MD2308321353,MD2308321353,"100016",TND,"28051","2023-03-22 00:00:00.0","2023-03-24 00:00:00.0","2099-12-31 00:00:00.0","11246.01","8904389375","108",,,,,,,NP23670,,"33682.593",,0,531704,883,2,3166,0,20250930,99991231,1,1,20260316
524094,MD2308388461,MD2308388461,"100016",TND,"28051","2023-03-22 00:00:00.0","2023-03-24 00:00:00.0","2099-12-31 00:00:00.0","11246.01","8904389375","108",,,,,,,NP23670,,"35545.062",,0,531704,883,2,3166,0,20250930,99991231,1,1,20260316
522496,MD2316742304,MD2316742304,"100016",TND,"28051","2023-06-12 00:00:00.0","2023-06-16 00:00:00.0","2099-12-31 00:00:00.0","11246.01","8904389375","108",,,,,,,NP23670,,"25347.357",,0,531704,883,2,3166,0,20250930,99991231,1,1,20260316
390156,MD2317824838,MD2317824838,"100016",TND,"28052","2023-06-27 00:00:00.0","2023-06-27 00:00:00.0","2024-12-30 00:00:00.0","11246.01","8904389375","108",,,,,,,NA23800,,"224550.620",,0,531704,873,2,4557,0,20250930,99991231,1,1,20260316
388036,MD2317848250,MD2317848250,"100016",TND,"28052","2023-06-27 00:00:00.0","2023-06-27 00:00:00.0","2024-09-30 00:00:00.0","11246.01","8904389375","108",,,,,,,NA23800,,"236967.080",,0,531704,873,2,4557,0,20250930,99991231,1,1,20260316
449918,MD2333507023,MD2333507023,"100016",TND,"28050","2023-12-01 00:00:00.0","2023-12-01 00:00:00.0","2024-03-29 00:00:00.0","11246.01","8904389375","108",,,,,,,NA23500,,"13000.000",,0,531704,872,2,3748,0,20250930,99991231,1,1,20260316
469946,MD2333598873,MD2333598873,"100016",TND,"28050","2023-12-01 00:00:00.0","2023-12-01 00:00:00.0","2023-12-18 00:00:00.0","11246.01","8904389375","108",,,,,,,NA23500,,"10000.000",,0,531704,872,2,3748,0,20250930,99991231,1,1,20260316
435889,MD2400834958,MD2400834958,"100016",TND,"28050","2024-01-08 00:00:00.0","2024-01-08 00:00:00.0","2024-11-13 00:00:00.0","11246.01","8904389375","108",,,,,,,NA23500,,"4500",,0,531704,872,2,3748,0,20250930,99991231,1,1,20260316
426045,MD2400840960,MD2400840960,"100016",TND,"28050","2024-01-08 00:00:00.0","2024-01-08 00:00:00.0","2024-10-23 00:00:00.0","11246.01","8904389375","108",,,,,,,NA23500,,"9500",,0,531704,872,2,3748,0,20250930,99991231,1,1,20260316
424792,MD2400858443,MD2400858443,"100016",TND,"28050","2024-01-08 00:00:00.0","2024-01-08 00:00:00.0","2024-07-31 00:00:00.0","11246.01","8904389375","108",,,,,,,NA23500,,"12000",,0,531704,872,2,3748,0,20250930,99991231,1,1,20260316
499529,MD2401525861,MD2401525861,"100016",TND,"28050","2024-01-11 00:00:00.0","2024-01-15 00:00:00.0","2024-01-26 00:00:00.0","11246.01","8904389375","108",,,,,,,NA23500,,"10000.000",,0,531704,872,2,3748,0,20250930,99991231,1,1,20260316
521309,MD2404327499,MD2404327499,"100016",TND,"28053","2023-12-21 00:00:00.0","2024-02-12 00:00:00.0","2099-12-31 00:00:00.0","11246.01","8904389375","108",,,,,,,NA23900,,"57606.000",,0,531704,874,2,3898,0,20250930,99991231,1,1,20260316
479934,MD2414419190,MD2414419190,"100016",TND,"28050","2024-05-22 00:00:00.0","2024-05-23 00:00:00.0","2024-10-08 00:00:00.0","11246.01","8904389375","108",,,,,,,NA23500,,"5000.000",,0,531704,872,2,3748,0,20250930,99991231,1,1,20260316
438623,MD2414430812,MD2414430812,"100016",TND,"28050","2024-05-22 00:00:00.0","2024-05-23 00:00:00.0","2024-10-08 00:00:00.0","11246.01","8904389375","108",,,,,,,NA23500,,"7800.000",,0,531704,872,2,3748,0,20250930,99991231,1,1,20260316
450697,MD2414435479,MD2414435479,"100016",TND,"28050","2024-05-22 00:00:00.0","2024-05-23 00:00:00.0","2024-10-08 00:00:00.0","11246.01","8904389375","108",,,,,,,NA23500,,"8000.000",,0,531704,872,2,3748,0,20250930,99991231,1,1,20260316
420847,MD2416270878,MD2416270878,"100016",TND,"28050","2024-06-07 00:00:00.0","2024-06-10 00:00:00.0","2024-06-25 00:00:00.0","11246.01","8904389375","108",,,,,,,NA23500,,"5000.000",,0,531704,872,2,3748,0,20250930,99991231,1,1,20260316
505984,MD2428508507,MD2428508507,"100016",TND,"28051","2024-10-11 00:00:00.0","2024-10-11 00:00:00.0","2099-12-31 00:00:00.0","11246.01","8904389375","108",,,,,,,NP23670,,"27832.500",,0,531704,883,2,3166,0,20250930,99991231,1,1,20260316
506475,MD2429700511,MD2429700511,"100016",TND,"28051","2024-10-22 00:00:00.0","2024-10-23 00:00:00.0","2099-12-31 00:00:00.0","11246.01","8904389375","108",,,,,,,NP23670,,"36987.877",,0,531704,883,2,3166,0,20250930,99991231,1,1,20260316
416651,MD2429759529,MD2429759529,"100016",TND,"28050","2024-10-21 00:00:00.0","2024-10-23 00:00:00.0","2025-05-12 00:00:00.0","11246.01","8904389375","108",,,,,,,NA23500,,"18000",,0,531704,872,2,3748,0,20250930,99991231,1,1,20260316
419835,MD2429771672,MD2429771672,"100016",TND,"28050","2024-10-23 00:00:00.0","2024-10-23 00:00:00.0","2025-05-12 00:00:00.0","11246.01","8904389375","108",,,,,,,NA23500,,"20000",,0,531704,872,2,3748,0,20250930,99991231,1,1,20260316
406466,MD2429787321,MD2429787321,"100016",TND,"28050","2024-10-23 00:00:00.0","2024-10-23 00:00:00.0","2025-05-12 00:00:00.0","11246.01","8904389375","108",,,,,,,NA23500,,"26000",,0,531704,872,2,3748,0,20250930,99991231,1,1,20260316
397592,MD2431814438,MD2431814438,"100016",TND,"28051","2024-11-08 00:00:00.0","2024-11-13 00:00:00.0","2099-12-31 00:00:00.0","11246.01","8904389375","108",,,,,,,NP23670,,"17476.020",,0,531704,883,2,3166,0,20250930,99991231,1,1,20260316
397406,MD2432657965,MD2432657965,"100016",TND,"28052","2024-11-18 00:00:00.0","2024-11-21 00:00:00.0","2099-12-31 00:00:00.0","11246.01","8904389375","108",,,,,,,NA23800,,"246585.850",,0,531704,873,2,4557,0,20250930,99991231,1,1,20260316
397018,MD2433246067,MD2433246067,"100016",TND,"28052","2024-11-18 00:00:00.0","2024-11-27 00:00:00.0","2099-12-31 00:00:00.0","11246.01","8904389375","108",,,,,,,NA23800,,"116506.800",,0,531704,873,2,4557,0,20250930,99991231,1,1,20260316
449412,MD2433959068,MD2433959068,"100016",TND,"28052","2024-11-08 00:00:00.0","2024-12-04 00:00:00.0","2025-01-31 00:00:00.0","11246.01","8904389375","108",,,,,,,NA23800,,"92775.000",,0,531704,873,2,4557,0,20250930,99991231,1,1,20260316
425299,MD2434530025,MD2434530025,"100016",TND,"28050","2024-12-05 00:00:00.0","2024-12-10 00:00:00.0","2025-07-15 00:00:00.0","11246.01","8904389375","108",,,,,,,NA23500,,"9000",,0,531704,872,2,3748,0,20250930,99991231,1,1,20260316
423372,MD2434534510,MD2434534510,"100016",TND,"28050","2024-12-05 00:00:00.0","2024-12-10 00:00:00.0","2025-07-15 00:00:00.0","11246.01","8904389375","108",,,,,,,NA23500,,"9000",,0,531704,872,2,3748,0,20250930,99991231,1,1,20260316
423677,MD2434552938,MD2434552938,"100016",TND,"28050","2024-12-05 00:00:00.0","2024-12-10 00:00:00.0","2025-06-09 00:00:00.0","11246.01","8904389375","108",,,,,,,NA23500,,"10000.000",,0,531704,872,2,3748,0,20250930,99991231,1,1,20260316
423392,MD2434557140,MD2434557140,"100016",TND,"28050","2024-12-05 00:00:00.0","2024-12-10 00:00:00.0","2025-07-15 00:00:00.0","11246.01","8904389375","108",,,,,,,NA23500,,"8000",,0,531704,872,2,3748,0,20250930,99991231,1,1,20260316
426933,MD2503649730,MD2503649730,"100016",TND,"28050","2025-02-03 00:00:00.0","2025-02-05 00:00:00.0","2025-02-28 00:00:00.0","11246.01","8904389375","108",,,,,,,NA23500,,"4500.000",,0,531704,872,2,3748,0,20250930,99991231,1,1,20260316
467225,MD2504116130,MD2504116130,"100016",TND,"28050","2025-02-10 00:00:00.0","2025-02-10 00:00:00.0","2025-07-31 00:00:00.0","11246.01","8904389375","108",,,,,,,NA23500,,"1000.000",,0,531704,872,2,3748,0,20250930,99991231,1,1,20260316
429312,MD2506305285,MD2506305285,"100016",TND,"28050","2025-03-04 00:00:00.0","2025-03-04 00:00:00.0","2025-05-23 00:00:00.0","11246.01","8904389375","108",,,,,,,NA23500,,"4500.000",,0,531704,872,2,3748,0,20250930,99991231,1,1,20260316
429094,MD2509706680,MD2509706680,"100016",TND,"28050","2025-03-17 00:00:00.0","2025-04-07 00:00:00.0","2025-11-13 00:00:00.0","11246.01","8904389375","108",,,,,,,NA23500,,"2500",,0,531704,872,2,3748,0,20250930,99991231,1,1,20260316
432429,MD2509763706,MD2509763706,"100016",TND,"28050","2025-03-17 00:00:00.0","2025-04-07 00:00:00.0","2025-09-19 00:00:00.0","11246.01","8904389375","108",,,,,,,NA23500,,"3000.000",,0,531704,872,2,3748,0,20250930,99991231,1,1,20260316
410905,MD2509767164,MD2509767164,"100016",TND,"28050","2025-03-17 00:00:00.0","2025-04-07 00:00:00.0","2025-11-13 00:00:00.0","11246.01","8904389375","108",,,,,,,NA23500,,"5500",,0,531704,872,2,3748,0,20250930,99991231,1,1,20260316
434971,MD2512007035,MD2512007035,"100016",TND,"28050","2025-04-30 00:00:00.0","2025-04-30 00:00:00.0","2025-07-31 00:00:00.0","11246.01","8904389375","108",,,,,,,NA23500,,"31000.000",,0,531704,872,2,3748,0,20250930,99991231,1,1,20260316
431161,MD2512011020,MD2512011020,"100016",TND,"28050","2025-04-30 00:00:00.0","2025-04-30 00:00:00.0","2025-07-29 00:00:00.0","11246.01","8904389375","108",,,,,,,NA23500,,"36000.000",,0,531704,872,2,3748,0,20250930,99991231,1,1,20260316
451805,MD2512568028,MD2512568028,"100016",TND,"28050","2025-04-15 00:00:00.0","2025-05-05 00:00:00.0","2025-09-19 00:00:00.0","11246.01","8904389375","108",,,,,,,NA23500,,"3000.000",,0,531704,872,2,3748,0,20250930,99991231,1,1,20260316
421121,MD2514706007,MD2514706007,"100016",TND,"28050","2025-05-27 00:00:00.0","2025-05-27 00:00:00.0","2025-12-01 00:00:00.0","11246.01","8904389375","108",,,,,,,NA23500,,"2500.000",,0,531704,872,2,3748,0,20250930,99991231,1,1,20260316
410967,MD2516451745,MD2516451745,"100016",TND,"28050","2025-06-13 00:00:00.0","2025-06-13 00:00:00.0","2025-12-15 00:00:00.0","11246.01","8904389375","108",,,,,,,NA23500,,"8000.000",,0,531704,872,2,3748,0,20250930,99991231,1,1,20260316
410901,MD2516455080,MD2516455080,"100016",TND,"28050","2025-06-13 00:00:00.0","2025-06-13 00:00:00.0","2025-12-15 00:00:00.0","11246.01","8904389375","108",,,,,,,NA23500,,"3500.000",,0,531704,872,2,3748,0,20250930,99991231,1,1,20260316
421632,MD2516496031,MD2516496031,"100016",TND,"28050","2025-06-13 00:00:00.0","2025-06-13 00:00:00.0","2025-12-15 00:00:00.0","11246.01","8904389375","108",,,,,,,NA23500,,"2000.000",,0,531704,872,2,3748,0,20250930,99991231,1,1,20260316
409959,MD2516740807,MD2516740807,"100016",TND,"28050","2025-06-16 00:00:00.0","2025-06-16 00:00:00.0","2025-12-15 00:00:00.0","11246.01","8904389375","108",,,,,,,NA23500,,"6000.000",,0,531704,872,2,3748,0,20250930,99991231,1,1,20260316
456351,MD2523731973,MD2523731973,"100016",TND,"28050","2025-08-22 00:00:00.0","2025-08-25 00:00:00.0","2026-02-23 00:00:00.0","11246.01","8904389375","108",,,,,,,NA23500,,"8000.000",,0,531704,872,2,3748,0,20250930,99991231,1,1,20260316
438366,MD2523763562,MD2523763562,"100016",TND,"28050","2025-08-22 00:00:00.0","2025-08-25 00:00:00.0","2026-02-23 00:00:00.0","11246.01","8904389375","108",,,,,,,NA23500,,"9000.000",,0,531704,872,2,3748,0,20250930,99991231,1,1,20260316
428815,MD2523782050,MD2523782050,"100016",TND,"28050","2025-08-22 00:00:00.0","2025-08-25 00:00:00.0","2026-02-23 00:00:00.0","11246.01","8904389375","108",,,,,,,NA23500,,"9000.000",,0,531704,872,2,3748,0,20250930,99991231,1,1,20260316
456048,MD2525200204,MD2525200204,"100016",TND,"28050","2025-09-03 00:00:00.0","2025-09-09 00:00:00.0","2026-03-17 00:00:00.0","11246.01","8904389375","108",,,,,,,NA23500,,"5000.000",,0,531704,872,2,3748,0,20250930,99991231,1,1,20260316
2442281,"8904389375","8904389375","100016",TND,"1000","1989-05-11 00:00:00.0","1989-05-11 00:00:00.0",,"11111.01","8904389375","108",,,,,,,AC11100,"08005010081000736792",,A,2878682,531704,858,2,4133,-1,20250930,99991231,1,1,20260316
2514035,"8905516467","8905516467","100016",TND,"3998","2012-01-05 00:00:00.0","2012-01-05 00:00:00.0",,"11119.01","8905516467","108",,,,,,,AC11100,,,A,2878682,531704,858,2,4437,0,20250930,99991231,1,1,20260316
2942177,"8914050759","8914050759","1000162",TND,"6500","2017-02-10 00:00:00.0","2017-02-10 00:00:00.0",,"11119.01","8914050759","80",,,,,,,AC11100,"08600000804015839275",,A,2878682,947866,858,2,4682,-1,20250930,99991231,1,1,20260316
2942176,"8914050724","8914050724","1000163",TND,"6003","2017-02-10 00:00:00.0","2017-02-10 00:00:00.0",,"11119.01","8914050724","24",,,,,,,AC11100,"08504000244500665628",,A,2878682,940602,858,2,4023,-1,20250930,99991231,1,1,20260316
2942179,"8914050775","8914050775","1000164",TND,"6500","2017-02-10 00:00:00.0","2017-02-10 00:00:00.0",,"11119.01","8914050775","233",,,,,,,AC11100,"08076023034002411287",,A,2878682,1505807,858,2,4682,-1,20250930,99991231,1,1,20260316
2942181,"8914050805","8914050805","1000165",TND,"6003","2017-02-10 00:00:00.0","2017-02-10 00:00:00.0",,"11119.01","8914050805","10",,,,,,,AC11100,"08605000104500673118",,A,2878682,941288,858,2,4023,-1,20250930,99991231,1,1,20260316
2942185,"8914050856","8914050856","1000166",TND,"6500","2017-02-10 00:00:00.0","2017-02-10 00:00:00.0",,"11119.01","8914050856","102",,,,,,,AC11100,"08110010024004124834",,A,2878682,942819,858,2,4682,-1,20250930,99991231,1,1,20260316
2942182,"8914050813","8914050813","1000167",TND,"6500","2017-02-10 00:00:00.0","2017-02-10 00:00:00.0",,"11119.01","8914050813","254",,,,,,,AC11100,"08086025044001571541",,A,2878682,944058,858,2,4682,-1,20250930,99991231,1,1,20260316
62328,MG2215700338,MG2215700338,"1000174",TND,"25007","2022-06-09 00:00:00.0","2022-06-09 00:00:00.0","2027-06-18 00:00:00.0","55159.01","8914050929","135",,"9.1928",,"6.6","2.25","8.85",TF57701,"90221570033800804211","15000.000",DC2213900177,-1,940840,676,2,4914,212134,20250930,99991231,1,1,20260316
2943287,"8914050929","8914050929","1000174",TND,"1010","2017-02-10 00:00:00.0","2017-02-10 00:00:00.0",,"11112.01","8914050929","135",,,,,,,AC11100,"08042013052004005736",,A,2878682,940840,858,2,3803,-1,20250930,99991231,1,1,20260316
2943289,"8914050945","8914050945","1000175",TND,"1010","2017-02-10 00:00:00.0","2017-02-10 00:00:00.0",,"11112.01","8914050945","74",,,,,,,AC11100,"08104000742007707070",,A,2878682,946690,858,2,3803,-1,20250930,99991231,1,1,20260316
2996371,"8915687653","8915687653","1000175",TND,"3439","2017-10-30 00:00:00.0","2017-10-30 00:00:00.0",,"11180.01","8915687653","74",,,,,,,AC43900,,,A,2878682,946690,859,2,4854,0,20250930,99991231,1,1,20260316
64305,MG2504500343,MG2504500343,"1000176",TND,"25001","2025-02-14 00:00:00.0","2025-02-14 00:00:00.0","2028-02-21 00:00:00.0","55103.01","8914050953","20",,"11.039",,"7.99","2.25","10.24",TF49103,"90250450034300850017","16000.000",DC2504500079,-1,948026,644,2,3863,198033,20250930,99991231,1,1,20260316
2943290,"8914050953","8914050953","1000176",TND,"1010","2017-02-10 00:00:00.0","2017-02-10 00:00:00.0",,"11112.01","8914050953","20",,,,,,,AC11100,"08500000202029051296",,A,2878682,948026,858,2,3803,-1,20250930,99991231,1,1,20260316
3042467,"8914736208","8914736208","1000176",TND,"3439","2017-06-13 00:00:00.0","2017-06-13 00:00:00.0",,"11180.01","8914736208","20",,,,,,,AC43900,,,A,2878682,948026,859,2,4854,0,20250930,99991231,1,1,20260316
2943293,"8914050996","8914050996","1000178",TND,"6500","2017-02-10 00:00:00.0","2017-02-10 00:00:00.0",,"11119.01","8914050996","223",,,,,,,AC11100,"08068022034004283215",,A,2878682,902285,858,2,4682,-1,20250930,99991231,1,1,20260316
2943296,"8914051054","8914051054","1000180",TND,"1010","2017-02-10 00:00:00.0","2017-02-10 00:00:00.0",,"11112.01","8914051054","255",,,,,,,AC11100,"08084025052001917746",,A,2878682,940593,858,2,3803,-1,20250930,99991231,1,1,20260316
2951586,"8914164061","8914164061","1000180",TND,"3439","2017-03-03 00:00:00.0","2017-03-03 00:00:00.0",,"11180.01","8914164061","255",,,,,,,AC43900,,,A,2878682,940593,859,2,4854,0,20250930,99991231,1,1,20260316
2945723,"8914081317","8914081317","1000186",TND,"1000","2017-02-17 00:00:00.0","2017-02-17 00:00:00.0",,"11111.01","8914081317","117",,,,,,,AC11100,"08024011071000465015",,A,2878682,944127,858,2,4133,-1,20250930,99991231,1,1,20260316
2959781,"8914222727","8914222727","1000187",TND,"1000","2017-03-14 00:00:00.0","2017-03-14 00:00:00.0",,"11111.01","8914222727","118",,,,,,,AC11100,"08026011081000336739",,A,2878682,1070239,858,2,4133,-1,20250930,99991231,1,1,20260316
3164987,"8917786233","8917786233","1000187",TND,"1000","2019-01-04 00:00:00.0","2019-01-04 00:00:00.0",,"11111.01","8917786233","118",,,,,,,AC11100,"08026011081000400274",,A,2878682,1070239,858,2,4133,-1,20250930,99991231,1,1,20260316
2943298,"8914051186","8914051186","1000189",TND,"6003","2017-02-10 00:00:00.0","2017-02-10 00:00:00.0",,"11119.01","8914051186","74",,,,,,,AC11100,"08104000744500435380",,A,2878682,947073,858,2,4023,-1,20250930,99991231,1,1,20260316
131047,MG2523900303,MG2523900303,"100019",TND,"25001","2025-08-27 00:00:00.0","2025-08-27 00:00:00.0","2028-09-01 00:00:00.0","55103.01","8904375188","108",,"10.839",,"7.5","2.5","10",TF49103,"90252390030300800586","10000.000",DC2523900114,-1,604525,644,2,3863,183327,20250930,99991231,1,1,20260316
2444395,"8904375188","8904375188","100019",TND,"1010","1991-04-23 00:00:00.0","1991-04-23 00:00:00.0",,"11112.01","8904375188","108",,,,,,,AC11100,"08005010082005920923",,A,2878682,604525,858,2,3803,-1,20250930,99991231,1,1,20260316
2921977,"8913363362","8913363362","100019",TND,"3439","2016-10-26 00:00:00.0","2016-10-26 00:00:00.0",,"11180.01","8913363362","108",,,,,,,AC43900,,,A,2878682,604525,859,2,4854,0,20250930,99991231,1,1,20260316
2943300,"8914051248","8914051248","1000191",TND,"6500","2017-02-10 00:00:00.0","2017-02-10 00:00:00.0",,"11119.01","8914051248","287",,,,,,,AC11100,"08116028074000764891",,A,2878682,946874,858,2,4682,-1,20250930,99991231,1,1,20260316
3185925,"8917329975","8917329975","1000191",TND,"1010","2018-10-03 00:00:00.0","2018-10-03 00:00:00.0",,"11112.01","8917329975","299",,,,,,,AC11100,"08300000002009831705",,A,2878682,946874,858,2,3803,-1,20250930,99991231,1,1,20260316
3218689,"8917532867","8917532867","1000191",TND,"3439","2018-11-12 00:00:00.0","2018-11-12 00:00:00.0",,"11180.01","8917532867","299",,,,,,,AC43900,,,A,2878682,946874,859,2,4854,0,20250930,99991231,1,1,20260316
3750835,"8927254973","8927254973","1000191",EUR,"1060","2025-03-06 00:00:00.0","2025-03-06 00:00:00.0",,"11119.01","8927254973","44",,,,,,,AC11100,"08703000445100464117",,A,2878682,946874,858,7,3464,-1,20250930,99991231,1,1,20260316
2944421,"8914051615","8914051615","1000194",EUR,"1060","2017-02-13 00:00:00.0","2017-02-13 00:00:00.0",,"11119.01","8914051615","209",,,,,,,AC11100,"08055020095100593126",,A,2878682,932000,858,7,3464,-1,20250930,99991231,1,1,20260316
3101891,"8914256845","8914256845","1000194",TND,"1010","2017-03-21 00:00:00.0","2017-03-21 00:00:00.0",,"11112.01","8914256845","209",,,,,,,AC11100,"08055020092001420719",,A,2878682,932000,858,2,3803,-1,20250930,99991231,1,1,20260316
2956891,"8914054878","8914054878","1000196",TND,"6500","2017-02-13 00:00:00.0","2017-02-13 00:00:00.0",,"11119.01","8914054878","227",,,,,,,AC11100,"08071022074001110305",,A,2878682,945903,858,2,4682,-1,20250930,99991231,1,1,20260316
2949003,"8914075972","8914075972","1000197",EUR,"1060","2017-02-16 00:00:00.0","2017-02-16 00:00:00.0",,"11119.01","8914075972","26",,,,,,,AC11100,"08507000265100699926",,A,2878682,954381,858,7,3464,-1,20250930,99991231,1,1,20260316
3012806,"8916543148","8916543148","1000197",TND,"6500","2018-03-28 00:00:00.0","2018-03-28 00:00:00.0",,"11119.01","8916543148","26",,,,,,,AC11100,"08507000264006710452",,A,2878682,954381,858,2,4682,-1,20250930,99991231,1,1,20260316
2259994,"8900711728","8900711728","10002",TND,"1010","2010-09-15 00:00:00.0","2010-09-15 00:00:00.0",,"11112.01","8900711728","16",,,,,,,AC11100,"08902000162005532436",,A,2878682,1483425,858,2,3803,-1,20250930,99991231,1,1,20260316
2260040,"8900727144","8900727144","10002",TND,"6500","2009-01-15 00:00:00.0","2009-01-15 00:00:00.0",,"11119.01","8900727144","16",,,,,,,AC11100,"08902000164003967855",,A,2878682,1483425,858,2,4682,-1,20250930,99991231,1,1,20260316
297180,LD1432706378,LD1432706378,"100020",TND,"21062","2014-10-31 00:00:00.0","2014-10-31 00:00:00.0","2029-06-30 00:00:00.0","55173.01","8904412091","108","21",,"3.5",null,null,,,,"49963.737",CRP1432700004.T01,-1,235229,0,2,3977,0,20250930,99991231,1,1,20260316
364711,LD2035094454,LD2035094454,"100020",TND,"21062","2020-12-01 00:00:00.0","2020-12-01 00:00:00.0","2029-09-30 00:00:00.0","5800.01","8904412091","108","28",,"3.5",null,null,,,,"1797.899",,0,235229,0,2,3977,0,20250930,99991231,1,1,20260316
2161182,PDLD1432706378,LD1432706378,"100020",TND,"21062","2015-08-31 00:00:00.0","2015-08-31 00:00:00.0","2029-06-30 00:00:00.0","9998.00","8904412091","108","21",,"5",,"5",,PM72400,,,,0,235229,324,2,3977,0,20250930,99991231,1,1,20260325
2448207,"8904412091","8904412091","100020",TND,"1010","1998-11-13 00:00:00.0","1998-11-13 00:00:00.0",,"11113.01","8904412091","108",,,,,,,AC11100,"08005010082008686975",,A,2878682,235229,858,2,3803,-1,20250930,99991231,1,1,20260316
2627365,"8907994873","8907994873","100020",TND,"3439","2013-11-11 00:00:00.0","2013-11-11 00:00:00.0",,"11180.01","8907994873","108",,,,,,,AC43900,,,A,2878682,235229,859,2,4854,0,20250930,99991231,1,1,20260316
2944408,"8914051399","8914051399","1000200",TND,"6500","2017-02-13 00:00:00.0","2017-02-13 00:00:00.0",,"11119.01","8914051399","254",,,,,,,AC11100,"08086025044001572317",,A,2878682,695235,858,2,4682,-1,20250930,99991231,1,1,20260316
2944409,"8914051445","8914051445","1000204",TND,"1010","2017-02-13 00:00:00.0","2017-02-13 00:00:00.0",,"11112.01","8914051445","279",,,,,,,AC11100,"08098027092000710140",,A,2878682,943597,858,2,3803,-1,20250930,99991231,1,1,20260316
2943430,"8914069058","8914069058","1000204",TND,"3439","2017-02-15 00:00:00.0","2017-02-15 00:00:00.0",,"11180.01","8914069058","279",,,,,,,AC43900,,,A,2878682,943597,859,2,4854,0,20250930,99991231,1,1,20260316
3094344,"8914365474","8914365474","1000205",TND,"1000","2017-04-10 00:00:00.0","2017-04-10 00:00:00.0",,"11111.01","8914365474","77",,,,,,,AC11100,"08107000771001564879",,A,2878682,1033367,858,2,4133,-1,20250930,99991231,1,1,20260316
2944412,"8914051507","8914051507","1000207",TND,"6500","2017-02-13 00:00:00.0","2017-02-13 00:00:00.0",,"11119.01","8914051507","289",,,,,,,AC11100,"08125028094000766910",,A,2878682,942166,858,2,4682,-1,20250930,99991231,1,1,20260316
2944410,"8914051488","8914051488","1000208",TND,"6500","2017-02-13 00:00:00.0","2017-02-13 00:00:00.0",,"11119.01","8914051488","236",,,,,,,AC11100,"08079023064002442433",,A,2878682,946826,858,2,4682,-1,20250930,99991231,1,1,20260316
122640,MG2519700193,MG2519700193,"1000209",TND,"25007","2025-07-16 00:00:00.0","2025-07-16 00:00:00.0","2029-08-28 00:00:00.0","55159.01","8914051558","67",,"10.93",,"7.5","2.75","10.25",TF57701,"90251970019300800814","20000.000",DC2519700070,-1,943546,676,2,4914,18308,20250930,99991231,1,1,20260316
2944415,"8914051558","8914051558","1000209",TND,"1010","2017-02-13 00:00:00.0","2017-02-13 00:00:00.0",,"11112.01","8914051558","67",,,,,,,AC11100,"08008000672012870387",,A,2878682,943546,858,2,3803,-1,20250930,99991231,1,1,20260316
2944418,"8914051585","8914051585","1000209",TND,"6500","2017-02-13 00:00:00.0","2017-02-13 00:00:00.0",,"11119.01","8914051585","67",,,,,,,AC11100,"08008000674008031668",,A,2878682,943546,858,2,4682,-1,20250930,99991231,1,1,20260316
3126476,"8918255762","8918255762","1000209",TND,"3439","2019-04-11 00:00:00.0","2019-04-11 00:00:00.0",,"11180.01","8918255762","67",,,,,,,AC43900,,,A,2878682,943546,859,2,4854,0,20250930,99991231,1,1,20260316
2448762,"8904418111","8904418111","100021",TND,"1010","2000-06-13 00:00:00.0","2000-06-13 00:00:00.0",,"11113.01","8904418111","108",,,,,,,AC11100,"08005010082010104339",,A,2878682,387455,858,2,3803,-1,20250930,99991231,1,1,20260316
2448835,"8904432335","8904432335","100021",TND,"6500","1995-06-01 00:00:00.0","1995-06-01 00:00:00.0",,"11119.01","8904432335","108",,,,,,,AC11100,"08005010084005790390",,A,2878682,387455,858,2,4682,-1,20250930,99991231,1,1,20260316
2944411,"8914051496","8914051496","1000210",TND,"6500","2017-02-13 00:00:00.0","2017-02-13 00:00:00.0",,"11119.01","8914051496","57",,,,,,,AC11100,"08204000574006460862",,A,2878682,944439,858,2,4682,-1,20250930,99991231,1,1,20260316
2944422,"8914051631","8914051631","1000211",TND,"6003","2017-02-13 00:00:00.0","2017-02-13 00:00:00.0",,"11119.01","8914051631","61",,,,,,,AC11100,"08003000614500530093",,A,2878682,947586,858,2,4023,-1,20250930,99991231,1,1,20260316
132818,MG2419100009,MG2419100009,"1000212",TND,"25001","2024-07-09 00:00:00.0","2024-07-09 00:00:00.0","2027-09-02 00:00:00.0","55103.01","8914051666","67",,"14.19",,"7.97","4.75","12.72",TF49102,"90241910000900800835","5000.000",DC2419100004,-1,941467,643,2,3863,159967,20250930,99991231,1,1,20260316
137981,MG2514300418,MG2514300418,"1000212",TND,"25007","2025-05-23 00:00:00.0","2025-05-23 00:00:00.0","2030-07-03 00:00:00.0","55159.01","8914051666","67",,"13.332",,"7.5","4.75","12.25",TF57701,"90251430041800800859","40000.000",DC2513900031,-1,941467,676,2,4914,197391,20250930,99991231,1,1,20260316
2138165,PDMG2419100009,MG2419100009,"1000212",TND,"25001","2025-03-03 00:00:00.0","2025-03-03 00:00:00.0","2027-09-02 00:00:00.0","9997.01","8914051666","67","21",,"5",,"5",,TF49102,,,,0,941467,643,2,3863,0,20250930,99991231,1,1,20260325
2945534,"8914051666","8914051666","1000212",TND,"1010","2017-02-13 00:00:00.0","2017-02-13 00:00:00.0",,"11113.01","8914051666","67",,,,,,,AC11100,"08008000672012871163",,A,2878682,941467,858,2,3803,-1,20250930,99991231,1,1,20260316
2945535,"8914051674","8914051674","1000212",TND,"6500","2017-02-13 00:00:00.0","2017-02-13 00:00:00.0",,"11119.01","8914051674","67",,,,,,,AC11100,"08008000674008032444",,A,2878682,941467,858,2,4682,-1,20250930,99991231,1,1,20260316
3006219,"8916424125","8916424125","1000212",TND,"3439","2018-03-05 00:00:00.0","2018-03-05 00:00:00.0",,"11180.01","8916424125","67",,,,,,,AC43900,,,A,2878682,941467,859,2,4854,0,20250930,99991231,1,1,20260316
2944420,"8914051607","8914051607","1000214",TND,"6003","2017-02-13 00:00:00.0","2017-02-13 00:00:00.0",,"11119.01","8914051607","61",,,,,,,AC11100,"08003000614500529705",,A,2878682,939882,858,2,4023,-1,20250930,99991231,1,1,20260316
139073,MG2519900397,MG2519900397,"1000216",TND,"25007","2025-07-18 00:00:00.0","2025-07-18 00:00:00.0","2030-08-30 00:00:00.0","55159.01","8923934163","78",,"11.313",,"7.5","3","10.50",TF57701,"90251990039700800168","30000.000",DC2519900012,-1,946296,676,2,4914,200685,20250930,99991231,1,1,20260316
2944416,"8914051569","8914051569","1000216",TND,"6500","2017-02-13 00:00:00.0","2017-02-13 00:00:00.0",,"11119.01","8914051569","78",,,,,,,AC11100,"08001000784008722569",,A,2878682,946296,858,2,4682,-1,20250930,99991231,1,1,20260316
3474958,"8923934163","8923934163","1000216",TND,"1010","2022-04-22 00:00:00.0","2022-04-22 00:00:00.0",,"11112.01","8923934163","78",,,,,,,AC11100,"08001000782014000601",,A,2878682,946296,858,2,3803,-1,20250930,99991231,1,1,20260316
2945533,"8914051647","8914051647","1000219",TND,"1010","2017-02-13 00:00:00.0","2017-02-13 00:00:00.0",,"11112.01","8914051647","274",,,,,,,AC11100,"08094027042000862467",,A,2878682,948322,858,2,3803,-1,20250930,99991231,1,1,20260316
2945539,"8914051763","8914051763","1000220",TND,"1000","2023-10-27 00:00:00.0","2023-10-27 00:00:00.0",,"11111.01","8914051763","271",,,,,,,AC11100,"08093027011000035671",,A,2878682,1518594,858,2,4133,-1,20250930,99991231,1,1,20260316
2945537,"8914051712","8914051712","1000222",TND,"6500","2017-02-13 00:00:00.0","2017-02-13 00:00:00.0",,"11119.01","8914051712","11",,,,,,,AC11100,"08606000114006762410",,A,2878682,941009,858,2,4682,-1,20250930,99991231,1,1,20260316
276493,LD1715171061,LD1715171061,"1000223",TND,"21062","2017-05-31 00:00:00.0","2017-05-31 00:00:00.0","2032-05-21 00:00:00.0","55172.01","8914053006","109","21",,"2",null,null,,,,"48000",CRP1704528832.T01,-1,948168,0,2,3977,0,20250930,99991231,1,1,20260316
359123,LD2034900997,LD2034900997,"1000223",TND,"21062","2020-12-01 00:00:00.0","2020-12-01 00:00:00.0","2032-08-21 00:00:00.0","5800.01","8914053006","109","28",,"2",null,null,,,,"1612.158",,0,948168,0,2,3977,0,20250930,99991231,1,1,20260316
43327,MG2304100362,MG2304100362,"1000223",TND,"25007","2023-02-17 00:00:00.0","2023-02-17 00:00:00.0","2028-03-22 00:00:00.0","55159.01","8914053006","109",,"11.291",,"7.96","2.75","10.71",TF57701,"90230410036200801811","9000.000",DC2303400109,-1,948168,676,2,4914,123590,20250930,99991231,1,1,20260316
2188729,PDLD1715171061,LD1715171061,"1000223",TND,"21062","2017-10-21 00:00:00.0","2017-10-21 00:00:00.0","2032-05-21 00:00:00.0","9997.01","8914053006","109","21",,"5",,"5",,NP72101,,,,0,948168,51,2,3977,0,20250930,99991231,1,1,20260325
2950050,"8914053006","8914053006","1000223",TND,"1010","2017-02-13 00:00:00.0","2017-02-13 00:00:00.0",,"11112.01","8914053006","109",,,,,,,AC11100,"08018010092002508508",,A,2878682,948168,858,2,3803,-1,20250930,99991231,1,1,20260316
2956322,"8914164274","8914164274","1000223",TND,"3439","2017-03-03 00:00:00.0","2017-03-03 00:00:00.0",,"11180.01","8914164274","109",,,,,,,AC43900,,,A,2878682,948168,859,2,4854,0,20250930,99991231,1,1,20260316
3105403,"8919086212","8919086212","1000223",TND,"6500","2019-11-07 00:00:00.0","2019-11-07 00:00:00.0",,"11119.01","8919086212","109",,,,,,,AC11100,"08018010094005902470",,A,2878682,948168,858,2,4682,-1,20250930,99991231,1,1,20260316
3376310,"8921862564","8921862564","1000225",TND,"6500","2020-09-14 00:00:00.0","2020-09-14 00:00:00.0",,"11119.01","8921862564","238",,,,,,,AC11100,"08081023084003153061",,A,2878682,947612,858,2,4682,-1,20250930,99991231,1,1,20260316
2945541,"8914051801","8914051801","1000226",TND,"6500","2017-02-13 00:00:00.0","2017-02-13 00:00:00.0",,"11119.01","8914051801","42",,,,,,,AC11100,"08701000424024656802",,A,2878682,945797,858,2,4682,-1,20250930,99991231,1,1,20260316
2945543,"8914051868","8914051868","1000227",TND,"1010","2017-02-13 00:00:00.0","2017-02-13 00:00:00.0",,"11112.01","8914051868","80",,,,,,,AC11100,"08600000802010633741",,A,2878682,947559,858,2,3803,-1,20250930,99991231,1,1,20260316
3068724,"8915241108","8915241108","1000227",TND,"6500","2017-08-17 00:00:00.0","2017-08-17 00:00:00.0",,"11119.01","8915241108","80",,,,,,,AC11100,"08600000804016433303",,A,2878682,947559,858,2,4682,-1,20250930,99991231,1,1,20260316
2945545,"8914051887","8914051887","1000228",TND,"6500","2017-02-13 00:00:00.0","2017-02-13 00:00:00.0",,"11119.01","8914051887","272",,,,,,,AC11100,"08092027024001949084",,A,2878682,946829,858,2,4682,-1,20250930,99991231,1,1,20260316
61306,MG2511900550,MG2511900550,"100023",TND,"25007","2025-04-29 00:00:00.0","2025-04-29 00:00:00.0","2030-05-27 00:00:00.0","55159.01","8904400905","108",,"10.109",,"7.91","2","9.91",TF57701,"90251190055000800518","40000.000",DC2511300152,-1,235802,676,2,4914,142786,20250930,99991231,1,1,20260316
2448701,"8904400905","8904400905","100023",TND,"1010","1993-04-02 00:00:00.0","1993-04-02 00:00:00.0",,"11113.01","8904400905","108",,,,,,,AC11100,"08005010082006809734",,A,2878682,235802,858,2,3803,-1,20250930,99991231,1,1,20260316
2448597,"8904454711","8904454711","100023",TND,"6500","2010-02-23 00:00:00.0","2010-02-23 00:00:00.0",,"11119.01","8904454711","108",,,,,,,AC11100,"08005010084008581856",,A,2878682,235802,858,2,4682,-1,20250930,99991231,1,1,20260316
2448376,"8904464865","8904464865","100023",TND,"6500","2010-11-01 00:00:00.0","2010-11-01 00:00:00.0",,"11119.01","8904464865","108",,,,,,,AC11100,"08005010084009192374",,A,2878682,235802,858,2,4682,-1,20250930,99991231,1,1,20260316
2628088,"8908012381","8908012381","100023",TND,"3439","2013-11-11 00:00:00.0","2013-11-11 00:00:00.0",,"11180.01","8908012381","108",,,,,,,AC43900,,,A,2878682,235802,859,2,4854,0,20250930,99991231,1,1,20260316
2851823,"8912669875","8912669875","100023",TND,"1019","2016-06-09 00:00:00.0","2016-06-09 00:00:00.0",,"11119.01","8912669875","108",,,,,,,AC11100,"08005010081306809040",,A,2878682,235802,858,2,4677,-1,20250930,99991231,1,1,20260316
2956423,"8914172765","8914172765","1000230",TND,"3439","2017-03-06 00:00:00.0","2017-03-06 00:00:00.0",,"11180.01","8914172765","67",,,,,,,AC43900,,,A,2878682,942406,859,2,4854,0,20250930,99991231,1,1,20260316
3460684,"8924254808","8924254808","1000230",TND,"3992","2022-07-28 00:00:00.0","2022-07-28 00:00:00.0",,,"8924254808","67",,,,,,,AC11100,,,,0,942406,858,2,5528,0,20250930,99991231,1,1,20260316
2946659,"8914052018","8914052018","1000234",TND,"1010","2017-02-13 00:00:00.0","2017-02-13 00:00:00.0",,"11112.01","8914052018","217",,,,,,,AC11100,"08063021072002306114",,A,2878682,939746,858,2,3803,-1,20250930,99991231,1,1,20260316
2948958,"8914068666","8914068666","1000234",TND,"3439","2017-02-15 00:00:00.0","2017-02-15 00:00:00.0",,"11180.01","8914068666","217",,,,,,,AC43900,,,A,2878682,939746,859,2,4854,0,20250930,99991231,1,1,20260316
2961799,"8916726571","8916726571","1000234",TND,"6500","2018-05-08 00:00:00.0","2018-05-08 00:00:00.0",,"11119.01","8916726571","217",,,,,,,AC11100,"08063021074002271126",,A,2878682,939746,858,2,4682,-1,20250930,99991231,1,1,20260316
68486,MG2511300194,MG2511300194,"1000236",TND,"25007","2025-04-23 00:00:00.0","2025-04-23 00:00:00.0","2030-05-20 00:00:00.0","55159.01","8914096066","303",,"13.728",,"7.91","4.75","12.66",TF57701,"90251130019400813342","18000.000",DC2511200160,-1,945764,676,2,4914,1718,20250930,99991231,1,1,20260316
2106744,PDMG2511300194,MG2511300194,"1000236",TND,"25007","2025-09-22 00:00:00.0","2025-09-22 00:00:00.0","2030-05-20 00:00:00.0","9997.01","8914096066","303","21",,"5",,"5",,TF57701,,,,0,945764,676,2,4914,0,20250930,99991231,1,1,20260325
2956945,"8914096066","8914096066","1000236",TND,"1010","2017-02-21 00:00:00.0","2017-02-21 00:00:00.0",,"11112.01","8914096066","303",,,,,,,AC11100,"08133030032000539056",,A,2878682,945764,858,2,3803,-1,20250930,99991231,1,1,20260316
2950212,"8914098611","8914098611","1000236",TND,"6500","2017-02-21 00:00:00.0","2017-02-21 00:00:00.0",,"11119.01","8914098611","303",,,,,,,AC11100,"08133030034000510858",,A,2878682,945764,858,2,4682,-1,20250930,99991231,1,1,20260316
3376886,"8922023183","8922023183","1000236",TND,"3439","2020-10-26 00:00:00.0","2020-10-26 00:00:00.0",,"11180.01","8922023183","303",,,,,,,AC43900,,,A,2878682,945764,859,2,4854,0,20250930,99991231,1,1,20260316
2946657,"8914051984","8914051984","1000237",TND,"6500","2017-02-13 00:00:00.0","2017-02-13 00:00:00.0",,"11119.01","8914051984","128",,,,,,,AC11100,"08035012084002527121",,A,2878682,947101,858,2,4682,-1,20250930,99991231,1,1,20260316
2946660,"8914052026","8914052026","1000238",TND,"6500","2017-02-13 00:00:00.0","2017-02-13 00:00:00.0",,"11119.01","8914052026","259",,,,,,,AC11100,"08091025094001467766",,A,2878682,941347,858,2,4682,-1,20250930,99991231,1,1,20260316
97971,MG2223700268,MG2223700268,"1000239",TND,"25007","2022-08-25 00:00:00.0","2022-08-25 00:00:00.0","2027-09-25 00:00:00.0","55171.01","8914052007","256",,"11.611",,"7.02","4","11.02",TF57799,"90222370026800808875","24000.000",DC2220100079,-1,944641,677,2,4914,183742,20250930,99991231,1,1,20260316
2154240,PDMG2223700268,MG2223700268,"1000239",TND,"25007","2023-01-25 00:00:00.0","2023-01-25 00:00:00.0","2027-09-25 00:00:00.0","9997.01","8914052007","256","21",,"5",,"5",,TF57799,,,,0,944641,677,2,4914,0,20250930,99991231,1,1,20260325
2946658,"8914052007","8914052007","1000239",TND,"1010","2017-02-13 00:00:00.0","2017-02-13 00:00:00.0",,"11112.01","8914052007","256",,,,,,,AC11100,"08088025062001333868",,A,2878682,944641,858,2,3803,-1,20250930,99991231,1,1,20260316
3043970,"8914815623","8914815623","1000239",TND,"3439","2017-06-30 00:00:00.0","2017-06-30 00:00:00.0",,"11180.01","8914815623","256",,,,,,,AC43900,,,A,2878682,944641,859,2,4854,0,20250930,99991231,1,1,20260316
3071070,"8914857687","8914857687","1000239",TND,"6500","2025-08-06 00:00:00.0","2025-08-06 00:00:00.0",,"11119.01","8914857687","256",,,,,,,AC11100,"08088025064000792055",,A,2878682,944641,858,2,4682,-1,20250930,99991231,1,1,20260316
2946665,"8914052107","8914052107","1000241",TND,"1010","2017-02-13 00:00:00.0","2017-02-13 00:00:00.0",,"11113.01","8914052107","126",,,,,,,AC11100,"08034012062002247681",,A,2878682,942323,858,2,3803,-1,20250930,99991231,1,1,20260316
3166522,"8917888729","8917888729","1000241",TND,"3439","2019-01-30 00:00:00.0","2019-01-30 00:00:00.0",,"11180.01","8917888729","126",,,,,,,AC43900,,,A,2878682,942323,859,2,4854,0,20250930,99991231,1,1,20260316
140248,MG2427700163,MG2427700163,"1000242",TND,"25001","2024-10-03 00:00:00.0","2024-10-03 00:00:00.0","2026-11-30 00:00:00.0","55103.01","8926733185","290",,"14.38",,"7.99","4.75","12.74",TF49103,"90242770016300812970","10000.000",DC2427600152,-1,940187,644,2,3863,138751,20250930,99991231,1,1,20260316
2158710,PDMG2427700163,MG2427700163,"1000242",TND,"25001","2024-12-30 00:00:00.0","2024-12-30 00:00:00.0","2026-11-30 00:00:00.0","9997.01","8926733185","290","21",,"5",,"5",,TF49103,,,,0,940187,644,2,3863,0,20250930,99991231,1,1,20260325
2946663,"8914052077","8914052077","1000242",TND,"6500","2017-02-13 00:00:00.0","2017-02-13 00:00:00.0",,"11119.01","8914052077","290",,,,,,,AC11100,"08129029094000445222",,A,2878682,940187,858,2,4682,-1,20250930,99991231,1,1,20260316
3640234,"8926733185","8926733185","1000242",TND,"1010","2024-09-20 00:00:00.0","2024-09-20 00:00:00.0",,"11112.01","8926733185","290",,,,,,,AC11100,"08129029092001635771",,A,2878682,940187,858,2,3803,-1,20250930,99991231,1,1,20260316
3642825,"8926776674","8926776674","1000242",TND,"3439","2024-10-02 00:00:00.0","2024-10-02 00:00:00.0",,"11180.01","8926776674","290",,,,,,,AC43900,,,A,2878682,940187,859,2,4854,0,20250930,99991231,1,1,20260316
116160,MG2207600520,MG2207600520,"1000243",TND,"25007","2022-03-17 00:00:00.0","2022-03-17 00:00:00.0","2027-04-30 00:00:00.0","55159.01","8914052085","80","21","12.303","5","6.25","5","12.5",NP57701,"90220760052000860039","10000.000",DC2207600215,-1,943505,826,2,4914,4836,20250930,99991231,1,1,20260316
2126238,PDMG2207600520,MG2207600520,"1000243",TND,"25007","2023-05-02 00:00:00.0","2023-05-02 00:00:00.0","2027-04-30 00:00:00.0","9997.01","8914052085","80","21",,"5",,"5",,NP57701,,,,0,943505,826,2,4914,0,20250930,99991231,1,1,20260325
2946664,"8914052085","8914052085","1000243",TND,"1010","2017-02-13 00:00:00.0","2017-02-13 00:00:00.0",,"11112.01","8914052085","80",,,,,,,AC11100,"08600000802010634517",,A,2878682,943505,858,2,3803,-1,20250930,99991231,1,1,20260316
2946662,"8914052058","8914052058","1000245",TND,"6500","2017-02-13 00:00:00.0","2017-02-13 00:00:00.0",,"11119.01","8914052058","203",,,,,,,AC11100,"08053020034003136868",,A,2878682,945812,858,2,4682,-1,20250930,99991231,1,1,20260316
3094493,"8914400617","8914400617","1000247",TND,"3439","2017-04-14 00:00:00.0","2017-04-14 00:00:00.0",,"11180.01","8914400617","48",,,,,,,AC43900,,,A,2878682,944942,859,2,4854,0,20250930,99991231,1,1,20260316
3045009,"8914821046","8914821046","1000247",TND,"6500","2017-07-03 00:00:00.0","2017-07-03 00:00:00.0",,"11119.01","8914821046","48",,,,,,,AC11100,"08709000484007422158",,A,2878682,944942,858,2,4682,-1,20250930,99991231,1,1,20260316
81348,MG2507000212,MG2507000212,"1000248",TND,"25007","2025-03-11 00:00:00.0","2025-03-11 00:00:00.0","2030-04-01 00:00:00.0","55159.01","8914843821","217",,"13.827",,"7.99","4.75","12.74",TF57701,"90250700021200806321","16000.000",DC2506900145,-1,947279,676,2,4914,85617,20250930,99991231,1,1,20260316
3076695,"8914843821","8914843821","1000248",TND,"1010","2017-07-06 00:00:00.0","2017-07-06 00:00:00.0",,"11112.01","8914843821","217",,,,,,,AC11100,"08063021072002432796",,A,2878682,947279,858,2,3803,-1,20250930,99991231,1,1,20260316
2995428,"8915743731","8915743731","1000248",TND,"3439","2017-11-08 00:00:00.0","2017-11-08 00:00:00.0",,"11180.01","8915743731","217",,,,,,,AC43900,,,A,2878682,947279,859,2,4854,0,20250930,99991231,1,1,20260316
2946667,"8914052147","8914052147","1000249",TND,"6500","2017-02-13 00:00:00.0","2017-02-13 00:00:00.0",,"11119.01","8914052147","255",,,,,,,AC11100,"08084025054002050374",,A,2878682,942824,858,2,4682,-1,20250930,99991231,1,1,20260316
2448463,"8904407063","8904407063","100025",TND,"6500","1986-07-09 00:00:00.0","1986-07-09 00:00:00.0",,"11119.01","8904407063","108",,,,,,,AC11100,"08005010084002119425",,A,2878682,236030,858,2,4682,-1,20250930,99991231,1,1,20260316
2946669,"8914052174","8914052174","1000251",TND,"1010","2017-02-13 00:00:00.0","2017-02-13 00:00:00.0",,"11112.01","8914052174","49",,,,,,,AC11100,"08800000492006630054",,A,2878682,940519,858,2,3803,-1,20250930,99991231,1,1,20260316
3069937,"8914857407","8914857407","1000251",TND,"6500","2017-07-10 00:00:00.0","2017-07-10 00:00:00.0",,"11119.01","8914857407","49",,,,,,,AC11100,"08800000494006490888",,A,2878682,940519,858,2,4682,-1,20250930,99991231,1,1,20260316
2946668,"8914052166","8914052166","1000252",TND,"1010","2017-02-13 00:00:00.0","2017-02-13 00:00:00.0",,"11112.01","8914052166","274",,,,,,,AC11100,"08094027042000863243",,A,2878682,941900,858,2,3803,-1,20250930,99991231,1,1,20260316
2946731,"8914068151","8914068151","1000252",TND,"3439","2017-02-15 00:00:00.0","2017-02-15 00:00:00.0",,"11180.01","8914068151","274",,,,,,,AC43900,,,A,2878682,941900,859,2,4854,0,20250930,99991231,1,1,20260316
2946671,"8914052198","8914052198","1000253",TND,"6500","2017-02-13 00:00:00.0","2017-02-13 00:00:00.0",,"11119.01","8914052198","42",,,,,,,AC11100,"08701000424024657675",,A,2878682,944982,858,2,4682,-1,20250930,99991231,1,1,20260316
2946670,"8914052182","8914052182","1000254",TND,"6500","2017-02-13 00:00:00.0","2017-02-13 00:00:00.0",,"11119.01","8914052182","74",,,,,,,AC11100,"08104000744006800052",,A,2878682,940953,858,2,4682,-1,20250930,99991231,1,1,20260316
284978,LD1717425855,LD1717425855,"1000257",TND,"21062","2017-06-23 00:00:00.0","2017-06-23 00:00:00.0","2027-06-21 00:00:00.0","55172.01","8914052212","121","21",,"3.50",null,null,,,,"110000",CRP1705229101.T01,-1,942442,0,2,3977,0,20250930,99991231,1,1,20260316
2206281,PDLD1717425855,LD1717425855,"1000257",TND,"21062","2018-10-21 00:00:00.0","2018-10-21 00:00:00.0","2027-06-21 00:00:00.0","9997.01","8914052212","121","21",,"5",,"5",,NP72101,,,,0,942442,51,2,3977,0,20250930,99991231,1,1,20260325
2946672,"8914052212","8914052212","1000257",TND,"1010","2017-02-13 00:00:00.0","2017-02-13 00:00:00.0",,"11113.01","8914052212","121",,,,,,,AC11100,"08027012012001338187",,A,2878682,942442,858,2,3803,-1,20250930,99991231,1,1,20260316
2947797,"8914052287","8914052287","1000258",TND,"1010","2017-02-13 00:00:00.0","2017-02-13 00:00:00.0",,"11112.01","8914052287","283",,,,,,,AC11100,"08113028032000975004",,A,2878682,939939,858,2,3803,-1,20250930,99991231,1,1,20260316
2947800,"8914052317","8914052317","1000258",EUR,"1060","2017-02-13 00:00:00.0","2017-02-13 00:00:00.0",,"11119.01","8914052317","283",,,,,,,AC11100,"08113028035100025579",,A,2878682,939939,858,7,3464,-1,20250930,99991231,1,1,20260316
2942239,"8914060762","8914060762","1000258",TND,"6500","2017-02-14 00:00:00.0","2017-02-14 00:00:00.0",,"11119.01","8914060762","283",,,,,,,AC11100,"08113028034001009759",,A,2878682,939939,858,2,4682,-1,20250930,99991231,1,1,20260316
3536355,"8923517217","8923517217","1000258",TND,"3997","2021-12-16 00:00:00.0","2021-12-16 00:00:00.0",,"11119.01","8923517217","283",,,,,,,AC11100,,,A,2878682,939939,858,2,4100,0,20250930,99991231,1,1,20260316
2448715,"8904407136","8904407136","100026",TND,"6500","1986-10-17 00:00:00.0","1986-10-17 00:00:00.0",,"11119.01","8904407136","108",,,,,,,AC11100,"08005010084002187907",,A,2878682,236597,858,2,4682,-1,20250930,99991231,1,1,20260316
130294,MG2311700076,MG2311700076,"1000260",TND,"25007","2023-04-27 00:00:00.0","2023-04-27 00:00:00.0","2028-05-28 00:00:00.0","55159.01","8914052247","274",,"13.27",,"8.05","5","13.05",TF57701,"90231170007600809481","22000.000",DC2309500091,-1,946808,676,2,4914,29081,20250930,99991231,1,1,20260316
2157881,PDMG2311700076,MG2311700076,"1000260",TND,"25007","2023-08-28 00:00:00.0","2023-08-28 00:00:00.0","2028-05-28 00:00:00.0","9998.01","8914052247","274","21",,"5",,"5",,TF57701,,,,0,946808,676,2,4914,0,20250930,99991231,1,1,20260325
2947796,"8914052247","8914052247","1000260",TND,"1010","2017-02-13 00:00:00.0","2017-02-13 00:00:00.0",,"11112.01","8914052247","274",,,,,,,AC11100,"08094027042000864019",,A,2878682,946808,858,2,3803,-1,20250930,99991231,1,1,20260316
2946730,"8914068143","8914068143","1000260",TND,"3439","2017-02-15 00:00:00.0","2017-02-15 00:00:00.0",,"11180.01","8914068143","274",,,,,,,AC43900,,,A,2878682,946808,859,2,4854,0,20250930,99991231,1,1,20260316
2947798,"8914052298","8914052298","1000262",TND,"6003","2017-02-13 00:00:00.0","2017-02-13 00:00:00.0",,"11119.01","8914052298","74",,,,,,,AC11100,"08104000744500436156",,A,2878682,941419,858,2,4023,-1,20250930,99991231,1,1,20260316
2947799,"8914052301","8914052301","1000266",TND,"6500","2017-02-13 00:00:00.0","2017-02-13 00:00:00.0",,"11119.01","8914052301","3",,,,,,,AC11100,"08109000034005143248",,A,2878682,947897,858,2,4682,-1,20250930,99991231,1,1,20260316
3485815,"8924827263","8924827263","1000268",TND,"1010","2023-01-16 00:00:00.0","2023-01-16 00:00:00.0",,"11112.01","8924827263","226",,,,,,,AC11100,"08070022062006045342",,A,2878682,946799,858,2,3803,-1,20250930,99991231,1,1,20260316
2947807,"8914052433","8914052433","1000272",TND,"6500","2017-02-13 00:00:00.0","2017-02-13 00:00:00.0",,"11119.01","8914052433","296",,,,,,,AC11100,"08128029064000760373",,A,2878682,940094,858,2,4682,-1,20250930,99991231,1,1,20260316
2947804,"8914052395","8914052395","1000273",TND,"1010","2017-02-13 00:00:00.0","2017-02-13 00:00:00.0",,"11112.01","8914052395","76",,,,,,,AC11100,"08106000762009891904",,A,2878682,944319,858,2,3803,-1,20250930,99991231,1,1,20260316
2947803,"8914052387","8914052387","1000274",TND,"6500","2017-02-13 00:00:00.0","2017-02-13 00:00:00.0",,"11119.01","8914052387","9",,,,,,,AC11100,"08905000094005170378",,A,2878682,944844,858,2,4682,-1,20250930,99991231,1,1,20260316
2947805,"8914052417","8914052417","1000275",TND,"1010","2017-02-13 00:00:00.0","2017-02-13 00:00:00.0",,"11112.01","8914052417","285",,,,,,,AC11100,"08117028052000313768",,A,2878682,944593,858,2,3803,-1,20250930,99991231,1,1,20260316
3094904,"8914462542","8914462542","1000275",TND,"3439","2017-04-25 00:00:00.0","2017-04-25 00:00:00.0",,"11180.01","8914462542","285",,,,,,,AC43900,,,A,2878682,944593,859,2,4854,0,20250930,99991231,1,1,20260316
3041789,"8914551332","8914551332","1000275",TND,"6500","2017-05-11 00:00:00.0","2017-05-11 00:00:00.0",,"11119.01","8914551332","285",,,,,,,AC11100,"08117028054000354052",,A,2878682,944593,858,2,4682,-1,20250930,99991231,1,1,20260316
2948917,"8914052522","8914052522","1000277",TND,"6500","2017-02-13 00:00:00.0","2017-02-13 00:00:00.0",,"11119.01","8914052522","60",,,,,,,AC11100,"08000000604001478954",,A,2878682,946890,858,2,4682,-1,20250930,99991231,1,1,20260316
2947801,"8914052352","8914052352","1000278",TND,"6500","2017-02-13 00:00:00.0","2017-02-13 00:00:00.0",,"11119.01","8914052352","304",,,,,,,AC11100,"08132030044001434197",,A,2878682,944894,858,2,4682,-1,20250930,99991231,1,1,20260316
2947802,"8914052368","8914052368","1000279",TND,"1010","2017-02-13 00:00:00.0","2017-02-13 00:00:00.0",,"11112.01","8914052368","55",,,,,,,AC11100,"08201000552006596478",,A,2878682,940020,858,2,3803,-1,20250930,99991231,1,1,20260316
3104248,"8914270767","8914270767","1000279",TND,"3439","2017-03-23 00:00:00.0","2017-03-23 00:00:00.0",,"11180.01","8914270767","55",,,,,,,AC43900,,,A,2878682,940020,859,2,4854,0,20250930,99991231,1,1,20260316
48173,MG2313500279,MG2313500279,"100028",TND,"25007","2023-05-15 00:00:00.0","2023-05-15 00:00:00.0","2028-06-20 00:00:00.0","55159.01","8904408817","108",,"13.27",,"8.01","4.75","12.76",TF57701,"90231350027900800528","17000.000",DC2313100054,-1,243768,676,2,4914,27143,20250930,99991231,1,1,20260316
2445600,"8904408817","8904408817","100028",TND,"1010","2002-06-12 00:00:00.0","2002-06-12 00:00:00.0",,"11112.01","8904408817","108",,,,,,,AC11100,"08005010082011517629",,A,2878682,243768,858,2,3803,-1,20250930,99991231,1,1,20260316
2449414,"8904451844","8904451844","100028",TND,"6500","2002-06-21 00:00:00.0","2002-06-21 00:00:00.0",,"11119.01","8904451844","108",,,,,,,AC11100,"08005010084007435219",,A,2878682,243768,858,2,4682,-1,20250930,99991231,1,1,20260316
2693880,"8909557381","8909557381","100028",TND,"3439","2014-09-25 00:00:00.0","2014-09-25 00:00:00.0",,"11180.01","8909557381","108",,,,,,,AC43900,,,A,2878682,243768,859,2,4854,0,20250930,99991231,1,1,20260316
2947810,"8914052468","8914052468","1000281",TND,"6500","2017-02-13 00:00:00.0","2017-02-13 00:00:00.0",,"11119.01","8914052468","111",,,,,,,AC11100,"08020011014008353427",,A,2878682,940477,858,2,4682,-1,20250930,99991231,1,1,20260316
2947812,"8914052484","8914052484","1000282",TND,"6500","2017-02-13 00:00:00.0","2017-02-13 00:00:00.0",,"11119.01","8914052484","38",,,,,,,AC11100,"08901000384003432061",,A,2878682,941739,858,2,4682,-1,20250930,99991231,1,1,20260316
3088754,"8914374015","8914374015","1000283",TND,"1010","2017-04-11 00:00:00.0","2017-04-11 00:00:00.0",,"11112.01","8914374015","206",,,,,,,AC11100,"08052020062003030813",,A,2878682,946174,858,2,3803,-1,20250930,99991231,1,1,20260316
2948914,"8914052492","8914052492","1000285",TND,"1010","2017-02-13 00:00:00.0","2017-02-13 00:00:00.0",,"11112.01","8914052492","258",,,,,,,AC11100,"08090025082001383926",,A,2878682,942160,858,2,3803,-1,20250930,99991231,1,1,20260316
3344972,"8922789763","8922789763","1000285",TND,"3439","2021-06-04 00:00:00.0","2021-06-04 00:00:00.0",,"11180.01","8922789763","258",,,,,,,AC43900,,,A,2878682,942160,859,2,4854,0,20250930,99991231,1,1,20260316
228357,LD2035769810,LD2035769810,"1000286",TND,"21062","2020-12-22 00:00:00.0","2020-12-22 00:00:00.0","2036-01-01 00:00:00.0","55172.01","8921808993","19","29",,"3.50",null,null,,,,"20000",CRP2025961446.T01,-1,943796,0,2,3977,0,20250930,99991231,1,1,20260316
2948915,"8914052506","8914052506","1000286",TND,"6500","2017-02-13 00:00:00.0","2017-02-13 00:00:00.0",,"11119.01","8914052506","19",,,,,,,AC11100,"08601000194003515168",,A,2878682,943796,858,2,4682,-1,20250930,99991231,1,1,20260316
3376175,"8921808993","8921808993","1000286",TND,"1010","2020-09-04 00:00:00.0","2020-09-04 00:00:00.0",,"11112.01","8921808993","19",,,,,,,AC11100,"08601000192008944132",,A,2878682,943796,858,2,3803,-1,20250930,99991231,1,1,20260316
3735449,"8927776716","8927776716","1000288",TND,"1010","2025-08-06 00:00:00.0","2025-08-06 00:00:00.0",,"11112.01","8927776716","67",,,,,,,AC11100,"08008000672016411469",,A,2878682,942634,858,2,3803,-1,20250930,99991231,1,1,20260316
3115404,"8919302853","8919302853","1000289",USD,"1060","2019-12-23 00:00:00.0","2019-12-23 00:00:00.0",,"11119.01","8919302853","16",,,,,,,AC11100,"08902000165102678028",,A,2878682,946825,858,18,3464,-1,20250930,99991231,1,1,20260316
3381803,"8919413728","8919413728","1000289",USD,"3981","2020-01-22 00:00:00.0","2020-01-22 00:00:00.0",,"11119.01","8919413728","16",,,,,,,AC11100,,,A,2878682,946825,858,18,5380,0,20250930,99991231,1,1,20260316
2948919,"8914052581","8914052581","1000291",TND,"6500","2017-02-13 00:00:00.0","2017-02-13 00:00:00.0",,"11119.01","8914052581","109",,,,,,,AC11100,"08018010094004770092",,A,2878682,945821,858,2,4682,-1,20250930,99991231,1,1,20260316
56380,MG2130100327,MG2130100327,"1000292",TND,"25007","2021-11-19 00:00:00.0","2021-11-19 00:00:00.0","2026-11-25 00:00:00.0","55171.01","8914052654","33","21","10.229","3","6.24","3","10.5",NP57799,"90213010032700880313","35000.000",DC2128700246,-1,946586,828,2,4914,23082,20250930,99991231,1,1,20260316
2132141,PDMG2130100327,MG2130100327,"1000292",TND,"25007","2022-04-25 00:00:00.0","2022-04-25 00:00:00.0","2026-11-25 00:00:00.0","9997.01","8914052654","33","21",,"5",,"5",,NP57799,,,,0,946586,828,2,4914,0,20250930,99991231,1,1,20260325
2948923,"8914052654","8914052654","1000292",TND,"1010","2017-02-13 00:00:00.0","2017-02-13 00:00:00.0",,"11112.01","8914052654","33",,,,,,,AC11100,"08803000332007061868",,A,2878682,946586,858,2,3803,-1,20250930,99991231,1,1,20260316
2951808,"8914188009","8914188009","1000292",TND,"3439","2017-03-08 00:00:00.0","2017-03-08 00:00:00.0",,"11180.01","8914188009","33",,,,,,,AC43900,,,A,2878682,946586,859,2,4854,0,20250930,99991231,1,1,20260316
2947922,"8914078308","8914078308","1000293",TND,"6500","2017-02-16 00:00:00.0","2017-02-16 00:00:00.0",,"11119.01","8914078308","272",,,,,,,AC11100,"08092027024002054523",,A,2878682,944246,858,2,4682,-1,20250930,99991231,1,1,20260316
2950045,"8914052905","8914052905","1000294",TND,"1010","2017-02-13 00:00:00.0","2017-02-13 00:00:00.0",,"11112.01","8914052905","135",,,,,,,AC11100,"08042013052004010392",,A,2878682,940550,858,2,3803,-1,20250930,99991231,1,1,20260316
3071064,"8914857539","8914857539","1000295",TND,"6500","2017-07-10 00:00:00.0","2017-07-10 00:00:00.0",,"11119.01","8914857539","49",,,,,,,AC11100,"08800000494006491664",,A,2878682,942060,858,2,4682,-1,20250930,99991231,1,1,20260316
2948920,"8914052611","8914052611","1000296",TND,"6003","2017-02-13 00:00:00.0","2017-02-13 00:00:00.0",,"11119.01","8914052611","235",,,,,,,AC11100,"08077023054500358413",,A,2878682,943285,858,2,4023,-1,20250930,99991231,1,1,20260316
3572616,"8926558146","8926558146","1000298",TND,"3992","2024-07-30 00:00:00.0","2024-07-30 00:00:00.0",,,"8926558146","312",,,,,,,AC11100,,,,0,947063,858,2,5528,0,20250930,99991231,1,1,20260316
134618,MG2419900355,MG2419900355,"100030",TND,"25007","2024-07-17 00:00:00.0","2024-07-17 00:00:00.0","2029-09-02 00:00:00.0","55171.01","8904414687","108",,"12.354",,"7.97","3.75","11.72",TF57799,"90241990035500800528","25000.000",DC2419800007,-1,235295,677,2,4914,15374,20250930,99991231,1,1,20260316
2191381,PDMG2419900355,MG2419900355,"100030",TND,"25007","2024-11-04 00:00:00.0","2024-11-04 00:00:00.0","2029-09-02 00:00:00.0","9997.00","8904414687","108","21",,"5",,"5",,TF57799,,,,0,235295,677,2,4914,0,20250930,99991231,1,1,20260325
2445881,"8904414687","8904414687","100030",TND,"1010","2004-07-01 00:00:00.0","2004-07-01 00:00:00.0",,"11112.01","8904414687","108",,,,,,,AC11100,"08005010082012536808",,A,2878682,235295,858,2,3803,-1,20250930,99991231,1,1,20260316
2630820,"8907932452","8907932452","100030",TND,"3439","2013-11-11 00:00:00.0","2013-11-11 00:00:00.0",,"11180.01","8907932452","108",,,,,,,AC43900,,,A,2878682,235295,859,2,4854,0,20250930,99991231,1,1,20260316
2682270,"8908955634","8908955634","100030",TND,"6500","2014-06-03 00:00:00.0","2014-06-03 00:00:00.0",,"11119.01","8908955634","224",,,,,,,AC11100,"08067022044001322868",,A,2878682,235295,858,2,4682,-1,20250930,99991231,1,1,20260316
2948925,"8914052727","8914052727","1000300",TND,"6500","2017-02-13 00:00:00.0","2017-02-13 00:00:00.0",,"11119.01","8914052727","37",,,,,,,AC11100,"08508000374011498079",,A,2878682,944948,858,2,4682,-1,20250930,99991231,1,1,20260316
3096390,"8914298057","8914298057","1000301",TND,"3439","2017-03-28 00:00:00.0","2017-03-28 00:00:00.0",,"11180.01","8914298057","136",,,,,,,AC43900,,,A,2878682,948970,859,2,4854,0,20250930,99991231,1,1,20260316
3169959,"8917910457","8917910457","1000301",TND,"6500","2019-02-04 00:00:00.0","2019-02-04 00:00:00.0",,"11119.01","8917910457","136",,,,,,,AC11100,"08039013064003551018",,A,2878682,948970,858,2,4682,-1,20250930,99991231,1,1,20260316
2950039,"8914052824","8914052824","1000305",TND,"1010","2017-02-13 00:00:00.0","2017-02-13 00:00:00.0",,"11113.01","8914052824","118",,,,,,,AC11100,"08026011082004689774",,A,2878682,945194,858,2,3803,-1,20250930,99991231,1,1,20260316
3418540,"8924673312","8924673312","1000305",TND,"3439","2022-11-28 00:00:00.0","2022-11-28 00:00:00.0",,"11180.01","8924673312","118",,,,,,,AC43900,,,A,2878682,945194,859,2,4854,0,20250930,99991231,1,1,20260316
3501413,"8924903628","8924903628","1000305",TND,"3077","2023-02-15 00:00:00.0","2023-02-15 00:00:00.0",,"11119.01","8924903628","118",,,,,,,AC11100,,,A,2878682,945194,858,2,5968,0,20250930,99991231,1,1,20260316
2948929,"8914052786","8914052786","1000306",TND,"6003","2017-02-13 00:00:00.0","2017-02-13 00:00:00.0",,"11119.01","8914052786","4",,,,,,,AC11100,"08206000044500483981",,A,2878682,944877,858,2,4023,-1,20250930,99991231,1,1,20260316
2950048,"8914052948","8914052948","1000307",USD,"1060","2017-02-13 00:00:00.0","2017-02-13 00:00:00.0",,"11119.01","8914052948","116",,,,,,,AC11100,"08023011065102753510",,A,2878682,947950,858,18,3464,-1,20250930,99991231,1,1,20260316
2948928,"8914052778","8914052778","1000308",TND,"6003","2017-02-13 00:00:00.0","2017-02-13 00:00:00.0",,"11119.01","8914052778","235",,,,,,,AC11100,"08077023054500359286",,A,2878682,942680,858,2,4023,-1,20250930,99991231,1,1,20260316
2446920,"8904415988","8904415988","100031",TND,"1010","2004-07-13 00:00:00.0","2004-07-13 00:00:00.0",,"11113.01","8904415988","108",,,,,,,AC11100,"08005010082012544956",,A,2878682,612935,858,2,3803,-1,20250930,99991231,1,1,20260316
3102980,"8914513619","8914513619","100031",TND,"3439","2017-05-04 00:00:00.0","2017-05-04 00:00:00.0",,"11180.01","8914513619","108",,,,,,,AC43900,,,A,2878682,612935,859,2,4854,0,20250930,99991231,1,1,20260316
2950038,"8914052808","8914052808","1000310",TND,"1010","2017-02-13 00:00:00.0","2017-02-13 00:00:00.0",,"11112.01","8914052808","313",,,,,,,AC11100,"08140031032000311226",,A,2878682,941632,858,2,3803,-1,20250930,99991231,1,1,20260316
3035508,"8914712115","8914712115","1000310",TND,"3439","2017-06-08 00:00:00.0","2017-06-08 00:00:00.0",,"11180.01","8914712115","313",,,,,,,AC43900,,,A,2878682,941632,859,2,4854,0,20250930,99991231,1,1,20260316
64831,MG2205600494,MG2205600494,"1000311",TND,"25007","2022-02-25 00:00:00.0","2022-02-25 00:00:00.0","2027-04-30 00:00:00.0","55159.01","8914052794","543","21","12.257","5","6.19","5","12.5",NP57701,"90220560049400860505","15000.000",DC2205600197,-1,943827,826,2,4914,124552,20250930,99991231,1,1,20260316
2214411,PDMG2205600494,MG2205600494,"1000311",TND,"25007","2022-04-29 00:00:00.0","2022-04-29 00:00:00.0","2027-04-30 00:00:00.0","9997.01","8914052794","543","21",,"5",,"5",,NP57701,,,,0,943827,826,2,4914,0,20250930,99991231,1,1,20260325
2948930,"8914052794","8914052794","1000311",TND,"1010","2017-02-13 00:00:00.0","2017-02-13 00:00:00.0",,"11112.01","8914052794","10",,,,,,,AC11100,"08605000102010527142",,A,2878682,943827,858,2,3803,-1,20250930,99991231,1,1,20260316
3102143,"8914322608","8914322608","1000311",TND,"3439","2017-03-31 00:00:00.0","2017-03-31 00:00:00.0",,"11180.01","8914322608","10",,,,,,,AC43900,,,A,2878682,943827,859,2,4854,0,20250930,99991231,1,1,20260316
3683432,"8927874898","8927874898","1000311",TND,"3992","2025-08-29 00:00:00.0","2025-08-29 00:00:00.0",,,"8927874898","10",,,,,,,AC11100,,,,0,943827,858,2,5528,0,20250930,99991231,1,1,20260316
3000587,"8916279947","8916279947","1000312",TND,"6500","2018-02-09 00:00:00.0","2018-02-09 00:00:00.0",,"11119.01","8916279947","207",,,,,,,AC11100,"08054020074005163539",,A,2878682,941059,858,2,4682,-1,20250930,99991231,1,1,20260316
3003071,"8916406647","8916406647","1000312",TND,"3439","2018-03-01 00:00:00.0","2018-03-01 00:00:00.0",,"11180.01","8916406647","207",,,,,,,AC43900,,,A,2878682,941059,859,2,4854,0,20250930,99991231,1,1,20260316
300965,LD1724068425,LD1724068425,"1000313",TND,"21062","2017-08-28 00:00:00.0","2017-08-28 00:00:00.0","2032-08-22 00:00:00.0","55173.01","8914052848","299","21",,"2",null,null,,,,"40000",CRP1718834370.T01,-1,944089,0,2,3977,0,20250930,99991231,1,1,20260316
366531,LD2034983227,LD2034983227,"1000313",TND,"21062","2020-12-01 00:00:00.0","2020-12-01 00:00:00.0","2032-11-22 00:00:00.0","5800.01","8914052848","299","28",,"2",null,null,,,,"1333.636",,0,944089,0,2,3977,0,20250930,99991231,1,1,20260316
2219505,PDLD1724068425,LD1724068425,"1000313",TND,"21062","2019-12-22 00:00:00.0","2019-12-22 00:00:00.0","2032-08-22 00:00:00.0","9998.01","8914052848","299","21",,"5",,"5",,NP72402,,,,0,944089,181,2,3977,0,20250930,99991231,1,1,20260325
2950041,"8914052848","8914052848","1000313",TND,"1010","2017-02-13 00:00:00.0","2017-02-13 00:00:00.0",,"11112.01","8914052848","299",,,,,,,AC11100,"08300000002009199168",,A,2878682,944089,858,2,3803,-1,20250930,99991231,1,1,20260316
3077818,"8915284729","8915284729","1000313",TND,"3439","2017-08-24 00:00:00.0","2017-08-24 00:00:00.0",,"11180.01","8915284729","299",,,,,,,AC43900,,,A,2878682,944089,859,2,4854,0,20250930,99991231,1,1,20260316
123686,MG2426800286,MG2426800286,"1000314",TND,"25001","2024-09-24 00:00:00.0","2024-09-24 00:00:00.0","2027-11-10 00:00:00.0","55103.01","8914052972","27",,"14.275",,"7.99","4.75","12.74",TF49101,"90242680028600850575","6000.000",DC2426100023,-1,942186,642,2,3863,175965,20250930,99991231,1,1,20260316
2950049,"8914052972","8914052972","1000314",TND,"1010","2017-02-13 00:00:00.0","2017-02-13 00:00:00.0",,"11112.01","8914052972","27",,,,,,,AC11100,"08505000272005255852",,A,2878682,942186,858,2,3803,-1,20250930,99991231,1,1,20260316
2950042,"8914052867","8914052867","1000315",TND,"6003","2017-02-13 00:00:00.0","2017-02-13 00:00:00.0",,"11119.01","8914052867","299",,,,,,,AC11100,"08300000004500742138",,A,2878682,940813,858,2,4023,-1,20250930,99991231,1,1,20260316
2950043,"8914052883","8914052883","1000316",TND,"6500","2017-02-13 00:00:00.0","2017-02-13 00:00:00.0",,"11119.01","8914052883","12",,,,,,,AC11100,"08207000124007426142",,A,2878682,942577,858,2,4682,-1,20250930,99991231,1,1,20260316
3201293,"8918434462","8918434462","1000318",TND,"6500","2019-06-07 00:00:00.0","2019-06-07 00:00:00.0",,"11119.01","8918434462","124",,,,,,,AC11100,"08032012044002814087",,A,2878682,943244,858,2,4682,-1,20250930,99991231,1,1,20260316
3211708,"8918472496","8918472496","1000318",TND,"3439","2019-06-17 00:00:00.0","2019-06-17 00:00:00.0",,"11180.01","8918472496","124",,,,,,,AC43900,,,A,2878682,943244,859,2,4854,0,20250930,99991231,1,1,20260316
2449281,"8904419118","8904419118","100032",TND,"1010","2004-08-31 00:00:00.0","2004-08-31 00:00:00.0",,"11112.01","8904419118","108",,,,,,,AC11100,"08005010082012593747",,A,2878682,237736,858,2,3803,-1,20250930,99991231,1,1,20260316
2603208,"8907825192","8907825192","100032",TND,"3439","2013-11-11 00:00:00.0","2013-11-11 00:00:00.0",,"11180.01","8907825192","108",,,,,,,AC43900,,,A,2878682,237736,859,2,4854,0,20250930,99991231,1,1,20260316
140045,MG2518500113,MG2518500113,"1000320",TND,"25007","2025-07-04 00:00:00.0","2025-07-04 00:00:00.0","2030-08-02 00:00:00.0","55159.01","8914052891","72",,"10.364",,"7.5","2.50","10",TF57701,"90251850011300810384","31000.000",DC2518400156,-1,946885,676,2,4914,207664,20250930,99991231,1,1,20260316
2950044,"8914052891","8914052891","1000320",TND,"1010","2017-02-13 00:00:00.0","2017-02-13 00:00:00.0",,"11112.01","8914052891","72",,,,,,,AC11100,"08103000722012174160",,A,2878682,946885,858,2,3803,-1,20250930,99991231,1,1,20260316
2946106,"8914173273","8914173273","1000320",TND,"3439","2017-03-06 00:00:00.0","2017-03-06 00:00:00.0",,"11180.01","8914173273","72",,,,,,,AC43900,,,A,2878682,946885,859,2,4854,0,20250930,99991231,1,1,20260316
90661,MG2204900351,MG2204900351,"1000323",TND,"25007","2022-02-18 00:00:00.0","2022-02-18 00:00:00.0","2027-04-01 00:00:00.0","55159.01","8914053103","294","21","8.7701","2.25","6.19","2.25","9.75",NP57701,"90220490035100812344","25000.000",DC2204900150,-1,941251,826,2,4914,46356,20250930,99991231,1,1,20260316
2143166,PDMG2204900351,MG2204900351,"1000323",TND,"25007","2022-04-01 00:00:00.0","2022-04-01 00:00:00.0","2027-04-01 00:00:00.0","9997.01","8914053103","294","21",,"5",,"5",,NP57701,,,,0,941251,826,2,4914,0,20250930,99991231,1,1,20260325
2951160,"8914053103","8914053103","1000323",TND,"1010","2017-02-13 00:00:00.0","2017-02-13 00:00:00.0",,"11112.01","8914053103","294",,,,,,,AC11100,"08123029042000646013",,A,2878682,941251,858,2,3803,-1,20250930,99991231,1,1,20260316
3100666,"8914472475","8914472475","1000323",TND,"3439","2017-04-26 00:00:00.0","2017-04-26 00:00:00.0",,"11180.01","8914472475","294",,,,,,,AC43900,,,A,2878682,941251,859,2,4854,0,20250930,99991231,1,1,20260316
3339715,"8921530952","8921530952","1000323",TND,"6500","2020-06-09 00:00:00.0","2020-06-09 00:00:00.0",,"11119.01","8921530952","294",,,,,,,AC11100,"08123029044001218148",,A,2878682,941251,858,2,4682,-1,20250930,99991231,1,1,20260316
2951159,"8914053073","8914053073","1000324",TND,"1010","2017-02-13 00:00:00.0","2017-02-13 00:00:00.0",,"11112.01","8914053073","283",,,,,,,AC11100,"08113028032000976944",,A,2878682,939990,858,2,3803,-1,20250930,99991231,1,1,20260316
3322008,"8922286982","8922286982","1000324",TND,"3439","2020-12-25 00:00:00.0","2020-12-25 00:00:00.0",,"11180.01","8922286982","283",,,,,,,AC43900,,,A,2878682,939990,859,2,4854,0,20250930,99991231,1,1,20260316
44322,MG2334600273,MG2334600273,"1000325",TND,"25007","2023-12-12 00:00:00.0","2023-12-12 00:00:00.0","2029-01-03 00:00:00.0","55159.01","8914053022","4",,"11.842",,"7.99","3.25","11.24",TF57701,"90233460027300820644","30000.000",DC2334600101,-1,946998,676,2,4914,31198,20250930,99991231,1,1,20260316
2950051,"8914053022","8914053022","1000325",TND,"1010","2017-02-13 00:00:00.0","2017-02-13 00:00:00.0",,"11112.01","8914053022","4",,,,,,,AC11100,"08206000042004775443",,A,2878682,946998,858,2,3803,-1,20250930,99991231,1,1,20260316
2950052,"8914053038","8914053038","1000327",TND,"1010","2017-02-13 00:00:00.0","2017-02-13 00:00:00.0",,"11112.01","8914053038","272",,,,,,,AC11100,"08092027022000752657",,A,2878682,947043,858,2,3803,-1,20250930,99991231,1,1,20260316
2950053,"8914053065","8914053065","1000328",TND,"1010","2017-02-13 00:00:00.0","2017-02-13 00:00:00.0",,"11112.01","8914053065","252",,,,,,,AC11100,"08085025022002217675",,A,2878682,942128,858,2,3803,-1,20250930,99991231,1,1,20260316
2951161,"8914053111","8914053111","1000329",TND,"6500","2017-02-13 00:00:00.0","2017-02-13 00:00:00.0",,"11119.01","8914053111","35",,,,,,,AC11100,"08304000354010151491",,A,2878682,943785,858,2,4682,-1,20250930,99991231,1,1,20260316
2446399,"8904420458","8904420458","100033",TND,"1010","2005-08-30 00:00:00.0","2005-08-30 00:00:00.0",,"11113.01","8904420458","108",,,,,,,AC11100,"08005010082012946051",,A,2878682,603387,858,2,3803,-1,20250930,99991231,1,1,20260316
2951165,"8914053178","8914053178","1000338",TND,"6500","2017-02-13 00:00:00.0","2017-02-13 00:00:00.0",,"11119.01","8914053178","290",,,,,,,AC11100,"08129029094000447938",,A,2878682,939755,858,2,4682,-1,20250930,99991231,1,1,20260316
2951164,"8914053162","8914053162","1000339",TND,"6500","2017-02-13 00:00:00.0","2017-02-13 00:00:00.0",,"11119.01","8914053162","208",,,,,,,AC11100,"08051020084001661634",,A,2878682,941911,858,2,4682,-1,20250930,99991231,1,1,20260316
2445918,"8904425355","8904425355","100034",TND,"1010","2007-09-07 00:00:00.0","2007-09-07 00:00:00.0",,"11113.01","8904425355","108",,,,,,,AC11100,"08005010082013595951",,A,2878682,238296,858,2,3803,-1,20250930,99991231,1,1,20260316
2497096,"8905930657","8905930657","100034",TND,"6500","2012-05-23 00:00:00.0","2012-05-23 00:00:00.0",,"11119.01","8905930657","108",,,,,,,AC11100,"08005010084010701306",,A,2878682,238296,858,2,4682,-1,20250930,99991231,1,1,20260316
2951163,"8914053154","8914053154","1000341",TND,"6003","2017-02-13 00:00:00.0","2017-02-13 00:00:00.0",,"11119.01","8914053154","299",,,,,,,AC11100,"08300000004500745630",,A,2878682,945852,858,2,4023,-1,20250930,99991231,1,1,20260316
94921,MG2211100392,MG2211100392,"1000342",TND,"25007","2022-04-22 00:00:00.0","2022-04-22 00:00:00.0","2027-05-08 00:00:00.0","55171.01","8914053197","543",,"10.847",,"6.26","4","10.26",TF57799,"90221110039200870270","17000.000",DC2211000071,-1,943033,677,2,4914,8411,20250930,99991231,1,1,20260316
2161317,PDMG2211100392,MG2211100392,"1000342",TND,"25007","2022-06-08 00:00:00.0","2022-06-08 00:00:00.0","2027-05-08 00:00:00.0","9997.01","8914053197","543","21",,"5",,"5",,TF57799,,,,0,943033,677,2,4914,0,20250930,99991231,1,1,20260325
2951167,"8914053197","8914053197","1000342",TND,"1010","2017-02-13 00:00:00.0","2017-02-13 00:00:00.0",,"11112.01","8914053197","43",,,,,,,AC11100,"08702000432008390264",,A,2878682,943033,858,2,3803,-1,20250930,99991231,1,1,20260316
3020280,"8915491082","8915491082","1000342",TND,"3439","2017-09-29 00:00:00.0","2017-09-29 00:00:00.0",,"11180.01","8915491082","43",,,,,,,AC43900,,,A,2878682,943033,859,2,4854,0,20250930,99991231,1,1,20260316
3718621,"8927698731","8927698731","1000342",TND,"3992","2025-07-24 00:00:00.0","2025-07-24 00:00:00.0",,,"8927698731","43",,,,,,,AC11100,,,,0,943033,858,2,5528,0,20250930,99991231,1,1,20260316
2951168,"8914053208","8914053208","1000343",USD,"1060","2017-02-13 00:00:00.0","2017-02-13 00:00:00.0",,"11119.01","8914053208","71",,,,,,,AC11100,"08003000715117181204",,A,2878682,942565,858,18,3464,-1,20250930,99991231,1,1,20260316
3043443,"8914691657","8914691657","1000343",USD,"3981","2017-06-05 00:00:00.0","2017-06-05 00:00:00.0",,"11119.01","8914691657","71",,,,,,,AC11100,,,A,2878682,942565,858,18,5380,0,20250930,99991231,1,1,20260316
2951166,"8914053189","8914053189","1000344",TND,"6500","2017-02-13 00:00:00.0","2017-02-13 00:00:00.0",,"11119.01","8914053189","257",,,,,,,AC11100,"08089025074001454083",,A,2878682,945722,858,2,4682,-1,20250930,99991231,1,1,20260316
2951169,"8914053235","8914053235","1000345",TND,"6500","2017-02-13 00:00:00.0","2017-02-13 00:00:00.0",,"11119.01","8914053235","229",,,,,,,AC11100,"08073022094001423912",,A,2878682,941478,858,2,4682,-1,20250930,99991231,1,1,20260316
3269271,"8922521237","8922521237","1000345",TND,"3439","2021-03-11 00:00:00.0","2021-03-11 00:00:00.0",,"11180.01","8922521237","229",,,,,,,AC43900,,,A,2878682,941478,859,2,4854,0,20250930,99991231,1,1,20260316
2947877,"8914070075","8914070075","1000347",EUR,"1060","2017-02-15 00:00:00.0","2017-02-15 00:00:00.0",,"11119.01","8914070075","23",,,,,,,AC11100,"08503000235101262853",,A,2878682,946549,858,7,3464,-1,20250930,99991231,1,1,20260316
2953438,"8914053747","8914053747","1000350",TND,"6003","2017-02-13 00:00:00.0","2017-02-13 00:00:00.0",,"11119.01","8914053747","20",,,,,,,AC11100,"08500000204501472268",,A,2878682,942520,858,2,4023,-1,20250930,99991231,1,1,20260316
2951170,"8914053251","8914053251","1000351",TND,"1010","2017-02-13 00:00:00.0","2017-02-13 00:00:00.0",,"11112.01","8914053251","124",,,,,,,AC11100,"08032012042004646097",,A,2878682,946899,858,2,3803,-1,20250930,99991231,1,1,20260316
2951171,"8914053267","8914053267","1000352",TND,"1010","2017-02-13 00:00:00.0","2017-02-13 00:00:00.0",,"11112.01","8914053267","57",,,,,,,AC11100,"08204000572006529218",,A,2878682,946123,858,2,3803,-1,20250930,99991231,1,1,20260316
3039957,"8914685328","8914685328","1000352",TND,"3439","2017-06-02 00:00:00.0","2017-06-02 00:00:00.0",,"11180.01","8914685328","57",,,,,,,AC43900,,,A,2878682,946123,859,2,4854,0,20250930,99991231,1,1,20260316
3730476,"8927707021","8927707021","1000352",TND,"6500","2025-07-28 00:00:00.0","2025-07-28 00:00:00.0",,"11119.01","8927707021","57",,,,,,,AC11100,"08204000574009134667",,A,2878682,946123,858,2,4682,-1,20250930,99991231,1,1,20260316
2951173,"8914053308","8914053308","1000353",TND,"1010","2017-02-13 00:00:00.0","2017-02-13 00:00:00.0",,"11113.01","8914053308","121",,,,,,,AC11100,"08027012012001339060",,A,2878682,943651,858,2,3803,-1,20250930,99991231,1,1,20260316
2952297,"8914053391","8914053391","1000354",TND,"6003","2017-02-13 00:00:00.0","2017-02-13 00:00:00.0",,"11119.01","8914053391","4",,,,,,,AC11100,"08206000044500481265",,A,2878682,947974,858,2,4023,-1,20250930,99991231,1,1,20260316
2951172,"8914053278","8914053278","1000355",TND,"6500","2017-02-13 00:00:00.0","2017-02-13 00:00:00.0",,"11119.01","8914053278","304",,,,,,,AC11100,"08132030044001435070",,A,2878682,942512,858,2,4682,-1,20250930,99991231,1,1,20260316
2952296,"8914053383","8914053383","1000358",TND,"6500","2017-02-13 00:00:00.0","2017-02-13 00:00:00.0",,"11119.01","8914053383","44",,,,,,,AC11100,"08703000444015181266",,A,2878682,941658,858,2,4682,-1,20250930,99991231,1,1,20260316
2951174,"8914053324","8914053324","1000359",TND,"6500","2017-02-13 00:00:00.0","2017-02-13 00:00:00.0",,"11119.01","8914053324","286",,,,,,,AC11100,"08118028064001026944",,A,2878682,944312,858,2,4682,-1,20250930,99991231,1,1,20260316
127051,MG2523300297,MG2523300297,"100036",TND,"25001","2025-08-21 00:00:00.0","2025-08-21 00:00:00.0","2028-09-28 00:00:00.0","55103.01","8904361004","107",,"13.774",,"7.5","4.75","12.25",TF49109,"90252330029700801647","21000.000",DC2523300016,-1,235865,648,2,3863,206326,20250930,99991231,1,1,20260316
2107822,PDMG2523300297,MG2523300297,"100036",TND,"25001","2025-09-26 00:00:00.0","2025-09-26 00:00:00.0","2028-09-28 00:00:00.0","9997.01",,"107","21",,"5",,"5",,TF49109,,,,0,235865,648,2,3863,0,20250930,99991231,1,1,20260325
2442867,"8904361004","8904361004","100036",TND,"1010","2004-03-04 00:00:00.0","2004-03-04 00:00:00.0",,"11113.01","8904361004","107",,,,,,,AC11100,"08016010072004653366",,A,2878682,235865,858,2,3803,-1,20250930,99991231,1,1,20260316
3044723,"8914737126","8914737126","100036",TND,"6500","2017-06-13 00:00:00.0","2017-06-13 00:00:00.0",,"11119.01","8914737126","107",,,,,,,AC11100,"08016010074005106191",,A,2878682,235865,858,2,4682,-1,20250930,99991231,1,1,20260316
2991887,"8915710288","8915710288","100036",TND,"3439","2017-11-02 00:00:00.0","2017-11-02 00:00:00.0",,"11180.01","8915710288","107",,,,,,,AC43900,,,A,2878682,235865,859,2,4854,0,20250930,99991231,1,1,20260316
3056317,"8916147237","8916147237","100036",TND,"1019","2018-01-17 00:00:00.0","2018-01-17 00:00:00.0",,"11119.01","8916147237","107",,,,,,,AC11100,"08016010071306238816",,A,2878682,235865,858,2,4677,-1,20250930,99991231,1,1,20260316
3221884,"8917475335","8917475335","100036",TND,"3089","2018-10-30 00:00:00.0","2018-10-30 00:00:00.0",,,"8917475335","107",,,,,,,AC11100,,,,0,235865,858,2,4847,0,20250930,99991231,1,1,20260316
2951175,"8914053332","8914053332","1000361",TND,"6500","2017-02-13 00:00:00.0","2017-02-13 00:00:00.0",,"11119.01","8914053332","202",,,,,,,AC11100,"08047020024001456371",,A,2878682,940530,858,2,4682,-1,20250930,99991231,1,1,20260316
2952298,"8914053421","8914053421","1000365",TND,"6500","2017-02-13 00:00:00.0","2017-02-13 00:00:00.0",,"11119.01","8914053421","103",,,,,,,AC11100,"08909010034001914284",,A,2878682,940893,858,2,4682,-1,20250930,99991231,1,1,20260316
3540464,"8927114087","8927114087","1000365",TND,"1010","2025-01-22 00:00:00.0","2025-01-22 00:00:00.0",,"11112.01","8927114087","103",,,,,,,AC11100,"08909010032002377139",,A,2878682,940893,858,2,3803,-1,20250930,99991231,1,1,20260316
3546166,"8927180748","8927180748","1000365",TND,"3077","2025-02-11 00:00:00.0","2025-02-11 00:00:00.0",,"11119.01","8927180748","103",,,,,,,AC11100,,,A,2878682,940893,858,2,5968,0,20250930,99991231,1,1,20260316
2952308,"8914053553","8914053553","1000366",TND,"6003","2017-02-13 00:00:00.0","2017-02-13 00:00:00.0",,"11119.01","8914053553","20",,,,,,,AC11100,"08500000204501471492",,A,2878682,79349,858,2,4023,-1,20250930,99991231,1,1,20260316
2943859,"8914132526","8914132526","1000367",TND,"1000","2017-02-27 00:00:00.0","2017-02-27 00:00:00.0",,"11111.01","8914132526","28",,,,,,,AC11100,"08303000281001221094",,A,2878682,423067,858,2,4133,-1,20250930,99991231,1,1,20260316
3089906,"8914376368","8914376368","1000367",TND,"3077","2017-04-11 00:00:00.0","2017-04-11 00:00:00.0",,"11119.01","8914376368","28",,,,,,,AC11100,,,A,2878682,423067,858,2,5968,0,20250930,99991231,1,1,20260316
3444386,"8925140334","8925140334","1000367",TND,"3077","2023-05-18 00:00:00.0","2023-05-18 00:00:00.0",,"11119.01","8925140334","28",,,,,,,AC11100,,,A,2878682,423067,858,2,5968,0,20250930,99991231,1,1,20260316
2445069,"8904382125","8904382125","100037",TNC,"1070","2007-07-09 00:00:00.0","2007-07-09 00:00:00.0",,"11119.01","8904382125","107",,,,,,,AC11100,"08016010075000669280",,A,2878682,238089,858,21,4481,-1,20250930,99991231,1,1,20260316
2952299,"8914053437","8914053437","1000370",USD,"1060","2017-02-13 00:00:00.0","2017-02-13 00:00:00.0",,"11119.01","8914053437","71",,,,,,,AC11100,"08003000715117182077",,A,2878682,943724,858,18,3464,-1,20250930,99991231,1,1,20260316
3087434,"8914348596","8914348596","1000370",USD,"3981","2017-04-05 00:00:00.0","2017-04-05 00:00:00.0",,"11119.01","8914348596","71",,,,,,,AC11100,,,A,2878682,943724,858,18,5380,0,20250930,99991231,1,1,20260316
3070453,"8915165231","8915165231","1000370",USD,"3981","2017-08-01 00:00:00.0","2017-08-01 00:00:00.0",,"11119.01","8915165231","71",,,,,,,AC11100,,,A,2878682,943724,858,18,5380,0,20250930,99991231,1,1,20260316
3089186,"8914446385","8914446385","1000372",EUR,"1060","2017-04-24 00:00:00.0","2017-04-24 00:00:00.0",,"11119.01","8914446385","23",,,,,,,AC11100,"08503000235101173710",,A,2878682,1311608,858,7,3464,-1,20250930,99991231,1,1,20260316
2952307,"8914053545","8914053545","1000374",TND,"6500","2017-02-13 00:00:00.0","2017-02-13 00:00:00.0",,"11119.01","8914053545","295",,,,,,,AC11100,"08121029054001173569",,A,2878682,945582,858,2,4682,-1,20250930,99991231,1,1,20260316
2952304,"8914053502","8914053502","1000375",TND,"6003","2017-02-13 00:00:00.0","2017-02-13 00:00:00.0",,"11119.01","8914053502","4",,,,,,,AC11100,"08206000044500482041",,A,2878682,939758,858,2,4023,-1,20250930,99991231,1,1,20260316
2952301,"8914053464","8914053464","1000376",TND,"6500","2017-02-13 00:00:00.0","2017-02-13 00:00:00.0",,"11119.01","8914053464","298",,,,,,,AC11100,"08127029084001004857",,A,2878682,944248,858,2,4682,-1,20250930,99991231,1,1,20260316
2952303,"8914053488","8914053488","1000377",TND,"6500","2017-02-13 00:00:00.0","2017-02-13 00:00:00.0",,"11119.01","8914053488","295",,,,,,,AC11100,"08121029054001172793",,A,2878682,946806,858,2,4682,-1,20250930,99991231,1,1,20260316
2950412,"8914220085","8914220085","1000378",TND,"6500","2017-03-13 00:00:00.0","2017-03-13 00:00:00.0",,"11119.01","8914220085","208",,,,,,,AC11100,"08051020084001690055",,A,2878682,943412,858,2,4682,-1,20250930,99991231,1,1,20260316
3231755,"8917718677","8917718677","1000378",TND,"1010","2018-12-19 00:00:00.0","2018-12-19 00:00:00.0",,"11112.01","8917718677","56",,,,,,,AC11100,"08205000562006659396",,A,2878682,943412,858,2,3803,-1,20250930,99991231,1,1,20260316
3170983,"8917895617","8917895617","1000378",TND,"3439","2019-01-31 00:00:00.0","2019-01-31 00:00:00.0",,"11180.01","8917895617","56",,,,,,,AC43900,,,A,2878682,943412,859,2,4854,0,20250930,99991231,1,1,20260316
2952305,"8914053529","8914053529","1000380",TND,"6003","2017-02-13 00:00:00.0","2017-02-13 00:00:00.0",,"11119.01","8914053529","203",,,,,,,AC11100,"08053020034500172628",,A,2878682,941985,858,2,4023,-1,20250930,99991231,1,1,20260316
2952309,"8914053561","8914053561","1000381",TND,"6500","2017-02-13 00:00:00.0","2017-02-13 00:00:00.0",,"11119.01","8914053561","49",,,,,,,AC11100,"08800000494005964566",,A,2878682,947065,858,2,4682,-1,20250930,99991231,1,1,20260316
2952313,"8914053677","8914053677","1000383",TND,"6500","2017-02-13 00:00:00.0","2017-02-13 00:00:00.0",,"11119.01","8914053677","77",,,,,,,AC11100,"08107000774016251353",,A,2878682,940051,858,2,4682,-1,20250930,99991231,1,1,20260316
2952311,"8914053607","8914053607","1000384",TND,"6500","2017-02-13 00:00:00.0","2017-02-13 00:00:00.0",,"11119.01","8914053607","304",,,,,,,AC11100,"08132030044001436816",,A,2878682,947010,858,2,4682,-1,20250930,99991231,1,1,20260316
2952310,"8914053596","8914053596","1000385",TND,"6003","2017-02-13 00:00:00.0","2017-02-13 00:00:00.0",,"11119.01","8914053596","235",,,,,,,AC11100,"08077023054500360644",,A,2878682,939920,858,2,4023,-1,20250930,99991231,1,1,20260316
2953437,"8914053723","8914053723","1000386",TND,"6500","2017-02-13 00:00:00.0","2017-02-13 00:00:00.0",,"11119.01","8914053723","48",,,,,,,AC11100,"08709000484007309832",,A,2878682,943901,858,2,4682,-1,20250930,99991231,1,1,20260316
2952312,"8914053669","8914053669","1000387",USD,"1060","2017-02-13 00:00:00.0","2017-02-13 00:00:00.0",,"11119.01","8914053669","71",,,,,,,AC11100,"08003000715117183920",,A,2878682,941085,858,18,3464,-1,20250930,99991231,1,1,20260316
3045644,"8914650063","8914650063","1000387",USD,"3981","2017-05-26 00:00:00.0","2017-05-26 00:00:00.0",,"11119.01","8914650063","71",,,,,,,AC11100,,,A,2878682,941085,858,18,5380,0,20250930,99991231,1,1,20260316
2953436,"8914053685","8914053685","1000389",TND,"6500","2017-02-13 00:00:00.0","2017-02-13 00:00:00.0",,"11119.01","8914053685","37",,,,,,,AC11100,"08508000374011499825",,A,2878682,951108,858,2,4682,-1,20250930,99991231,1,1,20260316
2953442,"8914053828","8914053828","1000392",TND,"6500","2017-02-13 00:00:00.0","2017-02-13 00:00:00.0",,"11119.01","8914053828","4",,,,,,,AC11100,"08206000044005878750",,A,2878682,941897,858,2,4682,-1,20250930,99991231,1,1,20260316
107442,MG2512800327,MG2512800327,"1000394",TND,"25007","2025-05-12 00:00:00.0","2025-05-12 00:00:00.0","2030-07-01 00:00:00.0","55159.01","8914053774","38",,"10.137",,"7.5","2.25","9.75",TF57701,"90251280032700890129","20000.000",DC2509800227,-1,946184,676,2,4914,202761,20250930,99991231,1,1,20260316
2092525,PDMG2512800327,MG2512800327,"1000394",TND,"25007","2025-07-01 00:00:00.0","2025-07-01 00:00:00.0","2030-07-01 00:00:00.0","9997.01","8914053774","38","21",,"5",,"5",,TF57701,,,,0,946184,676,2,4914,0,20250930,99991231,1,1,20260325
2953439,"8914053774","8914053774","1000394",TND,"1010","2017-02-13 00:00:00.0","2017-02-13 00:00:00.0",,"11112.01","8914053774","38",,,,,,,AC11100,"08901000382006222043",,A,2878682,946184,858,2,3803,-1,20250930,99991231,1,1,20260316
2954994,"8914150168","8914150168","1000394",TND,"3439","2017-03-01 00:00:00.0","2017-03-01 00:00:00.0",,"11180.01","8914150168","38",,,,,,,AC43900,,,A,2878682,946184,859,2,4854,0,20250930,99991231,1,1,20260316
3702937,"8927445728","8927445728","1000394",TND,"6500","2025-05-12 00:00:00.0","2025-05-12 00:00:00.0",,"11119.01","8927445728","38",,,,,,,AC11100,"08901000384004725265",,A,2878682,946184,858,2,4682,-1,20250930,99991231,1,1,20260316
2953440,"8914053782","8914053782","1000395",TND,"6500","2017-02-13 00:00:00.0","2017-02-13 00:00:00.0",,"11119.01","8914053782","9",,,,,,,AC11100,"08905000094005171154",,A,2878682,945759,858,2,4682,-1,20250930,99991231,1,1,20260316
2953449,"8914054002","8914054002","1000397",TND,"6003","2017-02-13 00:00:00.0","2017-02-13 00:00:00.0",,"11119.01","8914054002","122",,,,,,,AC11100,"08030012024500356666",,A,2878682,944798,858,2,4023,-1,20250930,99991231,1,1,20260316
2953443,"8914053839","8914053839","1000398",TND,"6500","2017-02-13 00:00:00.0","2017-02-13 00:00:00.0",,"11119.01","8914053839","216",,,,,,,AC11100,"08062021064003696053",,A,2878682,941113,858,2,4682,-1,20250930,99991231,1,1,20260316
2953444,"8914053847","8914053847","1000401",USD,"1060","2017-02-13 00:00:00.0","2017-02-13 00:00:00.0",,"11119.01","8914053847","71",,,,,,,AC11100,"08003000715117184793",,A,2878682,943254,858,18,3464,-1,20250930,99991231,1,1,20260316
3078778,"8915286365","8915286365","1000401",USD,"3981","2017-08-24 00:00:00.0","2017-08-24 00:00:00.0",,"11119.01","8915286365","71",,,,,,,AC11100,,,A,2878682,943254,858,18,5380,0,20250930,99991231,1,1,20260316
2953446,"8914053917","8914053917","1000404",TND,"6003","2017-02-13 00:00:00.0","2017-02-13 00:00:00.0",,"11119.01","8914053917","52",,,,,,,AC11100,"08203000524500306679",,A,2878682,944698,858,2,4023,-1,20250930,99991231,1,1,20260316
2953451,"8914054061","8914054061","1000407",TND,"6500","2017-02-13 00:00:00.0","2017-02-13 00:00:00.0",,"11119.01","8914054061","23",,,,,,,AC11100,"08503000234012664833",,A,2878682,947669,858,2,4682,-1,20250930,99991231,1,1,20260316
3559500,"8926501233","8926501233","1000409",TND,"6500","2024-07-09 00:00:00.0","2024-07-09 00:00:00.0",,"11119.01","8926501233","291",,,,,,,AC11100,"08120029014001851064",,A,2878682,948173,858,2,4682,-1,20250930,99991231,1,1,20260316
2953452,"8914054096","8914054096","1000410",TND,"6500","2017-02-13 00:00:00.0","2017-02-13 00:00:00.0",,"11119.01","8914054096","222",,,,,,,AC11100,"08066022024001936148",,A,2878682,945867,858,2,4682,-1,20250930,99991231,1,1,20260316
2953450,"8914054053","8914054053","1000413",TND,"1010","2017-02-13 00:00:00.0","2017-02-13 00:00:00.0",,"11113.01","8914054053","75",,,,,,,AC11100,"08105000752009609922",,A,2878682,942158,858,2,3803,-1,20250930,99991231,1,1,20260316
3028719,"8915591125","8915591125","1000413",TND,"3439","2017-10-13 00:00:00.0","2017-10-13 00:00:00.0",,"11180.01","8915591125","75",,,,,,,AC43900,,,A,2878682,942158,859,2,4854,0,20250930,99991231,1,1,20260316
2954578,"8914054107","8914054107","1000415",USD,"1060","2017-02-13 00:00:00.0","2017-02-13 00:00:00.0",,"11119.01","8914054107","71",,,,,,,AC11100,"08003000715117185569",,A,2878682,945825,858,18,3464,-1,20250930,99991231,1,1,20260316
3087442,"8914348677","8914348677","1000415",USD,"3981","2017-04-05 00:00:00.0","2017-04-05 00:00:00.0",,"11119.01","8914348677","71",,,,,,,AC11100,,,A,2878682,945825,858,18,5380,0,20250930,99991231,1,1,20260316
49816,MG2521000313,MG2521000313,"1000416",TND,"25007","2025-07-29 00:00:00.0","2025-07-29 00:00:00.0","2030-09-03 00:00:00.0","55159.01","8914054118","28",,"13.322",,"7.5","4.75","12.25",TF57701,"90252100031300830378","21000.000",DC2519900063,-1,942201,676,2,4914,158243,20250930,99991231,1,1,20260316
2131342,PDMG2521000313,MG2521000313,"1000416",TND,"25007","2025-09-03 00:00:00.0","2025-09-03 00:00:00.0","2030-09-03 00:00:00.0","9997.01","8914054118","28","21",,"5",,"5",,TF57701,,,,0,942201,676,2,4914,0,20250930,99991231,1,1,20260325
2954579,"8914054118","8914054118","1000416",TND,"1010","2017-02-13 00:00:00.0","2017-02-13 00:00:00.0",,"11112.01","8914054118","28",,,,,,,AC11100,"08303000282007172010",,A,2878682,942201,858,2,3803,-1,20250930,99991231,1,1,20260316
3104254,"8914270856","8914270856","1000416",TND,"3439","2017-03-23 00:00:00.0","2017-03-23 00:00:00.0",,"11180.01","8914270856","28",,,,,,,AC43900,,,A,2878682,942201,859,2,4854,0,20250930,99991231,1,1,20260316
2954582,"8914054169","8914054169","1000418",TND,"1010","2017-02-13 00:00:00.0","2017-02-13 00:00:00.0",,"11112.01","8914054169","213",,,,,,,AC11100,"08059021032001199429",,A,2878682,946265,858,2,3803,-1,20250930,99991231,1,1,20260316
3247661,"8917147745","8917147745","1000418",TND,"3439","2018-08-28 00:00:00.0","2018-08-28 00:00:00.0",,"11180.01","8917147745","213",,,,,,,AC43900,,,A,2878682,946265,859,2,4854,0,20250930,99991231,1,1,20260316
54314,MG2108900448,MG2108900448,"1000420",TND,"25007","2021-04-07 00:00:00.0","2021-04-07 00:00:00.0","2026-04-26 00:00:00.0","55159.01","8914054142","293","21","8.5663","2","6.23","2","9.5",NP57701,"90210890044800812679","10000.000",DC2108900125,-1,946223,826,2,4914,182699,20250930,99991231,1,1,20260316
2954580,"8914054142","8914054142","1000420",TND,"1010","2017-02-13 00:00:00.0","2017-02-13 00:00:00.0",,"11112.01","8914054142","293",,,,,,,AC11100,"08126029032000619640",,A,2878682,946223,858,2,3803,-1,20250930,99991231,1,1,20260316
2954581,"8914054158","8914054158","1000421",TND,"6003","2017-02-13 00:00:00.0","2017-02-13 00:00:00.0",,"11119.01","8914054158","235",,,,,,,AC11100,"08077023054500361420",,A,2878682,946043,858,2,4023,-1,20250930,99991231,1,1,20260316
2954584,"8914054215","8914054215","1000422",TND,"6500","2017-02-13 00:00:00.0","2017-02-13 00:00:00.0",,"11119.01","8914054215","305",,,,,,,AC11100,"08131030054000402501",,A,2878682,942898,858,2,4682,-1,20250930,99991231,1,1,20260316
2954586,"8914054274","8914054274","1000427",TND,"6500","2017-02-13 00:00:00.0","2017-02-13 00:00:00.0",,"11119.01","8914054274","24",,,,,,,AC11100,"08504000244015218264",,A,2878682,940053,858,2,4682,-1,20250930,99991231,1,1,20260316
3551633,"8927128854","8927128854","1000428",TND,"6500","2025-01-27 00:00:00.0","2025-01-27 00:00:00.0",,"11119.01","8927128854","288",,,,,,,AC11100,"08119028084002204090",,A,2878682,948001,858,2,4682,-1,20250930,99991231,1,1,20260316
2954588,"8914054312","8914054312","1000429",TND,"6500","2017-02-13 00:00:00.0","2017-02-13 00:00:00.0",,"11119.01","8914054312","309",,,,,,,AC11100,"08138030094000385015",,A,2878682,941047,858,2,4682,-1,20250930,99991231,1,1,20260316
3595165,"8926241851","8926241851","1000429",TND,"1010","2024-04-22 00:00:00.0","2024-04-22 00:00:00.0",,"11112.01","8926241851","309",,,,,,,AC11100,"08138030092001584488",,A,2878682,941047,858,2,3803,-1,20250930,99991231,1,1,20260316
266001,LD2512832600,LD2512832600,"1000430",TND,"21009","2025-05-08 00:00:00.0","2025-05-08 00:00:00.0","2027-05-08 00:00:00.0","9100.01","8927358124","23",,,,null,null,,,,"300000",,0,944430,0,2,3170,0,20250930,99991231,1,1,20260316
3752436,"8927358124","8927358124","1000430",TND,"1010","2025-04-15 00:00:00.0","2025-04-15 00:00:00.0",,"11112.01","8927358124","23",,,,,,,AC11100,"08503000232017396852",,A,2878682,944430,858,2,3803,-1,20250930,99991231,1,1,20260316
2954591,"8914054363","8914054363","1000433",TND,"6500","2017-02-13 00:00:00.0","2017-02-13 00:00:00.0",,"11119.01","8914054363","2",,,,,,,AC11100,"08400000024002030082",,A,2878682,944272,858,2,4682,-1,20250930,99991231,1,1,20260316
2954593,"8914054387","8914054387","1000434",TND,"6500","2017-02-13 00:00:00.0","2017-02-13 00:00:00.0",,"11119.01","8914054387","277",,,,,,,AC11100,"08099027074001155064",,A,2878682,944372,858,2,4682,-1,20250930,99991231,1,1,20260316
2954592,"8914054371","8914054371","1000435",TND,"6500","2017-02-13 00:00:00.0","2017-02-13 00:00:00.0",,"11119.01","8914054371","279",,,,,,,AC11100,"08098027094001226888",,A,2878682,944875,858,2,4682,-1,20250930,99991231,1,1,20260316
2955732,"8914054509","8914054509","1000439",TND,"6500","2017-02-13 00:00:00.0","2017-02-13 00:00:00.0",,"11119.01","8914054509","257",,,,,,,AC11100,"08089025074001489391",,A,2878682,943779,858,2,4682,-1,20250930,99991231,1,1,20260316
3069686,"8915222553","8915222553","1000439",TND,"3439","2017-08-14 00:00:00.0","2017-08-14 00:00:00.0",,"11180.01","8915222553","257",,,,,,,AC43900,,,A,2878682,943779,859,2,4854,0,20250930,99991231,1,1,20260316
2442368,"8904340635","8904340635","100044",TND,"1010","1998-10-30 00:00:00.0","1998-10-30 00:00:00.0",,"11112.01","8904340635","107",,,,,,,AC11100,"08016010072002476977",,A,2878682,241535,858,2,3803,-1,20250930,99991231,1,1,20260316
2444385,"8904374998","8904374998","100044",TND,"6500","2005-01-24 00:00:00.0","2005-01-24 00:00:00.0",,"11119.01","8904374998","107",,,,,,,AC11100,"08016010074003108767",,A,2878682,241535,858,2,4682,-1,20250930,99991231,1,1,20260316
2955725,"8914054417","8914054417","1000440",TND,"6003","2017-02-13 00:00:00.0","2017-02-13 00:00:00.0",,"11119.01","8914054417","68",,,,,,,AC11100,"08009000684500436457",,A,2878682,940787,858,2,4023,-1,20250930,99991231,1,1,20260316
2955729,"8914054468","8914054468","1000441",TND,"6500","2017-02-13 00:00:00.0","2017-02-13 00:00:00.0",,"11119.01","8914054468","32",,,,,,,AC11100,"08802000324010914928",,A,2878682,941149,858,2,4682,-1,20250930,99991231,1,1,20260316
2955727,"8914054444","8914054444","1000442",TND,"6500","2017-02-13 00:00:00.0","2017-02-13 00:00:00.0",,"11119.01","8914054444","135",,,,,,,AC11100,"08042013054003066029",,A,2878682,940062,858,2,4682,-1,20250930,99991231,1,1,20260316
2955731,"8914054495","8914054495","1000443",TND,"6500","2017-02-13 00:00:00.0","2017-02-13 00:00:00.0",,"11119.01","8914054495","254",,,,,,,AC11100,"08086025044001574063",,A,2878682,940063,858,2,4682,-1,20250930,99991231,1,1,20260316
2955733,"8914054525","8914054525","1000445",TND,"6003","2017-02-13 00:00:00.0","2017-02-13 00:00:00.0",,"11119.01","8914054525","68",,,,,,,AC11100,"08009000684500437233",,A,2878682,945102,858,2,4023,-1,20250930,99991231,1,1,20260316
2955735,"8914054576","8914054576","1000447",TND,"6500","2017-02-13 00:00:00.0","2017-02-13 00:00:00.0",,"11119.01","8914054576","15",,,,,,,AC11100,"08603000154004062839",,A,2878682,944857,858,2,4682,-1,20250930,99991231,1,1,20260316
2955734,"8914054541","8914054541","1000449",TND,"6003","2017-02-13 00:00:00.0","2017-02-13 00:00:00.0",,"11119.01","8914054541","235",,,,,,,AC11100,"08077023054500362293",,A,2878682,940436,858,2,4023,-1,20250930,99991231,1,1,20260316
2955739,"8914054638","8914054638","1000450",TND,"1010","2017-02-13 00:00:00.0","2017-02-13 00:00:00.0",,"11112.01","8914054638","2",,,,,,,AC11100,"08400000022003951041",,A,2878682,943852,858,2,3803,-1,20250930,99991231,1,1,20260316
2944857,"8914124566","8914124566","1000451",TND,"3439","2017-02-24 00:00:00.0","2017-02-24 00:00:00.0",,"11180.01","8914124566","56",,,,,,,AC43900,,,A,2878682,945306,859,2,4854,0,20250930,99991231,1,1,20260316
3011405,"8916572566","8916572566","1000451",TND,"6500","2018-04-02 00:00:00.0","2018-04-02 00:00:00.0",,"11119.01","8916572566","56",,,,,,,AC11100,"08205000564004201154",,A,2878682,945306,858,2,4682,-1,20250930,99991231,1,1,20260316
2955738,"8914054622","8914054622","1000453",TND,"1010","2017-02-13 00:00:00.0","2017-02-13 00:00:00.0",,"11112.01","8914054622","298",,,,,,,AC11100,"08127029082001304073",,A,2878682,947965,858,2,3803,-1,20250930,99991231,1,1,20260316
2955741,"8914054681","8914054681","1000453",EUR,"1060","2017-02-13 00:00:00.0","2017-02-13 00:00:00.0",,"11119.01","8914054681","298",,,,,,,AC11100,"08127029085100051620",,A,2878682,947965,858,7,3464,-1,20250930,99991231,1,1,20260316
2944941,"8914138109","8914138109","1000455",TND,"3439","2017-02-27 00:00:00.0","2017-02-27 00:00:00.0",,"11180.01","8914138109","15",,,,,,,AC43900,,,A,2878682,942055,859,2,4854,0,20250930,99991231,1,1,20260316
3035466,"8914709807","8914709807","1000455",TND,"6500","2017-06-08 00:00:00.0","2017-06-08 00:00:00.0",,"11119.01","8914709807","15",,,,,,,AC11100,"08603000154003834889",,A,2878682,942055,858,2,4682,-1,20250930,99991231,1,1,20260316
3128809,"8918268821","8918268821","1000455",TND,"1010","2019-04-15 00:00:00.0","2019-04-15 00:00:00.0",,"11112.01","8918268821","108",,,,,,,AC11100,"08005010082030517019",,A,2878682,942055,858,2,3803,-1,20250930,99991231,1,1,20260316
3208324,"8918482987","8918482987","1000455",TND,"3439","2019-06-19 00:00:00.0","2019-06-19 00:00:00.0",,"11180.01","8918482987","108",,,,,,,AC43900,,,A,2878682,942055,859,2,4854,0,20250930,99991231,1,1,20260316
3535759,"8923690574","8923690574","1000456",TND,"6500","2022-02-04 00:00:00.0","2022-02-04 00:00:00.0",,"11119.01","8923690574","236",,,,,,,AC11100,"08079023064003676758",,A,2878682,942148,858,2,4682,-1,20250930,99991231,1,1,20260316
2956884,"8914054727","8914054727","1000457",TNC,"1009","2017-02-13 00:00:00.0","2017-02-13 00:00:00.0",,"11119.01","8914054727","254",,,,,,,AC11100,"08086025045200064062",,A,2878682,947673,858,21,4445,-1,20250930,99991231,1,1,20260316
184437,LD2516852439,LD2516852439,"100046",TND,"21007","2025-06-17 00:00:00.0","2025-06-17 00:00:00.0","2025-09-17 00:00:00.0","9100.01","8925634418","316",,,,null,null,,,,"400000",,0,446072,0,2,3772,0,20250930,99991231,1,1,20260316
2447521,"8904408914","8904408914","100046",TND,"6500","1983-10-04 00:00:00.0","1983-10-04 00:00:00.0",,"11119.01","8904408914","108",,,,,,,AC11100,"08005010084000942912",,A,2878682,446072,858,2,4682,-1,20250930,99991231,1,1,20260316
3675019,"8925634418","8925634418","100046",TND,"1010","2023-10-16 00:00:00.0","2023-10-16 00:00:00.0",,"11113.01","8925634418","316",,,,,,,AC11100,"08144031062001210574",,A,2878682,446072,858,2,3803,-1,20250930,99991231,1,1,20260316
3594218,"8926252608","8926252608","100046",TND,"6500","2024-04-25 00:00:00.0","2024-04-25 00:00:00.0",,"11119.01","8926252608","316",,,,,,,AC11100,"08144031064000742675",,A,2878682,446072,858,2,4682,-1,20250930,99991231,1,1,20260316
3028836,"8915623159","8915623159","1000461",TND,"1010","2017-10-19 00:00:00.0","2017-10-19 00:00:00.0",,"11113.01","8915623159","40",,,,,,,AC11100,"08700000402014005055",,A,2878682,942765,858,2,3803,-1,20250930,99991231,1,1,20260316
3025407,"8915650946","8915650946","1000461",TND,"3439","2017-10-24 00:00:00.0","2017-10-24 00:00:00.0",,"11180.01","8915650946","40",,,,,,,AC43900,,,A,2878682,942765,859,2,4854,0,20250930,99991231,1,1,20260316
3388306,"8919578034","8919578034","1000461",TND,"1019","2020-03-04 00:00:00.0","2020-03-04 00:00:00.0",,"11119.01","8919578034","40",,,,,,,AC11100,"08700000401300447738",,A,2878682,942765,858,2,4677,-1,20250930,99991231,1,1,20260316
313578,LD1711662013,LD1711662013,"1000463",TND,"21062","2017-04-26 00:00:00.0","2017-04-26 00:00:00.0","2037-04-20 00:00:00.0","55173.01","8914054789","58","21",,"2",null,null,,,,"81000",CRP1704828935.T01,-1,946988,0,2,3977,0,20250930,99991231,1,1,20260316
357708,LD2034976763,LD2034976763,"1000463",TND,"21062","2020-12-01 00:00:00.0","2020-12-01 00:00:00.0","2037-07-20 00:00:00.0","5800.01","8914054789","58","28",,"2",null,null,,,,"2477.257",,0,946988,0,2,3977,0,20250930,99991231,1,1,20260316
264871,LD2313959530,LD2313959530,"1000463",TND,"21062","2023-05-19 00:00:00.0","2023-05-19 00:00:00.0","2035-05-25 00:00:00.0","55173.01","8914054789","58","29",,"1.75",null,null,,,,"35000",CRP2230182984.T01,-1,946988,0,2,3977,0,20250930,99991231,1,1,20260316
69309,MG2325600080,MG2325600080,"1000463",TND,"25007","2023-09-13 00:00:00.0","2023-09-13 00:00:00.0","2028-10-22 00:00:00.0","55159.01","8914054789","58",,"11.088",,"8","2.50","10.50",TF57701,"90232560008000830837","5000.000",DC2325500101,-1,946988,676,2,4914,47244,20250930,99991231,1,1,20260316
2215118,PDLD1711662013,LD1711662013,"1000463",TND,"21062","2017-06-20 00:00:00.0","2017-06-20 00:00:00.0","2037-04-20 00:00:00.0","9997.01","8914054789","58","21",,"5",,"5",,NP72402,,,,0,946988,181,2,3977,0,20250930,99991231,1,1,20260325
2199951,PDLD2313959530,LD2313959530,"1000463",TND,"21062","2023-06-25 00:00:00.0","2023-06-25 00:00:00.0","2035-05-25 00:00:00.0","9997.01","8914054789","58","21",,"5",,"5",,PN72411,,,,0,946988,479,2,3977,0,20250930,99991231,1,1,20260325
2217435,PDMG2325600080,MG2325600080,"1000463",TND,"25007","2023-10-20 00:00:00.0","2023-10-20 00:00:00.0","2028-10-22 00:00:00.0","9997.01","8914054789","58","21",,"5",,"5",,TF57701,,,,0,946988,676,2,4914,0,20250930,99991231,1,1,20260325
2956887,"8914054789","8914054789","1000463",TND,"1010","2017-02-13 00:00:00.0","2017-02-13 00:00:00.0",,"11113.01","8914054789","58",,,,,,,AC11100,"08308000582002985444",,A,2878682,946988,858,2,3803,-1,20250930,99991231,1,1,20260316
3101529,"8914467064","8914467064","1000463",TND,"6500","2017-04-26 00:00:00.0","2017-04-26 00:00:00.0",,"11119.01","8914467064","58",,,,,,,AC11100,"08308000584001483719",,A,2878682,946988,858,2,4682,-1,20250930,99991231,1,1,20260316
3041793,"8914551375","8914551375","1000463",TND,"3439","2017-05-11 00:00:00.0","2017-05-11 00:00:00.0",,"11180.01","8914551375","58",,,,,,,AC43900,,,A,2878682,946988,859,2,4854,0,20250930,99991231,1,1,20260316
2956888,"8914054808","8914054808","1000464",TND,"6500","2017-02-13 00:00:00.0","2017-02-13 00:00:00.0",,"11119.01","8914054808","237",,,,,,,AC11100,"08080023074001058731",,A,2878682,944866,858,2,4682,-1,20250930,99991231,1,1,20260316
3293953,"8923143395","8923143395","1000464",EUR,"1060","2021-09-17 00:00:00.0","2021-09-17 00:00:00.0",,"11119.01","8923143395","237",,,,,,,AC11100,"08080023075100223349",,A,2878682,944866,858,7,3464,-1,20250930,99991231,1,1,20260316
2956885,"8914054762","8914054762","1000466",TND,"6500","2017-02-13 00:00:00.0","2017-02-13 00:00:00.0",,"11119.01","8914054762","61",,,,,,,AC11100,"08003000614026506128",,A,2878682,948336,858,2,4682,-1,20250930,99991231,1,1,20260316
2946881,"8914093307","8914093307","1000467",TND,"1000","2017-02-20 00:00:00.0","2017-02-20 00:00:00.0",,"11111.01","8914093307","288",,,,,,,AC11100,"08119028081000022080",,A,2878682,1341912,858,2,4133,-1,20250930,99991231,1,1,20260316
3089015,"8914412723","8914412723","1000469",TND,"1000","2017-04-17 00:00:00.0","2017-04-17 00:00:00.0",,"11111.01","8914412723","15",,,,,,,AC11100,"08603000151002376111",,A,2878682,1460647,858,2,4133,-1,20250930,99991231,1,1,20260316
72049,MG2410300323,MG2410300323,"1000472",TND,"25007","2024-04-12 00:00:00.0","2024-04-12 00:00:00.0","2029-05-28 00:00:00.0","55159.01","8914054843","55",,"10.332",,"7.96","2","9.96",TF57701,"90241030032300820177","16000.000",DC2409200009,-1,940590,676,2,4914,192563,20250930,99991231,1,1,20260316
2220404,PDMG2410300323,MG2410300323,"1000472",TND,"25007","2025-09-29 00:00:00.0","2025-09-29 00:00:00.0","2029-05-28 00:00:00.0","9997.01",,"55","21",,"5",,"5",,TF57701,,,,0,940590,676,2,4914,0,20250930,99991231,1,1,20260325
2956890,"8914054843","8914054843","1000472",TND,"1010","2017-02-13 00:00:00.0","2017-02-13 00:00:00.0",,"11112.01","8914054843","55",,,,,,,AC11100,"08201000552006592113",,A,2878682,940590,858,2,3803,-1,20250930,99991231,1,1,20260316
2957086,"8914157073","8914157073","1000472",TND,"3439","2017-03-02 00:00:00.0","2017-03-02 00:00:00.0",,"11180.01","8914157073","55",,,,,,,AC43900,,,A,2878682,940590,859,2,4854,0,20250930,99991231,1,1,20260316
3052091,"8916181125","8916181125","1000472",TND,"6500","2018-01-23 00:00:00.0","2018-01-23 00:00:00.0",,"11119.01","8916181125","55",,,,,,,AC11100,"08201000554006480883",,A,2878682,940590,858,2,4682,-1,20250930,99991231,1,1,20260316
2956892,"8914054916","8914054916","1000476",TND,"6003","2017-02-13 00:00:00.0","2017-02-13 00:00:00.0",,"11119.01","8914054916","1",,,,,,,AC11100,"08301000014500471317",,A,2878682,941348,858,2,4023,-1,20250930,99991231,1,1,20260316
2446135,"8904414892","8904414892","100048",TND,"1010","2001-01-31 00:00:00.0","2001-01-31 00:00:00.0",,"11112.01","8904414892","108",,,,,,,AC11100,"08005010082010537541",,A,2878682,239807,858,2,3803,-1,20250930,99991231,1,1,20260316
3095000,"8914471878","8914471878","100048",TND,"6500","2017-04-26 00:00:00.0","2017-04-26 00:00:00.0",,"11119.01","8914471878","114",,,,,,,AC11100,"08010011044001646471",,A,2878682,239807,858,2,4682,-1,20250930,99991231,1,1,20260316
2956894,"8914054975","8914054975","1000482",TND,"6500","2017-02-13 00:00:00.0","2017-02-13 00:00:00.0",,"11119.01","8914054975","75",,,,,,,AC11100,"08105000754009163848",,A,2878682,940186,858,2,4682,-1,20250930,99991231,1,1,20260316
3086654,"8914403902","8914403902","1000484",TND,"1000","2017-04-14 00:00:00.0","2017-04-14 00:00:00.0",,"11111.01","8914403902","70",,,,,,,AC11100,"08101000701009508046",,A,2878682,1335655,858,2,4133,-1,20250930,99991231,1,1,20260316
74324,MG2235000064,MG2235000064,"1000486",TND,"25007","2022-12-19 00:00:00.0","2022-12-19 00:00:00.0","2028-01-22 00:00:00.0","55171.01","8914055017","284",,"10.849",,"7.27","3","10.27",TF57799,"90223500006400811579","19000.000",DC2233900041,-1,942199,677,2,4914,83045,20250930,99991231,1,1,20260316
2182870,PDMG2235000064,MG2235000064,"1000486",TND,"25007","2024-11-22 00:00:00.0","2024-11-22 00:00:00.0","2028-01-22 00:00:00.0","9997.01","8914055017","284","21",,"5",,"5",,TF57799,,,,0,942199,677,2,4914,0,20250930,99991231,1,1,20260325
2956895,"8914055017","8914055017","1000486",TND,"1010","2017-02-13 00:00:00.0","2017-02-13 00:00:00.0",,"11113.01","8914055017","284",,,,,,,AC11100,"08115028042001035781",,A,2878682,942199,858,2,3803,-1,20250930,99991231,1,1,20260316
3102656,"8914462704","8914462704","1000486",TND,"3439","2017-04-25 00:00:00.0","2017-04-25 00:00:00.0",,"11180.01","8914462704","284",,,,,,,AC43900,,,A,2878682,942199,859,2,4854,0,20250930,99991231,1,1,20260316
302554,LD2107022823,LD2107022823,"100049",TND,"21062","2021-03-11 00:00:00.0","2021-03-11 00:00:00.0","2028-03-09 00:00:00.0","55172.01","8904414957","108","29",,"2",null,null,,,,"100000",CRP2104167428.T01,-1,242064,0,2,3977,0,20250930,99991231,1,1,20260316
77878,MG2116800014,MG2116800014,"100049",TND,"25005","2021-06-17 00:00:00.0","2021-06-17 00:00:00.0","2026-06-30 00:00:00.0","55171.01","8904414957","108","21","9.0488","2.25","6.25","2.25","9.75",NP57201,"90211680001400800573","100000.000",DC2116700128,-1,242064,824,2,4913,76541,20250930,99991231,1,1,20260316
2116315,PDLD2107022823,LD2107022823,"100049",TND,"21062","2021-08-09 00:00:00.0","2021-08-09 00:00:00.0","2028-03-09 00:00:00.0","9997.01","8904414957","108","21",,"5",,"5",,NP72499,,,,0,242064,182,2,3977,0,20250930,99991231,1,1,20260325
2197802,PDMG2116800014,MG2116800014,"100049",TND,"25005","2021-06-30 00:00:00.0","2021-06-30 00:00:00.0","2026-06-30 00:00:00.0","9997.01","8904414957","108","21",,"5",,"5",,NP57201,,,,0,242064,824,2,4913,0,20250930,99991231,1,1,20260325
2446138,"8904414957","8904414957","100049",TND,"1010","2000-12-08 00:00:00.0","2000-12-08 00:00:00.0",,"11113.01","8904414957","108",,,,,,,AC11100,"08005010082010566932",,A,2878682,242064,858,2,3803,-1,20250930,99991231,1,1,20260316
3395281,"8919380188","8919380188","100049",EUR,"1151","2020-01-10 00:00:00.0","2020-01-10 00:00:00.0",,"11119.01","8919380188","108",,,,,,,AC11100,"08005010085700801952",,A,2878682,242064,858,7,3797,-1,20250930,99991231,1,1,20260316
3378450,"8919422786","8919422786","100049",EUR,"3981","2020-01-24 00:00:00.0","2020-01-24 00:00:00.0",,"11119.01","8919422786","108",,,,,,,AC11100,,,A,2878682,242064,858,7,5380,0,20250930,99991231,1,1,20260316
2958021,"8914055157","8914055157","1000491",TND,"6500","2017-02-13 00:00:00.0","2017-02-13 00:00:00.0",,"11119.01","8914055157","17",,,,,,,AC11100,"08004000174090877051",,A,2878682,945290,858,2,4682,-1,20250930,99991231,1,1,20260316
2958016,"8914055084","8914055084","1000493",TND,"6500","2017-02-13 00:00:00.0","2017-02-13 00:00:00.0",,"11119.01","8914055084","106",,,,,,,AC11100,"08015010064002143226",,A,2878682,941460,858,2,4682,-1,20250930,99991231,1,1,20260316
65711,MG2301900154,MG2301900154,"1000495",TND,"25007","2023-01-19 00:00:00.0","2023-01-19 00:00:00.0","2028-02-04 00:00:00.0","55159.01","8924338424","279",,"10.837",,"7.26","3","10.26",TF57701,"90230190015400809871","12500.000",DC2301600009,-1,945682,676,2,4914,91961,20250930,99991231,1,1,20260316
2185565,PDMG2301900154,MG2301900154,"1000495",TND,"25007","2023-03-03 00:00:00.0","2023-03-03 00:00:00.0","2028-02-04 00:00:00.0","9997.01","8924338424","279","21",,"5",,"5",,TF57701,,,,0,945682,676,2,4914,0,20250930,99991231,1,1,20260325
2958017,"8914055114","8914055114","1000495",TND,"6500","2017-02-13 00:00:00.0","2017-02-13 00:00:00.0",,"11119.01","8914055114","279",,,,,,,AC11100,"08098027094001228440",,A,2878682,945682,858,2,4682,-1,20250930,99991231,1,1,20260316
3454300,"8924338424","8924338424","1000495",TND,"1010","2022-08-23 00:00:00.0","2022-08-23 00:00:00.0",,"11112.01","8924338424","279",,,,,,,AC11100,"08098027092001773551",,A,2878682,945682,858,2,3803,-1,20250930,99991231,1,1,20260316
2958022,"8914055165","8914055165","1000497",TND,"6500","2017-02-13 00:00:00.0","2017-02-13 00:00:00.0",,"11119.01","8914055165","57",,,,,,,AC11100,"08204000574006461638",,A,2878682,943489,858,2,4682,-1,20250930,99991231,1,1,20260316
2958020,"8914055149","8914055149","1000498",TND,"6500","2017-02-13 00:00:00.0","2017-02-13 00:00:00.0",,"11119.01","8914055149","20",,,,,,,AC11100,"08500000204011228933",,A,2878682,943875,858,2,4682,-1,20250930,99991231,1,1,20260316
147908,MG2415200386,MG2415200386,"100050",TND,"25007","2024-05-31 00:00:00.0","2024-05-31 00:00:00.0","2029-07-28 00:00:00.0","55159.01","8906812631","80",,"13.818",,"7.97","4.75","12.72",TF57701,"90241520038600860026","40000.000",DC2414900015,-1,242257,676,2,4914,23579,20250930,99991231,1,1,20260316
2094057,PDMG2415200386,MG2415200386,"100050",TND,"25007","2024-08-28 00:00:00.0","2024-08-28 00:00:00.0","2029-07-28 00:00:00.0","9997.00","8906812631","80","21",,"5",,"5",,TF57701,,,,0,242257,676,2,4914,0,20250930,99991231,1,1,20260325
2560549,"8906812631","8906812631","100050",TND,"1010","2013-03-15 00:00:00.0","2013-03-15 00:00:00.0",,"11113.01","8906812631","80",,,,,,,AC11100,"08600000802008713820",,A,2878682,242257,858,2,3803,-1,20250930,99991231,1,1,20260316
2627512,"8907968899","8907968899","100050",TND,"3439","2013-11-11 00:00:00.0","2013-11-11 00:00:00.0",,"11180.01","8907968899","108",,,,,,,AC43900,,,A,2878682,242257,859,2,4854,0,20250930,99991231,1,1,20260316
2684824,"8908920881","8908920881","100050",TND,"6500","2014-05-27 00:00:00.0","2014-05-27 00:00:00.0",,"11119.01","8908920881","255",,,,,,,AC11100,"08084025054000651925",,A,2878682,242257,858,2,4682,-1,20250930,99991231,1,1,20260316
2877071,"8912926835","8912926835","100050",TND,"6500","2016-08-12 00:00:00.0","2016-08-12 00:00:00.0",,"11119.01","8912926835","80",,,,,,,AC11100,"08600000804015456707",,A,2878682,242257,858,2,4682,-1,20250930,99991231,1,1,20260316
2966312,"8916747099","8916747099","100050",TND,"3439","2018-05-11 00:00:00.0","2018-05-11 00:00:00.0",,"11180.01","8916747099","80",,,,,,,AC43900,,,A,2878682,242257,859,2,4854,0,20250930,99991231,1,1,20260316
2948946,"8914057141","8914057141","1000501",TND,"6003","2017-02-13 00:00:00.0","2017-02-13 00:00:00.0",,"11119.01","8914057141","9",,,,,,,AC11100,"08905000094500283210",,A,2878682,944223,858,2,4023,-1,20250930,99991231,1,1,20260316
2947010,"8914113777","8914113777","1000502",TND,"3439","2017-02-23 00:00:00.0","2017-02-23 00:00:00.0",,"11180.01","8914113777","8",,,,,,,AC43900,,,A,2878682,941392,859,2,4854,0,20250930,99991231,1,1,20260316
3001748,"8916326506","8916326506","1000502",TND,"6500","2018-02-15 00:00:00.0","2018-02-15 00:00:00.0",,"11119.01","8916326506","208",,,,,,,AC11100,"08051020084002017624",,A,2878682,941392,858,2,4682,-1,20250930,99991231,1,1,20260316
2958031,"8914055327","8914055327","1000504",TND,"6500","2017-02-13 00:00:00.0","2017-02-13 00:00:00.0",,"11119.01","8914055327","205",,,,,,,AC11100,"08050020054002074367",,A,2878682,944883,858,2,4682,-1,20250930,99991231,1,1,20260316
2958026,"8914055227","8914055227","1000505",TND,"6003","2017-02-13 00:00:00.0","2017-02-13 00:00:00.0",,"11119.01","8914055227","227",,,,,,,AC11100,"08071022074500153092",,A,2878682,940748,858,2,4023,-1,20250930,99991231,1,1,20260316
2958028,"8914055246","8914055246","1000506",TND,"1010","2017-02-13 00:00:00.0","2017-02-13 00:00:00.0",,"11112.01","8914055246","66",,,,,,,AC11100,"08006000662013822193",,A,2878682,944786,858,2,3803,-1,20250930,99991231,1,1,20260316
3066591,"8915981918","8915981918","1000506",TND,"6500","2017-12-19 00:00:00.0","2017-12-19 00:00:00.0",,"11119.01","8915981918","66",,,,,,,AC11100,"08006000664014838006",,A,2878682,944786,858,2,4682,-1,20250930,99991231,1,1,20260316
3055649,"8915988343","8915988343","1000506",TND,"3439","2017-12-20 00:00:00.0","2017-12-20 00:00:00.0",,"11180.01","8915988343","66",,,,,,,AC43900,,,A,2878682,944786,859,2,4854,0,20250930,99991231,1,1,20260316
2958025,"8914055211","8914055211","1000507",TND,"6500","2017-02-13 00:00:00.0","2017-02-13 00:00:00.0",,"11119.01","8914055211","60",,,,,,,AC11100,"08000000604001480021",,A,2878682,950565,858,2,4682,-1,20250930,99991231,1,1,20260316
2958027,"8914055238","8914055238","1000508",TND,"6500","2017-02-13 00:00:00.0","2017-02-13 00:00:00.0",,"11119.01","8914055238","127",,,,,,,AC11100,"08033012074003462146",,A,2878682,941091,858,2,4682,-1,20250930,99991231,1,1,20260316
3120802,"8919238478","8919238478","1000508",TND,"3439","2019-12-09 00:00:00.0","2019-12-09 00:00:00.0",,"11180.01","8919238478","127",,,,,,,AC43900,,,A,2878682,941091,859,2,4854,0,20250930,99991231,1,1,20260316
3553285,"8927068606","8927068606","1000508",TND,"3992","2025-01-08 00:00:00.0","2025-01-08 00:00:00.0",,,"8927068606","127",,,,,,,AC11100,,,,0,941091,858,2,5528,0,20250930,99991231,1,1,20260316
2958029,"8914055289","8914055289","1000510",TND,"6500","2017-02-13 00:00:00.0","2017-02-13 00:00:00.0",,"11119.01","8914055289","73",,,,,,,AC11100,"08102000734008331239",,A,2878682,946503,858,2,4682,-1,20250930,99991231,1,1,20260316
3099210,"8914449724","8914449724","1000511",TND,"3439","2017-04-24 00:00:00.0","2017-04-24 00:00:00.0",,"11180.01","8914449724","38",,,,,,,AC43900,,,A,2878682,944400,859,2,4854,0,20250930,99991231,1,1,20260316
3042207,"8914659125","8914659125","1000511",TND,"6500","2017-05-30 00:00:00.0","2017-05-30 00:00:00.0",,"11119.01","8914659125","38",,,,,,,AC11100,"08901000384003529740",,A,2878682,944400,858,2,4682,-1,20250930,99991231,1,1,20260316
3416357,"8924642417","8924642417","1000511",TND,"3992","2022-11-23 00:00:00.0","2022-11-23 00:00:00.0",,,"8924642417","38",,,,,,,AC11100,,,,0,944400,858,2,5528,0,20250930,99991231,1,1,20260316
69019,MG2028700426,MG2028700426,"1000513",TND,"25007","2020-10-14 00:00:00.0","2020-10-14 00:00:00.0","2025-11-28 00:00:00.0","55159.01","8914055416","11","21","11.272","3.5","6.76","3.5","11",NP57701,"90202870042600860635","25000.000",DC2028600271,-1,947653,826,2,4914,56869,20250930,99991231,1,1,20260316
2221067,PDMG2028700426,MG2028700426,"1000513",TND,"25007","2021-07-28 00:00:00.0","2021-07-28 00:00:00.0","2025-11-28 00:00:00.0","9997.01","8914055416","11","21",,"5",,"5",,NP57701,,,,0,947653,826,2,4914,0,20250930,99991231,1,1,20260325
2959136,"8914055416","8914055416","1000513",TND,"1010","2017-02-13 00:00:00.0","2017-02-13 00:00:00.0",,"11112.01","8914055416","11",,,,,,,AC11100,"08606000112004248044",,A,2878682,947653,858,2,3803,-1,20250930,99991231,1,1,20260316
3031186,"8915344624","8915344624","1000513",TND,"3439","2017-09-06 00:00:00.0","2017-09-06 00:00:00.0",,"11180.01","8915344624","11",,,,,,,AC43900,,,A,2878682,947653,859,2,4854,0,20250930,99991231,1,1,20260316
2943322,"8914055998","8914055998","1000516",TND,"6500","2017-02-13 00:00:00.0","2017-02-13 00:00:00.0",,"11119.01","8914055998","127",,,,,,,AC11100,"08033012074003463019",,A,2878682,945425,858,2,4682,-1,20250930,99991231,1,1,20260316
3493816,"8924881608","8924881608","1000516",TND,"1010","2023-02-06 00:00:00.0","2023-02-06 00:00:00.0",,"11112.01","8924881608","127",,,,,,,AC11100,"08033012072004531736",,A,2878682,945425,858,2,3803,-1,20250930,99991231,1,1,20260316
3123091,"8918260758","8918260758","1000517",TND,"3439","2019-04-12 00:00:00.0","2019-04-12 00:00:00.0",,"11180.01","8918260758","309",,,,,,,AC43900,,,A,2878682,947780,859,2,4854,0,20250930,99991231,1,1,20260316
3638832,"8926662644","8926662644","1000517",TND,"1010","2024-08-30 00:00:00.0","2024-08-30 00:00:00.0",,"11113.01","8926662644","16",,,,,,,AC11100,"08902000162015773987",,A,2878682,947780,858,2,3803,-1,20250930,99991231,1,1,20260316
2447407,"8904405346","8904405346","100052",TND,"1010","1999-09-10 00:00:00.0","1999-09-10 00:00:00.0",,"11113.01","8904405346","108",,,,,,,AC11100,"08005010082009012216",,A,2878682,604376,858,2,3803,-1,20250930,99991231,1,1,20260316
2447541,"8904447286","8904447286","100052",TND,"6500","2000-09-27 00:00:00.0","2000-09-27 00:00:00.0",,"11119.01","8904447286","108",,,,,,,AC11100,"08005010084006810733",,A,2878682,604376,858,2,4682,-1,20250930,99991231,1,1,20260316
3743434,"8927319919","8927319919","100052",TND,"1019","2025-04-03 00:00:00.0","2025-04-03 00:00:00.0",,"11119.01","8927319919","108",,,,,,,AC11100,"08005010081309012589",,A,2878682,604376,858,2,4677,-1,20250930,99991231,1,1,20260316
145822,MG2515600449,MG2515600449,"1000522",TND,"25001","2025-06-05 00:00:00.0","2025-06-05 00:00:00.0","2028-07-25 00:00:00.0","55103.01","8914056862","21",,"10.487",,"7.5","2.5","10",TF49103,"90251560044900850145","10000.000",DC2515500199,-1,943594,644,2,3863,199474,20250930,99991231,1,1,20260316
2948931,"8914056862","8914056862","1000522",TND,"1010","2017-02-13 00:00:00.0","2017-02-13 00:00:00.0",,"11112.01","8914056862","21",,,,,,,AC11100,"08501000212009774489",,A,2878682,943594,858,2,3803,-1,20250930,99991231,1,1,20260316
3103101,"8914270497","8914270497","1000522",TND,"3439","2017-03-23 00:00:00.0","2017-03-23 00:00:00.0",,"11180.01","8914270497","21",,,,,,,AC43900,,,A,2878682,943594,859,2,4854,0,20250930,99991231,1,1,20260316
86115,MG2432000428,MG2432000428,"1000523",TND,"25007","2024-11-15 00:00:00.0","2024-11-15 00:00:00.0","2030-01-03 00:00:00.0","55159.01","8914056854","216",,"11.338",,"7.99","2.75","10.74",TF57701,"90243200042800806283","19000.000",DC2432000143,-1,941267,676,2,4914,147918,20250930,99991231,1,1,20260316
2185532,PDMG2432000428,MG2432000428,"1000523",TND,"25007","2025-02-03 00:00:00.0","2025-02-03 00:00:00.0","2030-01-03 00:00:00.0","9997.01","8914056854","216","21",,"5",,"5",,TF57701,,,,0,941267,676,2,4914,0,20250930,99991231,1,1,20260325
2947831,"8914056854","8914056854","1000523",TND,"1010","2017-02-13 00:00:00.0","2017-02-13 00:00:00.0",,"11112.01","8914056854","216",,,,,,,AC11100,"08062021062003697285",,A,2878682,941267,858,2,3803,-1,20250930,99991231,1,1,20260316
3138449,"8918372688","8918372688","1000523",TND,"3439","2019-05-15 00:00:00.0","2019-05-15 00:00:00.0",,"11180.01","8918372688","216",,,,,,,AC43900,,,A,2878682,941267,859,2,4854,0,20250930,99991231,1,1,20260316
2947830,"8914056838","8914056838","1000524",TND,"6003","2017-02-13 00:00:00.0","2017-02-13 00:00:00.0",,"11119.01","8914056838","23",,,,,,,AC11100,"08503000234500848179",,A,2878682,941668,858,2,4023,-1,20250930,99991231,1,1,20260316
3402642,"8925358151","8925358151","1000525",TND,"1010","2023-07-28 00:00:00.0","2023-07-28 00:00:00.0",,"11113.01","8925358151","2",,,,,,,AC11100,"08400000022004806387",,A,2878682,945941,858,2,3803,-1,20250930,99991231,1,1,20260316
3669734,"8925498824","8925498824","1000525",TND,"3439","2023-09-08 00:00:00.0","2023-09-08 00:00:00.0",,"11180.01","8925498824","2",,,,,,,AC43900,,,A,2878682,945941,859,2,4854,0,20250930,99991231,1,1,20260316
2948932,"8914056897","8914056897","1000526",TND,"1010","2017-02-13 00:00:00.0","2017-02-13 00:00:00.0",,"11112.01","8914056897","62",,,,,,,AC11100,"08004000622011200278",,A,2878682,941718,858,2,3803,-1,20250930,99991231,1,1,20260316
2948934,"8914056927","8914056927","1000529",TND,"6500","2017-02-13 00:00:00.0","2017-02-13 00:00:00.0",,"11119.01","8914056927","233",,,,,,,AC11100,"08076023034002412063",,A,2878682,940567,858,2,4682,-1,20250930,99991231,1,1,20260316
2447518,"8904408582","8904408582","100053",TND,"1010","2003-08-25 00:00:00.0","2003-08-25 00:00:00.0",,"11113.01","8904408582","108",,,,,,,AC11100,"08005010082011923671",,A,2878682,414641,858,2,3803,-1,20250930,99991231,1,1,20260316
3543705,"8927112885","8927112885","100053",TND,"1019","2025-01-22 00:00:00.0","2025-01-22 00:00:00.0",,"11119.01","8927112885","108",,,,,,,AC11100,"08005010081311923947",,A,2878682,414641,858,2,4677,-1,20250930,99991231,1,1,20260316
2948938,"8914056978","8914056978","1000530",TND,"1010","2017-02-13 00:00:00.0","2017-02-13 00:00:00.0",,"11112.01","8914056978","48",,,,,,,AC11100,"08709000482006337184",,A,2878682,941319,858,2,3803,-1,20250930,99991231,1,1,20260316
172698,LD1902313690,LD1902313690,"1000531",TND,"21073","2019-01-23 00:00:00.0","2019-01-23 00:00:00.0","2026-01-10 00:00:00.0","55551.01","8914111618","67","21",,"2.30",null,null,,,,"120000",CRP1829948643.T01,-1,1465999,0,2,5014,0,20250930,99991231,1,1,20260316
185488,LD2036674220,LD2036674220,"1000531",TND,"21065","2020-12-31 00:00:00.0","2020-12-31 00:00:00.0","2027-12-29 00:00:00.0","55509.01","8914111618","67","21",,"1.75",null,null,,,,"500000",CRP2030863509.T01,-1,1465999,0,2,5011,0,20250930,99991231,1,1,20260316
499123,MD1907030201,MD1907030201,"1000531",TND,"28059","2019-03-05 00:00:00.0","2019-03-11 00:00:00.0","2021-11-17 00:00:00.0","11256.01","8914111618","67",,,,,,,NA23300,,"161250.000",,0,1465999,870,2,4065,0,20250930,99991231,1,1,20260316
376862,MD1924748809,MD1924748809,"1000531",TND,"28057","2019-09-04 00:00:00.0","2019-09-04 00:00:00.0","2099-12-31 00:00:00.0","11256.01","8914111618","67",,,,,,,NA23100,,"500.000",,0,1465999,868,2,3855,0,20250930,99991231,1,1,20260316
432153,MD2013900490,MD2013900490,"1000531",TND,"28059","2020-05-04 00:00:00.0","2020-05-18 00:00:00.0","2021-11-17 00:00:00.0","11256.01","8914111618","67",,,,,,,NA23300,,"38160.925",,0,1465999,870,2,4065,0,20250930,99991231,1,1,20260316
450130,MD2111957104,MD2111957104,"1000531",TND,"28060","2021-04-29 00:00:00.0","2021-04-29 00:00:00.0","2022-04-06 00:00:00.0","11256.01","8914111618","67",,,,,,,NA23400,,"91353.335",,0,1465999,871,2,3200,0,20250930,99991231,1,1,20260316
382217,MD2132389847,MD2132389847,"1000531",TND,"28059","2021-11-17 00:00:00.0","2021-11-19 00:00:00.0","2023-03-23 00:00:00.0","11256.01","8914111618","67",,,,,,,NA23300,,"85800.000",,0,1465999,870,2,4065,0,20250930,99991231,1,1,20260316
502617,MD2209859230,MD2209859230,"1000531",TND,"28059","2022-04-06 00:00:00.0","2022-04-08 00:00:00.0","2025-09-24 00:00:00.0","11256.01","8914111618","67",,,,,,,NA23300,,"52598.052",,0,1465999,870,2,4065,0,20250930,99991231,1,1,20260316
425610,MD2214567610,MD2214567610,"1000531",TND,"28050","2022-05-25 00:00:00.0","2022-05-25 00:00:00.0","2022-11-21 00:00:00.0","11246.01","8914111618","67",,,,,,,NA23500,,"46349.110",,0,1465999,872,2,3748,0,20250930,99991231,1,1,20260316
401053,MD2503587509,MD2503587509,"1000531",TND,"28059","2025-01-30 00:00:00.0","2025-02-04 00:00:00.0","2099-12-31 00:00:00.0","11256.01","8914111618","67",,,,,,,NA23300,,"458769.821",,0,1465999,870,2,4065,0,20250930,99991231,1,1,20260316
2160724,PDLD1902313690,LD1902313690,"1000531",TND,"21073","2019-02-10 00:00:00.0","2019-02-10 00:00:00.0","2026-01-10 00:00:00.0","9997.01","8914111618","67","21",,"5",,"5",,NA59540,,,,0,1465999,20,2,5014,0,20250930,99991231,1,1,20260325
2210279,PDLD2036674220,LD2036674220,"1000531",TND,"21065","2021-07-29 00:00:00.0","2021-07-29 00:00:00.0","2027-12-29 00:00:00.0","9997.01","8914111618","67","21",,"5",,"5",,NP56760,,,,0,1465999,418,2,5011,0,20250930,99991231,1,1,20260325
21426,TF2525327727,TF2525327727,"1000531",EUR,"23207","2025-09-10 00:00:00.0","2025-09-10 00:00:00.0","2026-09-10 00:00:00.0","9998.01","8914111618","67",,,,,,,,,"48927.17",,0,1465999,0,7,5201,0,20250930,99991231,1,1,20260325
2087502,TF252532772701,TF2525327727,"1000531",EUR,"23207",,"2025-09-17 00:00:00.0",,,"8914111618","67",,,,,,,,,"48927.17",,0,0,0,0,0,0,20250930,99991231,1,1,20260316
2949153,"8914111618","8914111618","1000531",TND,"1000","2017-02-23 00:00:00.0","2017-02-23 00:00:00.0",,"11111.01","8914111618","67",,,,,,,AC11100,"08008000671001995751",,A,2878682,1465999,858,2,4133,-1,20250930,99991231,1,1,20260316
2987790,"8915863688","8915863688","1000531",TND,"3998","2017-11-29 00:00:00.0","2017-11-29 00:00:00.0",,"11119.01","8915863688","67",,,,,,,AC11100,,,A,2878682,1465999,858,2,4437,0,20250930,99991231,1,1,20260316
3009628,"8916567775","8916567775","1000532",TND,"6500","2018-04-02 00:00:00.0","2018-04-02 00:00:00.0",,"11119.01","8916567775","2",,,,,,,AC11100,"08400000024002282670",,A,2878682,942778,858,2,4682,-1,20250930,99991231,1,1,20260316
2948936,"8914056951","8914056951","1000534",TND,"6500","2017-02-13 00:00:00.0","2017-02-13 00:00:00.0",,"11119.01","8914056951","60",,,,,,,AC11100,"08000000604001481961",,A,2878682,940854,858,2,4682,-1,20250930,99991231,1,1,20260316
2948940,"8914057036","8914057036","1000537",TND,"6500","2017-02-13 00:00:00.0","2017-02-13 00:00:00.0",,"11119.01","8914057036","302",,,,,,,AC11100,"08134030024000413959",,A,2878682,944401,858,2,4682,-1,20250930,99991231,1,1,20260316
2948943,"8914057109","8914057109","1000539",TND,"1010","2017-02-13 00:00:00.0","2017-02-13 00:00:00.0",,"11112.01","8914057109","7",,,,,,,AC11100,"08306000072004666036",,A,2878682,947841,858,2,3803,-1,20250930,99991231,1,1,20260316
2957341,"8914163782","8914163782","1000539",TND,"3439","2017-03-03 00:00:00.0","2017-03-03 00:00:00.0",,"11180.01","8914163782","7",,,,,,,AC43900,,,A,2878682,947841,859,2,4854,0,20250930,99991231,1,1,20260316
2960520,"8916701641","8916701641","1000539",TND,"6500","2018-05-02 00:00:00.0","2018-05-02 00:00:00.0",,"11119.01","8916701641","7",,,,,,,AC11100,"08306000074004945328",,A,2878682,947841,858,2,4682,-1,20250930,99991231,1,1,20260316
2446375,"8904410037","8904410037","100054",TND,"1010","2004-04-02 00:00:00.0","2004-04-02 00:00:00.0",,"11113.01","8904410037","108",,,,,,,AC11100,"08005010082012313611",,A,2878682,243248,858,2,3803,-1,20250930,99991231,1,1,20260316
2615546,"8907725015","8907725015","100054",TND,"3439","2013-11-11 00:00:00.0","2013-11-11 00:00:00.0",,"11180.01","8907725015","108",,,,,,,AC43900,,,A,2878682,243248,859,2,4854,0,20250930,99991231,1,1,20260316
2948947,"8914057157","8914057157","1000541",TND,"6500","2017-02-13 00:00:00.0","2017-02-13 00:00:00.0",,"11119.01","8914057157","49",,,,,,,AC11100,"08800000494005965342",,A,2878682,941061,858,2,4682,-1,20250930,99991231,1,1,20260316
2947863,"8914068496","8914068496","1000542",TND,"3439","2017-02-15 00:00:00.0","2017-02-15 00:00:00.0",,"11180.01","8914068496","1",,,,,,,AC43900,,,A,2878682,942272,859,2,4854,0,20250930,99991231,1,1,20260316
3181017,"8917240796","8917240796","1000542",TND,"3439","2018-09-17 00:00:00.0","2018-09-17 00:00:00.0",,"11180.01","8917240796","236",,,,,,,AC43900,,,A,2878682,942272,859,2,4854,0,20250930,99991231,1,1,20260316
3214568,"8917617806","8917617806","1000542",TND,"6500","2018-11-28 00:00:00.0","2018-11-28 00:00:00.0",,"11119.01","8917617806","236",,,,,,,AC11100,"08079023064003054891",,A,2878682,942272,858,2,4682,-1,20250930,99991231,1,1,20260316
2948945,"8914057125","8914057125","1000543",TND,"6500","2017-02-13 00:00:00.0","2017-02-13 00:00:00.0",,"11119.01","8914057125","254",,,,,,,AC11100,"08086025044001575809",,A,2878682,953277,858,2,4682,-1,20250930,99991231,1,1,20260316
3368376,"8921855827","8921855827","1000543",TND,"1010","2020-09-11 00:00:00.0","2020-09-11 00:00:00.0",,"11113.01","8921855827","254",,,,,,,AC11100,"08086025042003401223",,A,2878682,953277,858,2,3803,-1,20250930,99991231,1,1,20260316
144655,MG2131900443,MG2131900443,"1000544",TND,"25007","2021-11-16 00:00:00.0","2021-11-16 00:00:00.0","2026-12-05 00:00:00.0","55159.01","8914057176","212","21","12.269","5","6.24","5","12.5",NP57701,"90213190044300805754","24000.000",DC2131900008,-1,942893,826,2,4914,164019,20250930,99991231,1,1,20260316
2950054,"8914057176","8914057176","1000544",TND,"1010","2017-02-13 00:00:00.0","2017-02-13 00:00:00.0",,"11113.01","8914057176","212",,,,,,,AC11100,"08057021022001311603",,A,2878682,942893,858,2,3803,-1,20250930,99991231,1,1,20260316
428824,MD2126374212,MD2126374212,"1000545",TND,"28050","2021-09-17 00:00:00.0","2021-09-20 00:00:00.0","2022-01-28 00:00:00.0","11246.01","8914238286","32",,,,,,,NA23500,,"65.000",,0,959747,872,2,3748,0,20250930,99991231,1,1,20260316
457370,MD2127240638,MD2127240638,"1000545",TND,"28050","2021-09-28 00:00:00.0","2021-09-29 00:00:00.0","2022-01-28 00:00:00.0","11246.01","8914238286","32",,,,,,,NA23500,,"100.000",,0,959747,872,2,3748,0,20250930,99991231,1,1,20260316
453589,MD2130809469,MD2130809469,"1000545",TND,"28050","2021-11-01 00:00:00.0","2021-11-04 00:00:00.0","2022-05-23 00:00:00.0","11246.01","8914238286","32",,,,,,,NA23500,,"50.000",,0,959747,872,2,3748,0,20250930,99991231,1,1,20260316
455912,MD2130830168,MD2130830168,"1000545",TND,"28050","2021-11-01 00:00:00.0","2021-11-04 00:00:00.0","2022-05-23 00:00:00.0","11246.01","8914238286","32",,,,,,,NA23500,,"84.000",,0,959747,872,2,3748,0,20250930,99991231,1,1,20260316
2951482,"8914238286","8914238286","1000545",TND,"1000","2017-03-16 00:00:00.0","2017-03-16 00:00:00.0",,"11111.01","8914238286","32",,,,,,,AC11100,"08802000321001778988",,A,2878682,959747,858,2,4133,-1,20250930,99991231,1,1,20260316
3295008,"8923150383","8923150383","1000545",TND,"3998","2021-09-20 00:00:00.0","2021-09-20 00:00:00.0",,"11119.01","8923150383","32",,,,,,,AC11100,,,A,2878682,959747,858,2,4437,0,20250930,99991231,1,1,20260316
144712,MG2428800466,MG2428800466,"1000548",TND,"25001","2024-10-14 00:00:00.0","2024-10-14 00:00:00.0","2027-10-30 00:00:00.0","55171.01","8917495597","274",,"13.53",,"7.99","4","11.99",TF49401,"90242880046600809408","20000.000",DC2427600076,-1,947121,653,2,3863,176855,20250930,99991231,1,1,20260316
2093402,PDMG2428800466,MG2428800466,"1000548",TND,"25001","2024-12-30 00:00:00.0","2024-12-30 00:00:00.0","2027-10-30 00:00:00.0","9997.01","8917495597","274","21",,"5",,"5",,TF49401,,,,0,947121,653,2,3863,0,20250930,99991231,1,1,20260325
3006345,"8916473096","8916473096","1000548",TND,"6500","2018-03-13 00:00:00.0","2018-03-13 00:00:00.0",,"11119.01","8916473096","232",,,,,,,AC11100,"08075023024001735679",,A,2878682,947121,858,2,4682,-1,20250930,99991231,1,1,20260316
3220832,"8917495597","8917495597","1000548",TND,"1010","2018-11-02 00:00:00.0","2018-11-02 00:00:00.0",,"11113.01","8917495597","274",,,,,,,AC11100,"08094027042001193528",,A,2878682,947121,858,2,3803,-1,20250930,99991231,1,1,20260316
3230598,"8917700002","8917700002","1000548",TND,"3077","2018-12-14 00:00:00.0","2018-12-14 00:00:00.0",,"11119.01","8917700002","274",,,,,,,AC11100,,,A,2878682,947121,858,2,5968,0,20250930,99991231,1,1,20260316
3156318,"8918963058","8918963058","1000548",TND,"6500","2019-10-14 00:00:00.0","2019-10-14 00:00:00.0",,"11119.01","8918963058","274",,,,,,,AC11100,"08094027044001363210",,A,2878682,947121,858,2,4682,-1,20250930,99991231,1,1,20260316
3305530,"8922067617","8922067617","1000548",TND,"3077","2020-11-06 00:00:00.0","2020-11-06 00:00:00.0",,"11119.01","8922067617","274",,,,,,,AC11100,,,A,2878682,947121,858,2,5968,0,20250930,99991231,1,1,20260316
3103042,"8914257019","8914257019","1000550",TND,"6500","2017-03-21 00:00:00.0","2017-03-21 00:00:00.0",,"11119.01","8914257019","56",,,,,,,AC11100,"08205000564003903752",,A,2878682,944684,858,2,4682,-1,20250930,99991231,1,1,20260316
3104264,"8914271003","8914271003","1000550",TND,"3439","2017-03-23 00:00:00.0","2017-03-23 00:00:00.0",,"11180.01","8914271003","56",,,,,,,AC43900,,,A,2878682,944684,859,2,4854,0,20250930,99991231,1,1,20260316
2950062,"8914057389","8914057389","1000551",TND,"6500","2017-02-13 00:00:00.0","2017-02-13 00:00:00.0",,"11119.01","8914057389","21",,,,,,,AC11100,"08501000214095993938",,A,2878682,947969,858,2,4682,-1,20250930,99991231,1,1,20260316
2951184,"8914057753","8914057753","1000554",TND,"6500","2017-02-13 00:00:00.0","2017-02-13 00:00:00.0",,"11119.01","8914057753","53",,,,,,,AC11100,"08202000534003274019",,A,2878682,956548,858,2,4682,-1,20250930,99991231,1,1,20260316
3098100,"8914500991","8914500991","1000554",TND,"3997","2017-05-03 00:00:00.0","2017-05-03 00:00:00.0",,"11119.01","8914500991","53",,,,,,,AC11100,,,A,2878682,956548,858,2,4100,0,20250930,99991231,1,1,20260316
3178167,"8917327484","8917327484","1000554",TND,"3089","2018-10-02 00:00:00.0","2018-10-02 00:00:00.0",,,"8917327484","53",,,,,,,AC11100,,,,0,956548,858,2,4847,0,20250930,99991231,1,1,20260316
3384799,"8919646579","8919646579","1000554",TND,"1010","2020-04-17 00:00:00.0","2020-04-17 00:00:00.0",,"11113.01","8919646579","53",,,,,,,AC11100,"08202000532003824562",,A,2878682,956548,858,2,3803,-1,20250930,99991231,1,1,20260316
2950056,"8914057222","8914057222","1000555",TND,"6500","2017-02-13 00:00:00.0","2017-02-13 00:00:00.0",,"11119.01","8914057222","111",,,,,,,AC11100,"08020011014008338004",,A,2878682,946438,858,2,4682,-1,20250930,99991231,1,1,20260316
2950057,"8914057265","8914057265","1000556",TND,"6500","2017-02-13 00:00:00.0","2017-02-13 00:00:00.0",,"11119.01","8914057265","76",,,,,,,AC11100,"08106000764024628076",,A,2878682,940823,858,2,4682,-1,20250930,99991231,1,1,20260316
3088927,"8914405182","8914405182","1000557",TND,"1000","2017-04-17 00:00:00.0","2017-04-17 00:00:00.0",,"11111.01","8914405182","305",,,,,,,AC11100,"08131030051000044091",,A,2878682,939807,858,2,4133,-1,20250930,99991231,1,1,20260316
2947927,"8914078367","8914078367","1000559",TND,"6003","2017-02-16 00:00:00.0","2017-02-16 00:00:00.0",,"11119.01","8914078367","205",,,,,,,AC11100,"08050020054500168203",,A,2878682,943603,858,2,4023,-1,20250930,99991231,1,1,20260316
315270,LD1706975731,LD1706975731,"1000563",TND,"21062","2017-03-10 00:00:00.0","2017-03-10 00:00:00.0","2037-03-08 00:00:00.0","55172.01","8914057451","59","21",,"2.50",null,null,,,,"138000",CRP1704628871.T01,-1,944356,0,2,3977,0,20250930,99991231,1,1,20260316
372055,LD2035080015,LD2035080015,"1000563",TND,"21062","2020-12-01 00:00:00.0","2020-12-01 00:00:00.0","2037-06-08 00:00:00.0","5800.01","8914057451","59","28",,"2.5",null,null,,,,"4303.856",,0,944356,0,2,3977,0,20250930,99991231,1,1,20260316
2165131,PDLD1706975731,LD1706975731,"1000563",TND,"21062","2017-06-08 00:00:00.0","2017-06-08 00:00:00.0","2037-03-08 00:00:00.0","9997.01","8914057451","59","21",,"5",,"5",,NP72499,,,,0,944356,182,2,3977,0,20250930,99991231,1,1,20260325
2950064,"8914057451","8914057451","1000563",TND,"1010","2017-02-13 00:00:00.0","2017-02-13 00:00:00.0",,"11112.01","8914057451","59",,,,,,,AC11100,"08307000592005561566",,A,2878682,944356,858,2,3803,-1,20250930,99991231,1,1,20260316
2950061,"8914057354","8914057354","1000566",TND,"6500","2017-02-13 00:00:00.0","2017-02-13 00:00:00.0",,"11119.01","8914057354","216",,,,,,,AC11100,"08062021064002551938",,A,2878682,945181,858,2,4682,-1,20250930,99991231,1,1,20260316
2950059,"8914057338","8914057338","1000567",TND,"1010","2017-02-13 00:00:00.0","2017-02-13 00:00:00.0",,"11112.01","8914057338","298",,,,,,,AC11100,"08127029082001305916",,A,2878682,943208,858,2,3803,-1,20250930,99991231,1,1,20260316
3554427,"8927071337","8927071337","1000568",TND,"6500","2025-01-08 00:00:00.0","2025-01-08 00:00:00.0",,"11119.01","8927071337","276",,,,,,,AC11100,"08097027064003303462",,A,2878682,944359,858,2,4682,-1,20250930,99991231,1,1,20260316
3554432,"8927071388","8927071388","1000568",TND,"1010","2025-01-08 00:00:00.0","2025-01-08 00:00:00.0",,"11112.01","8927071388","276",,,,,,,AC11100,"08097027062002208788",,A,2878682,944359,858,2,3803,-1,20250930,99991231,1,1,20260316
2950063,"8914057397","8914057397","1000569",TND,"1010","2020-01-28 00:00:00.0","2020-01-28 00:00:00.0",,"11112.01","8914057397","67",,,,,,,AC11100,"08008000672012874655",,A,2878682,945225,858,2,3803,-1,20250930,99991231,1,1,20260316
3363321,"8921990643","8921990643","1000569",TND,"3439","2020-10-16 00:00:00.0","2020-10-16 00:00:00.0",,"11180.01","8921990643","67",,,,,,,AC43900,,,A,2878682,945225,859,2,4854,0,20250930,99991231,1,1,20260316
80709,MG2514800369,MG2514800369,"1000570",TND,"25007","2025-05-28 00:00:00.0","2025-05-28 00:00:00.0","2030-07-20 00:00:00.0","55159.01","8914059128","1",,"10.136",,"7.5","2.25","9.75",TF57701,"90251480036900830167","26000.000",DC2510600162,-1,945560,676,2,4914,133207,20250930,99991231,1,1,20260316
2182259,PDMG2514800369,MG2514800369,"1000570",TND,"25007","2025-09-22 00:00:00.0","2025-09-22 00:00:00.0","2030-07-20 00:00:00.0","9997.01","8914059128","1","21",,"5",,"5",,TF57701,,,,0,945560,676,2,4914,0,20250930,99991231,1,1,20260325
2955757,"8914059128","8914059128","1000570",TND,"1010","2017-02-13 00:00:00.0","2017-02-13 00:00:00.0",,"11140.01","8914059128","1",,,,,,,AC11100,"08301000012009362228",,A,2878682,945560,858,2,3803,-1,20250930,99991231,1,1,20260316
2946785,"8914075352","8914075352","1000570",TND,"6004","2017-02-16 00:00:00.0","2017-02-16 00:00:00.0",,"11140.01","8914075352","1",,,,,,,AC11100,"08301000014109362273",,A,2878682,945560,858,2,3614,-1,20250930,99991231,1,1,20260316
2942394,"8914077045","8914077045","1000570",TND,"3439","2017-02-16 00:00:00.0","2017-02-16 00:00:00.0",,"11180.01","8914077045","1",,,,,,,AC43900,,,A,2878682,945560,859,2,4854,0,20250930,99991231,1,1,20260316
2950067,"8914057524","8914057524","1000574",TND,"1000","2017-02-13 00:00:00.0","2017-02-13 00:00:00.0",,"11111.01","8914057524","53",,,,,,,AC11100,"08202000531000354033",,A,2878682,950708,858,2,4133,-1,20250930,99991231,1,1,20260316
77341,MG2104700488,MG2104700488,"1000578",TND,"25007","2021-02-16 00:00:00.0","2021-02-16 00:00:00.0","2026-03-26 00:00:00.0","55159.01","8914057559","307","21","10.628","3.50","6.15","3.5","11",NP57701,"90210470048800813658","6000.000",DC2104700208,-1,943911,826,2,4914,102810,20250930,99991231,1,1,20260316
2198942,PDMG2104700488,MG2104700488,"1000578",TND,"25007","2021-10-26 00:00:00.0","2021-10-26 00:00:00.0","2026-03-26 00:00:00.0","9997.01","8914057559","307","21",,"5",,"5",,NP57701,,,,0,943911,826,2,4914,0,20250930,99991231,1,1,20260325
2950069,"8914057559","8914057559","1000578",TND,"1010","2017-02-13 00:00:00.0","2017-02-13 00:00:00.0",,"11112.01","8914057559","307",,,,,,,AC11100,"08136030072000311648",,A,2878682,943911,858,2,3803,-1,20250930,99991231,1,1,20260316
3095133,"8914274452","8914274452","1000578",TND,"6500","2017-03-23 00:00:00.0","2017-03-23 00:00:00.0",,"11119.01","8914274452","307",,,,,,,AC11100,"08136030074000404603",,A,2878682,943911,858,2,4682,-1,20250930,99991231,1,1,20260316
3090677,"8914293667","8914293667","1000578",TND,"3439","2017-03-27 00:00:00.0","2017-03-27 00:00:00.0",,"11180.01","8914293667","307",,,,,,,AC43900,,,A,2878682,943911,859,2,4854,0,20250930,99991231,1,1,20260316
2950070,"8914057567","8914057567","1000579",TND,"6003","2017-02-13 00:00:00.0","2017-02-13 00:00:00.0",,"11119.01","8914057567","207",,,,,,,AC11100,"08054020074500247077",,A,2878682,942075,858,2,4023,-1,20250930,99991231,1,1,20260316
145970,MG2019100083,MG2019100083,"1000580",TND,"25007","2020-07-09 00:00:00.0","2020-07-09 00:00:00.0","2025-09-04 00:00:00.0","55159.01","8914057591","255","21","11.335","3.50","6.8","3.5","11",NP57701,"90201910008300808475","10000.000",DC2019100019,-1,944910,826,2,4914,-1,20250930,99991231,1,1,20260316
2129607,PDMG2019100083,MG2019100083,"1000580",TND,"25007","2021-06-04 00:00:00.0","2021-06-04 00:00:00.0","2025-09-04 00:00:00.0","9997.01","8914057591","255","21",,"5",,"5",,NP57701,,,,0,944910,826,2,4914,0,20250930,99991231,1,1,20260325
2951176,"8914057591","8914057591","1000580",TND,"1010","2017-02-13 00:00:00.0","2017-02-13 00:00:00.0",,"11112.01","8914057591","255",,,,,,,AC11100,"08084025052001918522",,A,2878682,944910,858,2,3803,-1,20250930,99991231,1,1,20260316
2950273,"8914114412","8914114412","1000580",TND,"3439","2017-02-23 00:00:00.0","2017-02-23 00:00:00.0",,"11180.01","8914114412","255",,,,,,,AC43900,,,A,2878682,944910,859,2,4854,0,20250930,99991231,1,1,20260316
2951178,"8914057613","8914057613","1000581",TND,"6500","2017-02-13 00:00:00.0","2017-02-13 00:00:00.0",,"11119.01","8914057613","42",,,,,,,AC11100,"08701000424024660682",,A,2878682,945489,858,2,4682,-1,20250930,99991231,1,1,20260316
165918,LD1729001101,LD1729001101,"1000584",TND,"21062","2017-10-17 00:00:00.0","2017-10-17 00:00:00.0","2026-02-02 00:00:00.0","55172.01","8914057672","9","21",,"1.75",null,null,,,,"23000",CRP1707229769.T02,-1,945395,0,2,3977,0,20250930,99991231,1,1,20260316
210281,LD1734106092,LD1734106092,"1000584",TND,"21062","2017-12-07 00:00:00.0","2017-12-07 00:00:00.0","2026-02-02 00:00:00.0","55172.01","8914057672","9","21",,"1.75",null,null,,,,"37000",CRP1707229769.T03,-1,945395,0,2,3977,0,20250930,99991231,1,1,20260316
358520,LD2034910658,LD2034910658,"1000584",TND,"21062","2020-12-01 00:00:00.0","2020-12-01 00:00:00.0","2026-01-25 00:00:00.0","5800.01","8914057672","9","28",,"1.75",null,null,,,,"1782.25",,0,945395,0,2,3977,0,20250930,99991231,1,1,20260316
358454,LD2034920039,LD2034920039,"1000584",TND,"21062","2020-12-01 00:00:00.0","2020-12-01 00:00:00.0","2026-01-25 00:00:00.0","5800.01","8914057672","9","28",,"1.75",null,null,,,,"1095.533",,0,945395,0,2,3977,0,20250930,99991231,1,1,20260316
2951182,"8914057672","8914057672","1000584",TND,"1010","2017-02-13 00:00:00.0","2017-02-13 00:00:00.0",,"11113.01","8914057672","9",,,,,,,AC11100,"08905000092005961966",,A,2878682,945395,858,2,3803,-1,20250930,99991231,1,1,20260316
3017470,"8915615617","8915615617","1000584",TND,"3439","2017-10-18 00:00:00.0","2017-10-18 00:00:00.0",,"11180.01","8915615617","9",,,,,,,AC43900,,,A,2878682,945395,859,2,4854,0,20250930,99991231,1,1,20260316
173147,LD2331162231,LD2331162231,"1000585",TND,"21063","2023-11-07 00:00:00.0","2023-11-07 00:00:00.0","2028-11-20 00:00:00.0","55551.01","8914288976","44","21",,"2.50",null,null,,,,"115000",CRP2329191135.T01,-1,933631,0,2,5182,0,20250930,99991231,1,1,20260316
175094,LD2419154770,LD2419154770,"1000585",TND,"21050","2024-07-09 00:00:00.0","2024-07-09 00:00:00.0","2024-07-16 00:00:00.0","11453.01","8914288976","44",,,,null,null,,,,"2411.278",,0,933631,0,2,3241,0,20250930,99991231,1,1,20260316
259962,LD2506643804,LD2506643804,"1000585",TND,"21050","2025-03-07 00:00:00.0","2025-03-07 00:00:00.0","2025-09-02 00:00:00.0","11453.01","8914288976","44",,,,null,null,,,,"3528.57",,0,933631,0,2,3241,0,20250930,99991231,1,1,20260316
222420,LD2507345560,LD2507345560,"1000585",TND,"21050","2025-03-14 00:00:00.0","2025-03-14 00:00:00.0","2025-09-02 00:00:00.0","11453.01","8914288976","44",,,,null,null,,,,"5206.186",,0,933631,0,2,3241,0,20250930,99991231,1,1,20260316
268371,LD2508403791,LD2508403791,"1000585",TND,"21050","2025-03-25 00:00:00.0","2025-03-25 00:00:00.0","2025-09-02 00:00:00.0","11453.01","8914288976","44",,,,null,null,,,,"3417.575",,0,933631,0,2,3241,0,20250930,99991231,1,1,20260316
251038,LD2508480074,LD2508480074,"1000585",TND,"21050","2025-03-25 00:00:00.0","2025-03-25 00:00:00.0","2025-09-01 00:00:00.0","11453.01","8914288976","44",,,,null,null,,,,"3900",,0,933631,0,2,3241,0,20250930,99991231,1,1,20260316
352905,LD2509201394,LD2509201394,"1000585",TND,"21050","2025-04-02 00:00:00.0","2025-04-02 00:00:00.0","2025-09-10 00:00:00.0","11453.01","8914288976","44",,,,null,null,,,,"3900",,0,933631,0,2,3241,0,20250930,99991231,1,1,20260316
351343,LD2509206969,LD2509206969,"1000585",TND,"21050","2025-04-02 00:00:00.0","2025-04-02 00:00:00.0","2025-09-05 00:00:00.0","11453.01","8914288976","44",,,,null,null,,,,"3900",,0,933631,0,2,3241,0,20250930,99991231,1,1,20260316
332802,LD2509224048,LD2509224048,"1000585",TND,"21050","2025-04-02 00:00:00.0","2025-04-02 00:00:00.0","2025-09-15 00:00:00.0","11453.01","8914288976","44",,,,null,null,,,,"3900",,0,933631,0,2,3241,0,20250930,99991231,1,1,20260316
341758,LD2509242104,LD2509242104,"1000585",TND,"21050","2025-04-02 00:00:00.0","2025-04-02 00:00:00.0","2025-09-08 00:00:00.0","11453.01","8914288976","44",,,,null,null,,,,"6447.04",,0,933631,0,2,3241,0,20250930,99991231,1,1,20260316
343289,LD2509279765,LD2509279765,"1000585",TND,"21050","2025-04-02 00:00:00.0","2025-04-02 00:00:00.0","2025-09-01 00:00:00.0","11453.01","8914288976","44",,,,null,null,,,,"2713.476",,0,933631,0,2,3241,0,20250930,99991231,1,1,20260316
341535,LD2509296600,LD2509296600,"1000585",TND,"21050","2025-04-02 00:00:00.0","2025-04-02 00:00:00.0","2025-09-25 00:00:00.0","11453.01","8914288976","44",,,,null,null,,,,"3880",,0,933631,0,2,3241,0,20250930,99991231,1,1,20260316
334360,LD2509298541,LD2509298541,"1000585",TND,"21050","2025-04-02 00:00:00.0","2025-04-02 00:00:00.0","2025-09-22 00:00:00.0","11453.01","8914288976","44",,,,null,null,,,,"3900",,0,933631,0,2,3241,0,20250930,99991231,1,1,20260316
172018,LD2509333047,LD2509333047,"1000585",TND,"21050","2025-04-03 00:00:00.0","2025-04-03 00:00:00.0","2025-09-30 00:00:00.0","11453.01","8914288976","44",,,,null,null,,,,"4280",,0,933631,0,2,3241,0,20250930,99991231,1,1,20260316
177649,LD2509399291,LD2509399291,"1000585",TND,"21050","2025-04-03 00:00:00.0","2025-04-03 00:00:00.0","2025-09-02 00:00:00.0","11453.01","8914288976","44",,,,null,null,,,,"2573.633",,0,933631,0,2,3241,0,20250930,99991231,1,1,20260316
180818,LD2510820906,LD2510820906,"1000585",TND,"21050","2025-04-18 00:00:00.0","2025-04-18 00:00:00.0","2025-09-22 00:00:00.0","11453.01","8914288976","44",,,,null,null,,,,"2592.938",,0,933631,0,2,3241,0,20250930,99991231,1,1,20260316
180140,LD2510825381,LD2510825381,"1000585",TND,"21050","2025-04-18 00:00:00.0","2025-04-18 00:00:00.0","2025-09-15 00:00:00.0","11453.01","8914288976","44",,,,null,null,,,,"2700",,0,933631,0,2,3241,0,20250930,99991231,1,1,20260316
192737,LD2510890022,LD2510890022,"1000585",TND,"21050","2025-04-18 00:00:00.0","2025-04-18 00:00:00.0","2025-09-10 00:00:00.0","11453.01","8914288976","44",,,,null,null,,,,"2700",,0,933631,0,2,3241,0,20250930,99991231,1,1,20260316
298390,LD2511440461,LD2511440461,"1000585",TND,"21050","2025-04-24 00:00:00.0","2025-04-24 00:00:00.0","2025-09-02 00:00:00.0","11453.01","8914288976","44",,,,null,null,,,,"2300",,0,933631,0,2,3241,0,20250930,99991231,1,1,20260316
305590,LD2511480097,LD2511480097,"1000585",TND,"21050","2025-04-24 00:00:00.0","2025-04-24 00:00:00.0","2026-02-02 00:00:00.0","11453.01","8914288976","44",,,,null,null,,,,"2200",,0,933631,0,2,3241,0,20250930,99991231,1,1,20260316
337922,LD2511801375,LD2511801375,"1000585",TND,"21050","2025-04-28 00:00:00.0","2025-04-28 00:00:00.0","2026-02-02 00:00:00.0","11453.01","8914288976","44",,,,null,null,,,,"4280",,0,933631,0,2,3241,0,20250930,99991231,1,1,20260316
327190,LD2511801661,LD2511801661,"1000585",TND,"21050","2025-04-28 00:00:00.0","2025-04-28 00:00:00.0","2025-09-22 00:00:00.0","11453.01","8914288976","44",,,,null,null,,,,"2736.83",,0,933631,0,2,3241,0,20250930,99991231,1,1,20260316
321925,LD2511835516,LD2511835516,"1000585",TND,"21050","2025-04-28 00:00:00.0","2025-04-28 00:00:00.0","2026-02-02 00:00:00.0","11453.01","8914288976","44",,,,null,null,,,,"4280",,0,933631,0,2,3241,0,20250930,99991231,1,1,20260316
321497,LD2511849986,LD2511849986,"1000585",TND,"21050","2025-04-28 00:00:00.0","2025-04-28 00:00:00.0","2026-02-02 00:00:00.0","11453.01","8914288976","44",,,,null,null,,,,"4280",,0,933631,0,2,3241,0,20250930,99991231,1,1,20260316
326632,LD2511867957,LD2511867957,"1000585",TND,"21050","2025-04-28 00:00:00.0","2025-04-28 00:00:00.0","2025-09-01 00:00:00.0","11453.01","8914288976","44",,,,null,null,,,,"18466.403",,0,933631,0,2,3241,0,20250930,99991231,1,1,20260316
232867,LD2511948019,LD2511948019,"1000585",TND,"21050","2025-04-29 00:00:00.0","2025-04-29 00:00:00.0","2025-09-02 00:00:00.0","11453.01","8914288976","44",,,,null,null,,,,"7508.733",,0,933631,0,2,3241,0,20250930,99991231,1,1,20260316
339695,LD2512006730,LD2512006730,"1000585",TND,"21050","2025-04-30 00:00:00.0","2025-04-30 00:00:00.0","2026-02-02 00:00:00.0","11453.01","8914288976","44",,,,null,null,,,,"12182.606",,0,933631,0,2,3241,0,20250930,99991231,1,1,20260316
339174,LD2512072923,LD2512072923,"1000585",TND,"21050","2025-04-30 00:00:00.0","2025-04-30 00:00:00.0","2025-09-26 00:00:00.0","11453.01","8914288976","44",,,,null,null,,,,"3787.392",,0,933631,0,2,3241,0,20250930,99991231,1,1,20260316
190072,LD2512600567,LD2512600567,"1000585",TND,"21050","2025-05-06 00:00:00.0","2025-05-06 00:00:00.0","2025-09-22 00:00:00.0","11453.01","8914288976","44",,,,null,null,,,,"2240",,0,933631,0,2,3241,0,20250930,99991231,1,1,20260316
191829,LD2512615463,LD2512615463,"1000585",TND,"21050","2025-05-06 00:00:00.0","2025-05-06 00:00:00.0","2026-02-02 00:00:00.0","11453.01","8914288976","44",,,,null,null,,,,"2713.808",,0,933631,0,2,3241,0,20250930,99991231,1,1,20260316
193179,LD2512625748,LD2512625748,"1000585",TND,"21050","2025-05-06 00:00:00.0","2025-05-06 00:00:00.0","2025-09-18 00:00:00.0","11453.01","8914288976","44",,,,null,null,,,,"2713.809",,0,933631,0,2,3241,0,20250930,99991231,1,1,20260316
212229,LD2512640119,LD2512640119,"1000585",TND,"21050","2025-05-06 00:00:00.0","2025-05-06 00:00:00.0","2025-09-30 00:00:00.0","11453.01","8914288976","44",,,,null,null,,,,"906.526",,0,933631,0,2,3241,0,20250930,99991231,1,1,20260316
195371,LD2512669785,LD2512669785,"1000585",TND,"21050","2025-05-06 00:00:00.0","2025-05-06 00:00:00.0","2025-09-02 00:00:00.0","11453.01","8914288976","44",,,,null,null,,,,"1505.895",,0,933631,0,2,3241,0,20250930,99991231,1,1,20260316
253687,LD2512997600,LD2512997600,"1000585",TND,"21050","2025-05-09 00:00:00.0","2025-05-09 00:00:00.0","2026-02-02 00:00:00.0","11453.01","8914288976","44",,,,null,null,,,,"4500",,0,933631,0,2,3241,0,20250930,99991231,1,1,20260316
239454,LD2514003890,LD2514003890,"1000585",TND,"21050","2025-05-20 00:00:00.0","2025-05-20 00:00:00.0","2025-09-22 00:00:00.0","11453.01","8914288976","44",,,,null,null,,,,"1200",,0,933631,0,2,3241,0,20250930,99991231,1,1,20260316
240974,LD2514076266,LD2514076266,"1000585",TND,"21050","2025-05-20 00:00:00.0","2025-05-20 00:00:00.0","2026-02-02 00:00:00.0","11453.01","8914288976","44",,,,null,null,,,,"489.249",,0,933631,0,2,3241,0,20250930,99991231,1,1,20260316
281496,LD2514709120,LD2514709120,"1000585",TND,"21050","2025-05-27 00:00:00.0","2025-05-27 00:00:00.0","2025-09-30 00:00:00.0","11453.01","8914288976","44",,,,null,null,,,,"2211.342",,0,933631,0,2,3241,0,20250930,99991231,1,1,20260316
223019,LD2514756540,LD2514756540,"1000585",TND,"21050","2025-05-27 00:00:00.0","2025-05-27 00:00:00.0","2026-02-02 00:00:00.0","11453.01","8914288976","44",,,,null,null,,,,"4445.678",,0,933631,0,2,3241,0,20250930,99991231,1,1,20260316
282587,LD2514762872,LD2514762872,"1000585",TND,"21050","2025-05-27 00:00:00.0","2025-05-27 00:00:00.0","2025-09-15 00:00:00.0","11453.01","8914288976","44",,,,null,null,,,,"1227",,0,933631,0,2,3241,0,20250930,99991231,1,1,20260316
172777,LD2514790100,LD2514790100,"1000585",TND,"21050","2025-05-27 00:00:00.0","2025-05-27 00:00:00.0","2025-09-29 00:00:00.0","11453.01","8914288976","44",,,,null,null,,,,"1229.568",,0,933631,0,2,3241,0,20250930,99991231,1,1,20260316
337506,LD2514904000,LD2514904000,"1000585",TND,"21050","2025-05-29 00:00:00.0","2025-05-29 00:00:00.0","2026-02-02 00:00:00.0","11453.01","8914288976","44",,,,null,null,,,,"4480",,0,933631,0,2,3241,0,20250930,99991231,1,1,20260316
318742,LD2514921876,LD2514921876,"1000585",TND,"21050","2025-05-29 00:00:00.0","2025-05-29 00:00:00.0","2026-02-02 00:00:00.0","11453.01","8914288976","44",,,,null,null,,,,"1310",,0,933631,0,2,3241,0,20250930,99991231,1,1,20260316
320623,LD2514949906,LD2514949906,"1000585",TND,"21050","2025-05-29 00:00:00.0","2025-05-29 00:00:00.0","2026-02-02 00:00:00.0","11453.01","8914288976","44",,,,null,null,,,,"4480",,0,933631,0,2,3241,0,20250930,99991231,1,1,20260316
320188,LD2514971204,LD2514971204,"1000585",TND,"21050","2025-05-29 00:00:00.0","2025-05-29 00:00:00.0","2025-09-08 00:00:00.0","11453.01","8914288976","44",,,,null,null,,,,"3921.74",,0,933631,0,2,3241,0,20250930,99991231,1,1,20260316
319519,LD2514991794,LD2514991794,"1000585",TND,"21050","2025-05-29 00:00:00.0","2025-05-29 00:00:00.0","2026-02-02 00:00:00.0","11453.01","8914288976","44",,,,null,null,,,,"3029.885",,0,933631,0,2,3241,0,20250930,99991231,1,1,20260316
277259,LD2515325209,LD2515325209,"1000585",TND,"21050","2025-06-02 00:00:00.0","2025-06-02 00:00:00.0","2025-09-18 00:00:00.0","11453.01","8914288976","44",,,,null,null,,,,"3298.229",,0,933631,0,2,3241,0,20250930,99991231,1,1,20260316
354348,LD2515333207,LD2515333207,"1000585",TND,"21050","2025-06-02 00:00:00.0","2025-06-02 00:00:00.0","2026-02-02 00:00:00.0","11453.01","8914288976","44",,,,null,null,,,,"2240",,0,933631,0,2,3241,0,20250930,99991231,1,1,20260316
352588,LD2515341000,LD2515341000,"1000585",TND,"21050","2025-06-02 00:00:00.0","2025-06-02 00:00:00.0","2026-02-02 00:00:00.0","11453.01","8914288976","44",,,,null,null,,,,"2240",,0,933631,0,2,3241,0,20250930,99991231,1,1,20260316
352587,LD2515350196,LD2515350196,"1000585",TND,"21050","2025-06-02 00:00:00.0","2025-06-02 00:00:00.0","2026-02-02 00:00:00.0","11453.01","8914288976","44",,,,null,null,,,,"914.506",,0,933631,0,2,3241,0,20250930,99991231,1,1,20260316
277038,LD2515394427,LD2515394427,"1000585",TND,"21050","2025-06-02 00:00:00.0","2025-06-02 00:00:00.0","2026-02-02 00:00:00.0","11453.01","8914288976","44",,,,null,null,,,,"5770.809",,0,933631,0,2,3241,0,20250930,99991231,1,1,20260316
306412,LD2515524282,LD2515524282,"1000585",TND,"21050","2025-06-04 00:00:00.0","2025-06-04 00:00:00.0","2026-02-02 00:00:00.0","11453.01","8914288976","44",,,,null,null,,,,"945.384",,0,933631,0,2,3241,0,20250930,99991231,1,1,20260316
218491,LD2515608750,LD2515608750,"1000585",TND,"21050","2025-06-05 00:00:00.0","2025-06-05 00:00:00.0","2025-09-08 00:00:00.0","11453.01","8914288976","44",,,,null,null,,,,"5085.014",,0,933631,0,2,3241,0,20250930,99991231,1,1,20260316
217605,LD2515666551,LD2515666551,"1000585",TND,"21050","2025-06-05 00:00:00.0","2025-06-05 00:00:00.0","2026-02-02 00:00:00.0","11453.01","8914288976","44",,,,null,null,,,,"1713.206",,0,933631,0,2,3241,0,20250930,99991231,1,1,20260316
217398,LD2515684262,LD2515684262,"1000585",TND,"21050","2025-06-05 00:00:00.0","2025-06-05 00:00:00.0","2025-09-01 00:00:00.0","11453.01","8914288976","44",,,,null,null,,,,"630.748",,0,933631,0,2,3241,0,20250930,99991231,1,1,20260316
160102,LD2516110398,LD2516110398,"1000585",TND,"21050","2025-06-10 00:00:00.0","2025-06-10 00:00:00.0","2026-02-02 00:00:00.0","11453.01","8914288976","44",,,,null,null,,,,"4407.684",,0,933631,0,2,3241,0,20250930,99991231,1,1,20260316
160071,LD2516139805,LD2516139805,"1000585",TND,"21050","2025-06-10 00:00:00.0","2025-06-10 00:00:00.0","2026-02-02 00:00:00.0","11453.01","8914288976","44",,,,null,null,,,,"1002.664",,0,933631,0,2,3241,0,20250930,99991231,1,1,20260316
160545,LD2516149966,LD2516149966,"1000585",TND,"21050","2025-06-10 00:00:00.0","2025-06-10 00:00:00.0","2026-02-02 00:00:00.0","11453.01","8914288976","44",,,,null,null,,,,"4573.03",,0,933631,0,2,3241,0,20250930,99991231,1,1,20260316
161167,LD2516154317,LD2516154317,"1000585",TND,"21050","2025-06-10 00:00:00.0","2025-06-10 00:00:00.0","2026-02-02 00:00:00.0","11453.01","8914288976","44",,,,null,null,,,,"11414.464",,0,933631,0,2,3241,0,20250930,99991231,1,1,20260316
158969,LD2516172743,LD2516172743,"1000585",TND,"21050","2025-06-10 00:00:00.0","2025-06-10 00:00:00.0","2026-02-02 00:00:00.0","11453.01","8914288976","44",,,,null,null,,,,"1068",,0,933631,0,2,3241,0,20250930,99991231,1,1,20260316
158884,LD2516183448,LD2516183448,"1000585",TND,"21050","2025-06-10 00:00:00.0","2025-06-10 00:00:00.0","2026-02-02 00:00:00.0","11453.01","8914288976","44",,,,null,null,,,,"1070.906",,0,933631,0,2,3241,0,20250930,99991231,1,1,20260316
208895,LD2516316983,LD2516316983,"1000585",TND,"21050","2025-06-12 00:00:00.0","2025-06-12 00:00:00.0","2026-02-02 00:00:00.0","11453.01","8914288976","44",,,,null,null,,,,"4000",,0,933631,0,2,3241,0,20250930,99991231,1,1,20260316
208674,LD2516347500,LD2516347500,"1000585",TND,"21050","2025-06-12 00:00:00.0","2025-06-12 00:00:00.0","2026-02-02 00:00:00.0","11453.01","8914288976","44",,,,null,null,,,,"4480",,0,933631,0,2,3241,0,20250930,99991231,1,1,20260316
208449,LD2516381089,LD2516381089,"1000585",TND,"21050","2025-06-12 00:00:00.0","2025-06-12 00:00:00.0","2026-02-02 00:00:00.0","11453.01","8914288976","44",,,,null,null,,,,"1065.912",,0,933631,0,2,3241,0,20250930,99991231,1,1,20260316
256019,LD2517074343,LD2517074343,"1000585",TND,"21060","2025-06-19 00:00:00.0","2025-06-19 00:00:00.0","2025-09-01 00:00:00.0","11412.01","8914288976","44",,,,null,null,,,,"54000",,0,933631,0,2,4609,0,20250930,99991231,1,1,20260316
166947,LD2517107880,LD2517107880,"1000585",TND,"21050","2025-06-20 00:00:00.0","2025-06-20 00:00:00.0","2026-02-02 00:00:00.0","11453.01","8914288976","44",,,,null,null,,,,"2650",,0,933631,0,2,3241,0,20250930,99991231,1,1,20260316
245308,LD2517108051,LD2517108051,"1000585",TND,"21050","2025-06-20 00:00:00.0","2025-06-20 00:00:00.0","2026-02-02 00:00:00.0","11453.01","8914288976","44",,,,null,null,,,,"2650",,0,933631,0,2,3241,0,20250930,99991231,1,1,20260316
272697,LD2517114414,LD2517114414,"1000585",TND,"21050","2025-06-20 00:00:00.0","2025-06-20 00:00:00.0","2026-02-02 00:00:00.0","11453.01","8914288976","44",,,,null,null,,,,"4000",,0,933631,0,2,3241,0,20250930,99991231,1,1,20260316
245096,LD2517156660,LD2517156660,"1000585",TND,"21050","2025-06-20 00:00:00.0","2025-06-20 00:00:00.0","2026-02-02 00:00:00.0","11453.01","8914288976","44",,,,null,null,,,,"4000",,0,933631,0,2,3241,0,20250930,99991231,1,1,20260316
248715,LD2517159026,LD2517159026,"1000585",TND,"21050","2025-06-20 00:00:00.0","2025-06-20 00:00:00.0","2025-09-16 00:00:00.0","11453.01","8914288976","44",,,,null,null,,,,"2000",,0,933631,0,2,3241,0,20250930,99991231,1,1,20260316
245090,LD2517160003,LD2517160003,"1000585",TND,"21050","2025-06-20 00:00:00.0","2025-06-20 00:00:00.0","2026-02-02 00:00:00.0","11453.01","8914288976","44",,,,null,null,,,,"1650",,0,933631,0,2,3241,0,20250930,99991231,1,1,20260316
282687,LD2517176160,LD2517176160,"1000585",TND,"21050","2025-06-20 00:00:00.0","2025-06-20 00:00:00.0","2025-09-02 00:00:00.0","11453.01","8914288976","44",,,,null,null,,,,"572.494",,0,933631,0,2,3241,0,20250930,99991231,1,1,20260316
245406,LD2517181689,LD2517181689,"1000585",TND,"21050","2025-06-20 00:00:00.0","2025-06-20 00:00:00.0","2026-02-02 00:00:00.0","11453.01","8914288976","44",,,,null,null,,,,"2650",,0,933631,0,2,3241,0,20250930,99991231,1,1,20260316
159135,LD2517488099,LD2517488099,"1000585",TND,"21060","2025-06-23 00:00:00.0","2025-06-23 00:00:00.0","2025-09-23 00:00:00.0","11411.01","8914288976","44",,,,null,null,,,,"63000",,0,933631,0,2,4609,0,20250930,99991231,1,1,20260316
205492,LD2517528802,LD2517528802,"1000585",TND,"21060","2025-06-24 00:00:00.0","2025-06-24 00:00:00.0","2025-09-24 00:00:00.0","11411.01","8914288976","44",,,,null,null,,,,"88000",,0,933631,0,2,4609,0,20250930,99991231,1,1,20260316
311614,LD2518803046,LD2518803046,"1000585",TND,"21050","2025-07-07 00:00:00.0","2025-07-07 00:00:00.0","2025-09-02 00:00:00.0","11453.01","8914288976","44",,,,null,null,,,,"791.659",,0,933631,0,2,3241,0,20250930,99991231,1,1,20260316
227978,LD2518820375,LD2518820375,"1000585",TND,"21050","2025-07-07 00:00:00.0","2025-07-07 00:00:00.0","2026-02-02 00:00:00.0","11453.01","8914288976","44",,,,null,null,,,,"4000",,0,933631,0,2,3241,0,20250930,99991231,1,1,20260316
229924,LD2518825240,LD2518825240,"1000585",TND,"21050","2025-07-07 00:00:00.0","2025-07-07 00:00:00.0","2026-02-02 00:00:00.0","11453.01","8914288976","44",,,,null,null,,,,"20423.621",,0,933631,0,2,3241,0,20250930,99991231,1,1,20260316
292760,LD2518826124,LD2518826124,"1000585",TND,"21050","2025-07-07 00:00:00.0","2025-07-07 00:00:00.0","2026-02-02 00:00:00.0","11453.01","8914288976","44",,,,null,null,,,,"3899.431",,0,933631,0,2,3241,0,20250930,99991231,1,1,20260316
235507,LD2518828561,LD2518828561,"1000585",TND,"21050","2025-07-07 00:00:00.0","2025-07-07 00:00:00.0","2026-02-02 00:00:00.0","11453.01","8914288976","44",,,,null,null,,,,"2727.195",,0,933631,0,2,3241,0,20250930,99991231,1,1,20260316
236168,LD2518840413,LD2518840413,"1000585",TND,"21050","2025-07-07 00:00:00.0","2025-07-07 00:00:00.0","2025-09-29 00:00:00.0","11453.01","8914288976","44",,,,null,null,,,,"1665.278",,0,933631,0,2,3241,0,20250930,99991231,1,1,20260316
229063,LD2518840807,LD2518840807,"1000585",TND,"21050","2025-07-07 00:00:00.0","2025-07-07 00:00:00.0","2026-02-02 00:00:00.0","11453.01","8914288976","44",,,,null,null,,,,"3899.431",,0,933631,0,2,3241,0,20250930,99991231,1,1,20260316
231250,LD2518841020,LD2518841020,"1000585",TND,"21050","2025-07-07 00:00:00.0","2025-07-07 00:00:00.0","2026-02-02 00:00:00.0","11453.01","8914288976","44",,,,null,null,,,,"4000",,0,933631,0,2,3241,0,20250930,99991231,1,1,20260316
312063,LD2518841085,LD2518841085,"1000585",TND,"21050","2025-07-07 00:00:00.0","2025-07-07 00:00:00.0","2026-02-02 00:00:00.0","11453.01","8914288976","44",,,,null,null,,,,"798.981",,0,933631,0,2,3241,0,20250930,99991231,1,1,20260316
296724,LD2518849291,LD2518849291,"1000585",TND,"21050","2025-07-07 00:00:00.0","2025-07-07 00:00:00.0","2026-02-02 00:00:00.0","11453.01","8914288976","44",,,,null,null,,,,"2664.436",,0,933631,0,2,3241,0,20250930,99991231,1,1,20260316
310956,LD2518858229,LD2518858229,"1000585",TND,"21050","2025-07-07 00:00:00.0","2025-07-07 00:00:00.0","2025-09-08 00:00:00.0","11453.01","8914288976","44",,,,null,null,,,,"1663",,0,933631,0,2,3241,0,20250930,99991231,1,1,20260316
235943,LD2518859535,LD2518859535,"1000585",TND,"21050","2025-07-07 00:00:00.0","2025-07-07 00:00:00.0","2026-02-02 00:00:00.0","11453.01","8914288976","44",,,,null,null,,,,"3180",,0,933631,0,2,3241,0,20250930,99991231,1,1,20260316
312040,LD2518865791,LD2518865791,"1000585",TND,"21050","2025-07-07 00:00:00.0","2025-07-07 00:00:00.0","2026-02-02 00:00:00.0","11453.01","8914288976","44",,,,null,null,,,,"1279.83",,0,933631,0,2,3241,0,20250930,99991231,1,1,20260316
293618,LD2518871171,LD2518871171,"1000585",TND,"21050","2025-07-07 00:00:00.0","2025-07-07 00:00:00.0","2026-02-02 00:00:00.0","11453.01","8914288976","44",,,,null,null,,,,"3899.431",,0,933631,0,2,3241,0,20250930,99991231,1,1,20260316
292521,LD2518872306,LD2518872306,"1000585",TND,"21050","2025-07-07 00:00:00.0","2025-07-07 00:00:00.0","2026-02-02 00:00:00.0","11453.01","8914288976","44",,,,null,null,,,,"3899.431",,0,933631,0,2,3241,0,20250930,99991231,1,1,20260316
271725,LD2518875489,LD2518875489,"1000585",TND,"21050","2025-07-07 00:00:00.0","2025-07-07 00:00:00.0","2025-09-09 00:00:00.0","11453.01","8914288976","44",,,,null,null,,,,"914.968",,0,933631,0,2,3241,0,20250930,99991231,1,1,20260316
295182,LD2518888833,LD2518888833,"1000585",TND,"21050","2025-07-07 00:00:00.0","2025-07-07 00:00:00.0","2025-09-18 00:00:00.0","11453.01","8914288976","44",,,,null,null,,,,"1124.998",,0,933631,0,2,3241,0,20250930,99991231,1,1,20260316
296941,LD2518891012,LD2518891012,"1000585",TND,"21050","2025-07-07 00:00:00.0","2025-07-07 00:00:00.0","2026-02-02 00:00:00.0","11453.01","8914288976","44",,,,null,null,,,,"1000",,0,933631,0,2,3241,0,20250930,99991231,1,1,20260316
283838,LD2518906439,LD2518906439,"1000585",TND,"21050","2025-07-08 00:00:00.0","2025-07-08 00:00:00.0","2026-02-02 00:00:00.0","11453.01","8914288976","44",,,,null,null,,,,"6042.189",,0,933631,0,2,3241,0,20250930,99991231,1,1,20260316
263232,LD2518927317,LD2518927317,"1000585",TND,"21050","2025-07-08 00:00:00.0","2025-07-08 00:00:00.0","2025-09-01 00:00:00.0","11453.01","8914288976","44",,,,null,null,,,,"1329.167",,0,933631,0,2,3241,0,20250930,99991231,1,1,20260316
282425,LD2518942241,LD2518942241,"1000585",TND,"21050","2025-07-08 00:00:00.0","2025-07-08 00:00:00.0","2026-02-02 00:00:00.0","11453.01","8914288976","44",,,,null,null,,,,"2992.825",,0,933631,0,2,3241,0,20250930,99991231,1,1,20260316
277378,LD2518960656,LD2518960656,"1000585",TND,"21050","2025-07-08 00:00:00.0","2025-07-08 00:00:00.0","2025-09-05 00:00:00.0","11453.01","8914288976","44",,,,null,null,,,,"577.341",,0,933631,0,2,3241,0,20250930,99991231,1,1,20260316
282448,LD2518963680,LD2518963680,"1000585",TND,"21050","2025-07-08 00:00:00.0","2025-07-08 00:00:00.0","2026-02-02 00:00:00.0","11453.01","8914288976","44",,,,null,null,,,,"9180.987",,0,933631,0,2,3241,0,20250930,99991231,1,1,20260316
278246,LD2518983774,LD2518983774,"1000585",TND,"21050","2025-07-08 00:00:00.0","2025-07-08 00:00:00.0","2026-02-02 00:00:00.0","11453.01","8914288976","44",,,,null,null,,,,"21820.164",,0,933631,0,2,3241,0,20250930,99991231,1,1,20260316
231863,LD2521106960,LD2521106960,"1000585",TND,"21050","2025-07-30 00:00:00.0","2025-07-30 00:00:00.0","2026-02-02 00:00:00.0","11453.01","8914288976","44",,,,null,null,,,,"3492.693",,0,933631,0,2,3241,0,20250930,99991231,1,1,20260316
253863,LD2521108610,LD2521108610,"1000585",TND,"21050","2025-07-30 00:00:00.0","2025-07-30 00:00:00.0","2025-09-04 00:00:00.0","11453.01","8914288976","44",,,,null,null,,,,"1871.475",,0,933631,0,2,3241,0,20250930,99991231,1,1,20260316
254079,LD2521110508,LD2521110508,"1000585",TND,"21050","2025-07-30 00:00:00.0","2025-07-30 00:00:00.0","2026-02-02 00:00:00.0","11453.01","8914288976","44",,,,null,null,,,,"1792.631",,0,933631,0,2,3241,0,20250930,99991231,1,1,20260316
253862,LD2521111570,LD2521111570,"1000585",TND,"21050","2025-07-30 00:00:00.0","2025-07-30 00:00:00.0","2026-02-02 00:00:00.0","11453.01","8914288976","44",,,,null,null,,,,"2082.601",,0,933631,0,2,3241,0,20250930,99991231,1,1,20260316
233613,LD2521122390,LD2521122390,"1000585",TND,"21050","2025-07-30 00:00:00.0","2025-07-30 00:00:00.0","2026-02-02 00:00:00.0","11453.01","8914288976","44",,,,null,null,,,,"3500",,0,933631,0,2,3241,0,20250930,99991231,1,1,20260316
233922,LD2521140990,LD2521140990,"1000585",TND,"21050","2025-07-30 00:00:00.0","2025-07-30 00:00:00.0","2026-02-02 00:00:00.0","11453.01","8914288976","44",,,,null,null,,,,"3143.926",,0,933631,0,2,3241,0,20250930,99991231,1,1,20260316
234140,LD2521174191,LD2521174191,"1000585",TND,"21050","2025-07-30 00:00:00.0","2025-07-30 00:00:00.0","2025-09-30 00:00:00.0","11453.01","8914288976","44",,,,null,null,,,,"1792.631",,0,933631,0,2,3241,0,20250930,99991231,1,1,20260316
231724,LD2521198045,LD2521198045,"1000585",TND,"21050","2025-07-30 00:00:00.0","2025-07-30 00:00:00.0","2026-02-02 00:00:00.0","11453.01","8914288976","44",,,,null,null,,,,"6930",,0,933631,0,2,3241,0,20250930,99991231,1,1,20260316
250486,LD2521765928,LD2521765928,"1000585",TND,"21060","2025-08-05 00:00:00.0","2025-08-05 00:00:00.0","2026-02-02 00:00:00.0","11411.01","8914288976","44",,,,null,null,,,,"71000",,0,933631,0,2,4609,0,20250930,99991231,1,1,20260316
347013,LD2522700110,LD2522700110,"1000585",TND,"21050","2025-08-15 00:00:00.0","2025-08-15 00:00:00.0","2026-02-02 00:00:00.0","11453.01","8914288976","44",,,,null,null,,,,"1154.485",,0,933631,0,2,3241,0,20250930,99991231,1,1,20260316
365552,LD2522700296,LD2522700296,"1000585",TND,"21050","2025-08-15 00:00:00.0","2025-08-15 00:00:00.0","2026-02-02 00:00:00.0","11453.01","8914288976","44",,,,null,null,,,,"841.28",,0,933631,0,2,3241,0,20250930,99991231,1,1,20260316
345740,LD2522702686,LD2522702686,"1000585",TND,"21050","2025-08-15 00:00:00.0","2025-08-15 00:00:00.0","2026-02-02 00:00:00.0","11453.01","8914288976","44",,,,null,null,,,,"2900",,0,933631,0,2,3241,0,20250930,99991231,1,1,20260316
347224,LD2522706589,LD2522706589,"1000585",TND,"21050","2025-08-15 00:00:00.0","2025-08-15 00:00:00.0","2026-02-02 00:00:00.0","11453.01","8914288976","44",,,,null,null,,,,"2500",,0,933631,0,2,3241,0,20250930,99991231,1,1,20260316
347022,LD2522707148,LD2522707148,"1000585",TND,"21050","2025-08-15 00:00:00.0","2025-08-15 00:00:00.0","2026-02-02 00:00:00.0","11453.01","8914288976","44",,,,null,null,,,,"6092",,0,933631,0,2,3241,0,20250930,99991231,1,1,20260316
345744,LD2522718507,LD2522718507,"1000585",TND,"21050","2025-08-15 00:00:00.0","2025-08-15 00:00:00.0","2026-02-02 00:00:00.0","11453.01","8914288976","44",,,,null,null,,,,"2500",,0,933631,0,2,3241,0,20250930,99991231,1,1,20260316
345541,LD2522731087,LD2522731087,"1000585",TND,"21050","2025-08-15 00:00:00.0","2025-08-15 00:00:00.0","2026-02-02 00:00:00.0","11453.01","8914288976","44",,,,null,null,,,,"14437.622",,0,933631,0,2,3241,0,20250930,99991231,1,1,20260316
365334,LD2522733445,LD2522733445,"1000585",TND,"21050","2025-08-15 00:00:00.0","2025-08-15 00:00:00.0","2025-09-30 00:00:00.0","11453.01","8914288976","44",,,,null,null,,,,"277.339",,0,933631,0,2,3241,0,20250930,99991231,1,1,20260316
344904,LD2522752000,LD2522752000,"1000585",TND,"21050","2025-08-15 00:00:00.0","2025-08-15 00:00:00.0","2025-09-15 00:00:00.0","11453.01","8914288976","44",,,,null,null,,,,"1219.606",,0,933631,0,2,3241,0,20250930,99991231,1,1,20260316
345576,LD2522757090,LD2522757090,"1000585",TND,"21050","2025-08-15 00:00:00.0","2025-08-15 00:00:00.0","2026-02-02 00:00:00.0","11453.01","8914288976","44",,,,null,null,,,,"1090.586",,0,933631,0,2,3241,0,20250930,99991231,1,1,20260316
346379,LD2522758065,LD2522758065,"1000585",TND,"21050","2025-08-15 00:00:00.0","2025-08-15 00:00:00.0","2026-02-02 00:00:00.0","11453.01","8914288976","44",,,,null,null,,,,"5318.403",,0,933631,0,2,3241,0,20250930,99991231,1,1,20260316
345739,LD2522759137,LD2522759137,"1000585",TND,"21050","2025-08-15 00:00:00.0","2025-08-15 00:00:00.0","2026-02-02 00:00:00.0","11453.01","8914288976","44",,,,null,null,,,,"6074.923",,0,933631,0,2,3241,0,20250930,99991231,1,1,20260316
346587,LD2522759362,LD2522759362,"1000585",TND,"21050","2025-08-15 00:00:00.0","2025-08-15 00:00:00.0","2026-02-02 00:00:00.0","11453.01","8914288976","44",,,,null,null,,,,"1749.674",,0,933631,0,2,3241,0,20250930,99991231,1,1,20260316
344683,LD2522770682,LD2522770682,"1000585",TND,"21050","2025-08-15 00:00:00.0","2025-08-15 00:00:00.0","2026-02-02 00:00:00.0","11453.01","8914288976","44",,,,null,null,,,,"4000",,0,933631,0,2,3241,0,20250930,99991231,1,1,20260316
345371,LD2522790795,LD2522790795,"1000585",TND,"21050","2025-08-15 00:00:00.0","2025-08-15 00:00:00.0","2026-02-02 00:00:00.0","11453.01","8914288976","44",,,,null,null,,,,"1152",,0,933631,0,2,3241,0,20250930,99991231,1,1,20260316
223797,LD2523101294,LD2523101294,"1000585",TND,"21050","2025-08-19 00:00:00.0","2025-08-19 00:00:00.0","2026-02-02 00:00:00.0","11453.01","8914288976","44",,,,null,null,,,,"6094.125",,0,933631,0,2,3241,0,20250930,99991231,1,1,20260316
222034,LD2523103802,LD2523103802,"1000585",TND,"21050","2025-08-19 00:00:00.0","2025-08-19 00:00:00.0","2026-02-02 00:00:00.0","11453.01","8914288976","44",,,,null,null,,,,"2748.085",,0,933631,0,2,3241,0,20250930,99991231,1,1,20260316
228889,LD2523104043,LD2523104043,"1000585",TND,"21050","2025-08-19 00:00:00.0","2025-08-19 00:00:00.0","2026-02-02 00:00:00.0","11453.01","8914288976","44",,,,null,null,,,,"2700",,0,933631,0,2,3241,0,20250930,99991231,1,1,20260316
221819,LD2523106165,LD2523106165,"1000585",TND,"21050","2025-08-19 00:00:00.0","2025-08-19 00:00:00.0","2026-02-02 00:00:00.0","11453.01","8914288976","44",,,,null,null,,,,"2894.939",,0,933631,0,2,3241,0,20250930,99991231,1,1,20260316
221380,LD2523107409,LD2523107409,"1000585",TND,"21050","2025-08-19 00:00:00.0","2025-08-19 00:00:00.0","2026-02-02 00:00:00.0","11453.01","8914288976","44",,,,null,null,,,,"2518.823",,0,933631,0,2,3241,0,20250930,99991231,1,1,20260316
228873,LD2523107755,LD2523107755,"1000585",TND,"21050","2025-08-19 00:00:00.0","2025-08-19 00:00:00.0","2026-01-01 00:00:00.0","11453.01","8914288976","44",,,,null,null,,,,"1310.379",,0,933631,0,2,3241,0,20250930,99991231,1,1,20260316
238708,LD2523110530,LD2523110530,"1000585",TND,"21050","2025-08-19 00:00:00.0","2025-08-19 00:00:00.0","2026-02-02 00:00:00.0","11453.01","8914288976","44",,,,null,null,,,,"6092",,0,933631,0,2,3241,0,20250930,99991231,1,1,20260316
223354,LD2523112539,LD2523112539,"1000585",TND,"21050","2025-08-19 00:00:00.0","2025-08-19 00:00:00.0","2026-01-16 00:00:00.0","11453.01","8914288976","44",,,,null,null,,,,"2500",,0,933631,0,2,3241,0,20250930,99991231,1,1,20260316
255077,LD2523118006,LD2523118006,"1000585",TND,"21050","2025-08-19 00:00:00.0","2025-08-19 00:00:00.0","2026-02-02 00:00:00.0","11453.01","8914288976","44",,,,null,null,,,,"2500",,0,933631,0,2,3241,0,20250930,99991231,1,1,20260316
218730,LD2523134309,LD2523134309,"1000585",TND,"21050","2025-08-19 00:00:00.0","2025-08-19 00:00:00.0","2026-02-02 00:00:00.0","11453.01","8914288976","44",,,,null,null,,,,"3500",,0,933631,0,2,3241,0,20250930,99991231,1,1,20260316
224020,LD2523141249,LD2523141249,"1000585",TND,"21050","2025-08-19 00:00:00.0","2025-08-19 00:00:00.0","2025-09-15 00:00:00.0","11453.01","8914288976","44",,,,null,null,,,,"2308.182",,0,933631,0,2,3241,0,20250930,99991231,1,1,20260316
229316,LD2523141286,LD2523141286,"1000585",TND,"21050","2025-08-19 00:00:00.0","2025-08-19 00:00:00.0","2026-02-02 00:00:00.0","11453.01","8914288976","44",,,,null,null,,,,"2900",,0,933631,0,2,3241,0,20250930,99991231,1,1,20260316
228676,LD2523145330,LD2523145330,"1000585",TND,"21050","2025-08-19 00:00:00.0","2025-08-19 00:00:00.0","2026-02-02 00:00:00.0","11453.01","8914288976","44",,,,null,null,,,,"5400",,0,933631,0,2,3241,0,20250930,99991231,1,1,20260316
222032,LD2523146015,LD2523146015,"1000585",TND,"21050","2025-08-19 00:00:00.0","2025-08-19 00:00:00.0","2026-02-02 00:00:00.0","11453.01","8914288976","44",,,,null,null,,,,"2242.026",,0,933631,0,2,3241,0,20250930,99991231,1,1,20260316
221590,LD2523148179,LD2523148179,"1000585",TND,"21050","2025-08-19 00:00:00.0","2025-08-19 00:00:00.0","2026-02-02 00:00:00.0","11453.01","8914288976","44",,,,null,null,,,,"1607.725",,0,933631,0,2,3241,0,20250930,99991231,1,1,20260316
229527,LD2523151342,LD2523151342,"1000585",TND,"21050","2025-08-19 00:00:00.0","2025-08-19 00:00:00.0","2026-02-02 00:00:00.0","11453.01","8914288976","44",,,,null,null,,,,"1310",,0,933631,0,2,3241,0,20250930,99991231,1,1,20260316
252884,LD2523152279,LD2523152279,"1000585",TND,"21050","2025-08-19 00:00:00.0","2025-08-19 00:00:00.0","2026-02-02 00:00:00.0","11453.01","8914288976","44",,,,null,null,,,,"2494.03",,0,933631,0,2,3241,0,20250930,99991231,1,1,20260316
229744,LD2523161079,LD2523161079,"1000585",TND,"21050","2025-08-19 00:00:00.0","2025-08-19 00:00:00.0","2026-02-02 00:00:00.0","11453.01","8914288976","44",,,,null,null,,,,"5000",,0,933631,0,2,3241,0,20250930,99991231,1,1,20260316
229754,LD2523163619,LD2523163619,"1000585",TND,"21050","2025-08-19 00:00:00.0","2025-08-19 00:00:00.0","2026-02-02 00:00:00.0","11453.01","8914288976","44",,,,null,null,,,,"1548.576",,0,933631,0,2,3241,0,20250930,99991231,1,1,20260316
222033,LD2523167522,LD2523167522,"1000585",TND,"21050","2025-08-19 00:00:00.0","2025-08-19 00:00:00.0","2026-02-02 00:00:00.0","11453.01","8914288976","44",,,,null,null,,,,"3500",,0,933631,0,2,3241,0,20250930,99991231,1,1,20260316
222035,LD2523169809,LD2523169809,"1000585",TND,"21050","2025-08-19 00:00:00.0","2025-08-19 00:00:00.0","2026-02-02 00:00:00.0","11453.01","8914288976","44",,,,null,null,,,,"2000",,0,933631,0,2,3241,0,20250930,99991231,1,1,20260316
223140,LD2523170915,LD2523170915,"1000585",TND,"21050","2025-08-19 00:00:00.0","2025-08-19 00:00:00.0","2026-02-02 00:00:00.0","11453.01","8914288976","44",,,,null,null,,,,"3283.326",,0,933631,0,2,3241,0,20250930,99991231,1,1,20260316
218517,LD2523172450,LD2523172450,"1000585",TND,"21050","2025-08-19 00:00:00.0","2025-08-19 00:00:00.0","2026-02-02 00:00:00.0","11453.01","8914288976","44",,,,null,null,,,,"5400",,0,933631,0,2,3241,0,20250930,99991231,1,1,20260316
252670,LD2523181898,LD2523181898,"1000585",TND,"21050","2025-08-19 00:00:00.0","2025-08-19 00:00:00.0","2026-02-02 00:00:00.0","11453.01","8914288976","44",,,,null,null,,,,"2500",,0,933631,0,2,3241,0,20250930,99991231,1,1,20260316
238860,LD2523183790,LD2523183790,"1000585",TND,"21060","2025-08-19 00:00:00.0","2025-08-19 00:00:00.0","2026-02-02 00:00:00.0","11411.01","8914288976","44",,,,null,null,,,,"81000",,0,933631,0,2,4609,0,20250930,99991231,1,1,20260316
228871,LD2523185900,LD2523185900,"1000585",TND,"21050","2025-08-19 00:00:00.0","2025-08-19 00:00:00.0","2026-02-02 00:00:00.0","11453.01","8914288976","44",,,,null,null,,,,"4000",,0,933631,0,2,3241,0,20250930,99991231,1,1,20260316
236865,LD2523186690,LD2523186690,"1000585",TND,"21050","2025-08-19 00:00:00.0","2025-08-19 00:00:00.0","2026-02-02 00:00:00.0","11453.01","8914288976","44",,,,null,null,,,,"6092",,0,933631,0,2,3241,0,20250930,99991231,1,1,20260316
229311,LD2523190404,LD2523190404,"1000585",TND,"21050","2025-08-19 00:00:00.0","2025-08-19 00:00:00.0","2026-02-02 00:00:00.0","11453.01","8914288976","44",,,,null,null,,,,"3500",,0,933631,0,2,3241,0,20250930,99991231,1,1,20260316
218063,LD2523194274,LD2523194274,"1000585",TND,"21050","2025-08-19 00:00:00.0","2025-08-19 00:00:00.0","2026-02-02 00:00:00.0","11453.01","8914288976","44",,,,null,null,,,,"5300",,0,933631,0,2,3241,0,20250930,99991231,1,1,20260316
219593,LD2523197377,LD2523197377,"1000585",TND,"21050","2025-08-19 00:00:00.0","2025-08-19 00:00:00.0","2026-02-02 00:00:00.0","11453.01","8914288976","44",,,,null,null,,,,"2700",,0,933631,0,2,3241,0,20250930,99991231,1,1,20260316
250966,LD2523883079,LD2523883079,"1000585",TND,"21060","2025-08-26 00:00:00.0","2025-08-26 00:00:00.0","2026-02-02 00:00:00.0","11411.01","8914288976","44",,,,null,null,,,,"137000",,0,933631,0,2,4609,0,20250930,99991231,1,1,20260316
277726,LD2524409182,LD2524409182,"1000585",TND,"21050","2025-09-01 00:00:00.0","2025-09-01 00:00:00.0","2026-02-02 00:00:00.0","11453.01","8914288976","44",,,,null,null,,,,"1082.369",,0,933631,0,2,3241,0,20250930,99991231,1,1,20260316
265392,LD2524409605,LD2524409605,"1000585",TND,"21050","2025-09-01 00:00:00.0","2025-09-01 00:00:00.0","2026-02-02 00:00:00.0","11453.01","8914288976","44",,,,null,null,,,,"700",,0,933631,0,2,3241,0,20250930,99991231,1,1,20260316
297226,LD2524410514,LD2524410514,"1000585",TND,"21050","2025-09-01 00:00:00.0","2025-09-01 00:00:00.0","2026-02-02 00:00:00.0","11453.01","8914288976","44",,,,null,null,,,,"2504.768",,0,933631,0,2,3241,0,20250930,99991231,1,1,20260316
296564,LD2524422193,LD2524422193,"1000585",TND,"21050","2025-09-01 00:00:00.0","2025-09-01 00:00:00.0","2026-02-02 00:00:00.0","11453.01","8914288976","44",,,,null,null,,,,"1018.114",,0,933631,0,2,3241,0,20250930,99991231,1,1,20260316
277952,LD2524430034,LD2524430034,"1000585",TND,"21050","2025-09-01 00:00:00.0","2025-09-01 00:00:00.0","2026-02-02 00:00:00.0","11453.01","8914288976","44",,,,null,null,,,,"750",,0,933631,0,2,3241,0,20250930,99991231,1,1,20260316
287979,LD2524430510,LD2524430510,"1000585",TND,"21050","2025-09-01 00:00:00.0","2025-09-01 00:00:00.0","2026-02-02 00:00:00.0","11453.01","8914288976","44",,,,null,null,,,,"5400",,0,933631,0,2,3241,0,20250930,99991231,1,1,20260316
366196,LD2524438790,LD2524438790,"1000585",TND,"21050","2025-09-01 00:00:00.0","2025-09-01 00:00:00.0","2025-09-30 00:00:00.0","11453.01","8914288976","44",,,,null,null,,,,"600.52",,0,933631,0,2,3241,0,20250930,99991231,1,1,20260316
296118,LD2524441185,LD2524441185,"1000585",TND,"21050","2025-09-01 00:00:00.0","2025-09-01 00:00:00.0","2026-02-02 00:00:00.0","11453.01","8914288976","44",,,,null,null,,,,"2876.344",,0,933631,0,2,3241,0,20250930,99991231,1,1,20260316
279710,LD2524445008,LD2524445008,"1000585",TND,"21050","2025-09-01 00:00:00.0","2025-09-01 00:00:00.0","2026-02-02 00:00:00.0","11453.01","8914288976","44",,,,null,null,,,,"700",,0,933631,0,2,3241,0,20250930,99991231,1,1,20260316
277504,LD2524452433,LD2524452433,"1000585",TND,"21050","2025-09-01 00:00:00.0","2025-09-01 00:00:00.0","2026-01-01 00:00:00.0","11453.01","8914288976","44",,,,null,null,,,,"7125.741",,0,933631,0,2,3241,0,20250930,99991231,1,1,20260316
288412,LD2524452859,LD2524452859,"1000585",TND,"21050","2025-09-01 00:00:00.0","2025-09-01 00:00:00.0","2026-01-01 00:00:00.0","11453.01","8914288976","44",,,,null,null,,,,"2299.877",,0,933631,0,2,3241,0,20250930,99991231,1,1,20260316
154396,LD2524476865,LD2524476865,"1000585",TND,"21050","2025-09-01 00:00:00.0","2025-09-01 00:00:00.0","2026-02-02 00:00:00.0","11453.01","8914288976","44",,,,null,null,,,,"700",,0,933631,0,2,3241,0,20250930,99991231,1,1,20260316
196468,LD2524478895,LD2524478895,"1000585",TND,"21050","2025-09-01 00:00:00.0","2025-09-01 00:00:00.0","2026-02-02 00:00:00.0","11453.01","8914288976","44",,,,null,null,,,,"2485.046",,0,933631,0,2,3241,0,20250930,99991231,1,1,20260316
295021,LD2524480305,LD2524480305,"1000585",TND,"21050","2025-09-01 00:00:00.0","2025-09-01 00:00:00.0","2026-02-02 00:00:00.0","11453.01","8914288976","44",,,,null,null,,,,"4488.44",,0,933631,0,2,3241,0,20250930,99991231,1,1,20260316
155501,LD2524488760,LD2524488760,"1000585",TND,"21050","2025-09-01 00:00:00.0","2025-09-01 00:00:00.0","2026-02-02 00:00:00.0","11453.01","8914288976","44",,,,null,null,,,,"4627.976",,0,933631,0,2,3241,0,20250930,99991231,1,1,20260316
169744,LD2524496799,LD2524496799,"1000585",TND,"21050","2025-09-01 00:00:00.0","2025-09-01 00:00:00.0","2025-09-22 00:00:00.0","11453.01","8914288976","44",,,,null,null,,,,"612.755",,0,933631,0,2,3241,0,20250930,99991231,1,1,20260316
296272,LD2524802505,LD2524802505,"1000585",TND,"21050","2025-09-05 00:00:00.0","2025-09-05 00:00:00.0","2026-02-02 00:00:00.0","11453.01","8914288976","44",,,,null,null,,,,"1535.315",,0,933631,0,2,3241,0,20250930,99991231,1,1,20260316
314671,LD2524808601,LD2524808601,"1000585",TND,"21050","2025-09-05 00:00:00.0","2025-09-05 00:00:00.0","2026-02-02 00:00:00.0","11453.01","8914288976","44",,,,null,null,,,,"4553.828",,0,933631,0,2,3241,0,20250930,99991231,1,1,20260316
274686,LD2524809062,LD2524809062,"1000585",TND,"21050","2025-09-05 00:00:00.0","2025-09-05 00:00:00.0","2026-01-20 00:00:00.0","11453.01","8914288976","44",,,,null,null,,,,"2567.133",,0,933631,0,2,3241,0,20250930,99991231,1,1,20260316
312902,LD2524812367,LD2524812367,"1000585",TND,"21050","2025-09-05 00:00:00.0","2025-09-05 00:00:00.0","2026-02-02 00:00:00.0","11453.01","8914288976","44",,,,null,null,,,,"2383.162",,0,933631,0,2,3241,0,20250930,99991231,1,1,20260316
296922,LD2524820668,LD2524820668,"1000585",TND,"21050","2025-09-05 00:00:00.0","2025-09-05 00:00:00.0","2026-02-02 00:00:00.0","11453.01","8914288976","44",,,,null,null,,,,"1563.235",,0,933631,0,2,3241,0,20250930,99991231,1,1,20260316
296144,LD2524869011,LD2524869011,"1000585",TND,"21050","2025-09-05 00:00:00.0","2025-09-05 00:00:00.0","2026-01-21 00:00:00.0","11453.01","8914288976","44",,,,null,null,,,,"2500",,0,933631,0,2,3241,0,20250930,99991231,1,1,20260316
179094,LD2525179351,LD2525179351,"1000585",TND,"21060","2025-09-08 00:00:00.0","2025-09-08 00:00:00.0","2026-02-02 00:00:00.0","11412.01","8914288976","44",,,,null,null,,,,"112000",,0,933631,0,2,4609,0,20250930,99991231,1,1,20260316
283647,LD2525308033,LD2525308033,"1000585",TND,"21050","2025-09-10 00:00:00.0","2025-09-10 00:00:00.0","2026-02-02 00:00:00.0","11453.01","8914288976","44",,,,null,null,,,,"4830",,0,933631,0,2,3241,0,20250930,99991231,1,1,20260316
281673,LD2525386044,LD2525386044,"1000585",TND,"21050","2025-09-10 00:00:00.0","2025-09-10 00:00:00.0","2026-01-05 00:00:00.0","11453.01","8914288976","44",,,,null,null,,,,"5400",,0,933631,0,2,3241,0,20250930,99991231,1,1,20260316
269838,LD2525386628,LD2525386628,"1000585",TND,"21050","2025-09-10 00:00:00.0","2025-09-10 00:00:00.0","2026-02-02 00:00:00.0","11453.01","8914288976","44",,,,null,null,,,,"5800",,0,933631,0,2,3241,0,20250930,99991231,1,1,20260316
166718,LD2525390670,LD2525390670,"1000585",TND,"21050","2025-09-10 00:00:00.0","2025-09-10 00:00:00.0","2026-02-02 00:00:00.0","11453.01","8914288976","44",,,,null,null,,,,"4830",,0,933631,0,2,3241,0,20250930,99991231,1,1,20260316
351347,LD2526510866,LD2526510866,"1000585",TND,"21050","2025-09-22 00:00:00.0","2025-09-22 00:00:00.0","2026-01-13 00:00:00.0","11453.01","8914288976","44",,,,null,null,,,,"3100",,0,933631,0,2,3241,0,20250930,99991231,1,1,20260316
346638,LD2526520447,LD2526520447,"1000585",TND,"21050","2025-09-22 00:00:00.0","2025-09-22 00:00:00.0","2026-02-02 00:00:00.0","11453.01","8914288976","44",,,,null,null,,,,"2615.334",,0,933631,0,2,3241,0,20250930,99991231,1,1,20260316
175706,LD2526529541,LD2526529541,"1000585",TND,"21050","2025-09-22 00:00:00.0","2025-09-22 00:00:00.0","2026-01-21 00:00:00.0","11453.01","8914288976","44",,,,null,null,,,,"5910.311",,0,933631,0,2,3241,0,20250930,99991231,1,1,20260316
277619,LD2526533672,LD2526533672,"1000585",TND,"21050","2025-09-22 00:00:00.0","2025-09-22 00:00:00.0","2026-02-02 00:00:00.0","11453.01","8914288976","44",,,,null,null,,,,"833.167",,0,933631,0,2,3241,0,20250930,99991231,1,1,20260316
172221,LD2526544403,LD2526544403,"1000585",TND,"21050","2025-09-22 00:00:00.0","2025-09-22 00:00:00.0","2026-02-02 00:00:00.0","11453.01","8914288976","44",,,,null,null,,,,"1270.158",,0,933631,0,2,3241,0,20250930,99991231,1,1,20260316
366760,LD2526572193,LD2526572193,"1000585",TND,"21050","2025-09-22 00:00:00.0","2025-09-22 00:00:00.0","2026-01-13 00:00:00.0","11453.01","8914288976","44",,,,null,null,,,,"2615.334",,0,933631,0,2,3241,0,20250930,99991231,1,1,20260316
367211,LD2526574991,LD2526574991,"1000585",TND,"21050","2025-09-22 00:00:00.0","2025-09-22 00:00:00.0","2026-02-02 00:00:00.0","11453.01","8914288976","44",,,,null,null,,,,"2615.334",,0,933631,0,2,3241,0,20250930,99991231,1,1,20260316
176574,LD2526586467,LD2526586467,"1000585",TND,"21050","2025-09-22 00:00:00.0","2025-09-22 00:00:00.0","2026-02-02 00:00:00.0","11453.01","8914288976","44",,,,null,null,,,,"2615.334",,0,933631,0,2,3241,0,20250930,99991231,1,1,20260316
350230,LD2526586989,LD2526586989,"1000585",TND,"21050","2025-09-22 00:00:00.0","2025-09-22 00:00:00.0","2026-02-02 00:00:00.0","11453.01","8914288976","44",,,,null,null,,,,"3076.107",,0,933631,0,2,3241,0,20250930,99991231,1,1,20260316
354242,LD2526592595,LD2526592595,"1000585",TND,"21050","2025-09-22 00:00:00.0","2025-09-22 00:00:00.0","2026-01-27 00:00:00.0","11453.01","8914288976","44",,,,null,null,,,,"3100",,0,933631,0,2,3241,0,20250930,99991231,1,1,20260316
2126034,PDLD2331162231,LD2331162231,"1000585",TND,"21063","2023-11-20 00:00:00.0","2023-11-20 00:00:00.0","2028-11-20 00:00:00.0","9997.01","8914288976","44","21",,"5",,"5",,NA55840,,,,0,933631,8,2,5182,0,20250930,99991231,1,1,20260325
2187381,PDLD2509206969,LD2509206969,"1000585",TND,"21050","2025-09-05 00:00:00.0","2025-09-05 00:00:00.0","2025-09-05 00:00:00.0","11453.01","8914288976","44","21",,"5",,"5",,NP31401,,,,0,933631,571,2,3241,0,20250930,99991231,1,1,20260325
2130142,PDLD2509224048,LD2509224048,"1000585",TND,"21050","2025-09-15 00:00:00.0","2025-09-15 00:00:00.0","2025-09-15 00:00:00.0","11453.01","8914288976","44","21",,"5",,"5",,NP31401,,,,0,933631,571,2,3241,0,20250930,99991231,1,1,20260325
2132061,PDLD2509296600,LD2509296600,"1000585",TND,"21050","2025-09-25 00:00:00.0","2025-09-25 00:00:00.0","2025-09-25 00:00:00.0","11453.01",,"44","21",,"5",,"5",,NP31401,,,,0,933631,571,2,3241,0,20250930,99991231,1,1,20260325
2091973,PDLD2514790100,LD2514790100,"1000585",TND,"21050","2025-09-29 00:00:00.0","2025-09-29 00:00:00.0","2025-09-29 00:00:00.0","11453.01",,"44","21",,"5",,"5",,NP31401,,,,0,933631,571,2,3241,0,20250930,99991231,1,1,20260325
2134775,PDLD2517488099,LD2517488099,"1000585",TND,"21060","2025-09-23 00:00:00.0","2025-09-23 00:00:00.0","2025-09-23 00:00:00.0","11411.01","8914288976","44","21",,"5",,"5",,NA49500,,,,0,933631,586,2,4609,0,20250930,99991231,1,1,20260325
2147452,PDLD2517528802,LD2517528802,"1000585",TND,"21060","2025-09-24 00:00:00.0","2025-09-24 00:00:00.0","2025-09-24 00:00:00.0","11411.01","8914288976","44","21",,"5",,"5",,NA49500,,,,0,933631,586,2,4609,0,20250930,99991231,1,1,20260325
2207645,PDLD2521174191,LD2521174191,"1000585",TND,"21050","2025-09-30 00:00:00.0","2025-09-30 00:00:00.0","2025-09-30 00:00:00.0","11453.01",,"44","21",,"5",,"5",,NP31101,,,,0,933631,574,2,3241,0,20250930,99991231,1,1,20260325
2184162,PDLD2522733445,LD2522733445,"1000585",TND,"21050","2025-09-30 00:00:00.0","2025-09-30 00:00:00.0","2025-09-30 00:00:00.0","11453.01",,"44","21",,"5",,"5",,NP31101,,,,0,933631,574,2,3241,0,20250930,99991231,1,1,20260325
22698,TF2520481055,TF2520481055,"1000585",USD,"23207","2025-07-23 00:00:00.0","2025-07-23 00:00:00.0","2026-07-23 00:00:00.0","9998.01","8914288976","44",,,,,,,,,"45979.47",,0,933631,0,18,5201,0,20250930,99991231,1,1,20260325
2082415,TF252048105501,TF2520481055,"1000585",USD,"23207",,"2025-09-03 00:00:00.0",,,"8914288976","44",,,,,,,,,"45979.47",,0,0,0,0,0,0,20250930,99991231,1,1,20260316
14162,TF2526760758,TF2526760758,"1000585",USD,"23207","2025-09-24 00:00:00.0","2025-09-24 00:00:00.0","2026-09-24 00:00:00.0","9998.01","8914288976","44",,,,,,,,,"37460.84",,0,933631,0,18,5201,0,20250930,99991231,1,1,20260325
3095188,"8914288976","8914288976","1000585",TND,"1000","2017-03-27 00:00:00.0","2017-03-27 00:00:00.0",,"11111.01","8914288976","44",,,,,,,AC11100,"08703000441002035734",,A,2878682,933631,858,2,4133,-1,20250930,99991231,1,1,20260316
3584138,"8926981928","8926981928","1000587",TND,"6500","2024-12-09 00:00:00.0","2024-12-09 00:00:00.0",,"11119.01","8926981928","227",,,,,,,AC11100,"08071022074002359471",,A,2878682,943714,858,2,4682,-1,20250930,99991231,1,1,20260316
2951179,"8914057637","8914057637","1000588",TND,"6500","2017-02-13 00:00:00.0","2017-02-13 00:00:00.0",,"11119.01","8914057637","301",,,,,,,AC11100,"08130030014000639810",,A,2878682,944406,858,2,4682,-1,20250930,99991231,1,1,20260316
2448236,"8904417468","8904417468","100059",TND,"1010","2005-07-21 00:00:00.0","2005-07-21 00:00:00.0",,"11113.01","8904417468","108",,,,,,,AC11100,"08005010082012923159",,A,2878682,600491,858,2,3803,-1,20250930,99991231,1,1,20260316
2449140,"8904455181","8904455181","100059",TND,"6500","2005-09-27 00:00:00.0","2005-09-27 00:00:00.0",,"11119.01","8904455181","108",,,,,,,AC11100,"08005010084008135947",,A,2878682,600491,858,2,4682,-1,20250930,99991231,1,1,20260316
2712509,"8909958572","8909958572","100059",TND,"3439","2014-12-16 00:00:00.0","2014-12-16 00:00:00.0",,"11180.01","8909958572","108",,,,,,,AC43900,,,A,2878682,600491,859,2,4854,0,20250930,99991231,1,1,20260316
3089818,"8914364168","8914364168","100059",TND,"6505","2017-04-10 00:00:00.0","2017-04-10 00:00:00.0",,"11119.01","8914364168","108",,,,,,,AC11100,"08005010084312923915",,A,2878682,600491,858,2,4706,-1,20250930,99991231,1,1,20260316
2951183,"8914057729","8914057729","1000590",TND,"6500","2017-02-13 00:00:00.0","2017-02-13 00:00:00.0",,"11119.01","8914057729","295",,,,,,,AC11100,"08121029054001174345",,A,2878682,943214,858,2,4682,-1,20250930,99991231,1,1,20260316
2951190,"8914057826","8914057826","1000591",TND,"6500","2017-02-13 00:00:00.0","2017-02-13 00:00:00.0",,"11119.01","8914057826","211",,,,,,,AC11100,"08056021014001250034",,A,2878682,946778,858,2,4682,-1,20250930,99991231,1,1,20260316
3485705,"8924822539","8924822539","1000591",EUR,"1060","2023-01-13 00:00:00.0","2023-01-13 00:00:00.0",,"11119.01","8924822539","211",,,,,,,AC11100,"08056021015100183695",,A,2878682,946778,858,7,3464,-1,20250930,99991231,1,1,20260316
2951186,"8914057788","8914057788","1000593",TND,"6500","2017-02-13 00:00:00.0","2017-02-13 00:00:00.0",,"11119.01","8914057788","277",,,,,,,AC11100,"08099027074001156907",,A,2878682,946755,858,2,4682,-1,20250930,99991231,1,1,20260316
2943955,"8914152818","8914152818","1000595",TND,"6500","2017-03-01 00:00:00.0","2017-03-01 00:00:00.0",,"11119.01","8914152818","276",,,,,,,AC11100,"08097027064001302546",,A,2878682,941027,858,2,4682,-1,20250930,99991231,1,1,20260316
2951191,"8914057842","8914057842","1000597",TND,"1010","2017-02-13 00:00:00.0","2017-02-13 00:00:00.0",,"11113.01","8914057842","296",,,,,,,AC11100,"08128029062000838720",,A,2878682,944652,858,2,3803,-1,20250930,99991231,1,1,20260316
3144641,"8918832937","8918832937","1000597",TND,"3439","2019-09-13 00:00:00.0","2019-09-13 00:00:00.0",,"11180.01","8918832937","296",,,,,,,AC43900,,,A,2878682,944652,859,2,4854,0,20250930,99991231,1,1,20260316
2945014,"8914157235","8914157235","1000598",TND,"3439","2017-03-02 00:00:00.0","2017-03-02 00:00:00.0",,"11180.01","8914157235","56",,,,,,,AC43900,,,A,2878682,954365,859,2,4854,0,20250930,99991231,1,1,20260316
3386562,"8919480646","8919480646","1000598",TND,"6500","2020-02-11 00:00:00.0","2020-02-11 00:00:00.0",,"11119.01","8919480646","56",,,,,,,AC11100,"08205000564004447243",,A,2878682,954365,858,2,4682,-1,20250930,99991231,1,1,20260316
2259447,"8900703814","8900703814","10006",TND,"1010","2006-06-30 00:00:00.0","2006-06-30 00:00:00.0",,"11113.01","8900703814","16",,,,,,,AC11100,"08902000162004129331",,A,2878682,74355,858,2,3803,-1,20250930,99991231,1,1,20260316
2260029,"8900727004","8900727004","10006",TND,"6500","2006-06-30 00:00:00.0","2006-06-30 00:00:00.0",,"11119.01","8900727004","16",,,,,,,AC11100,"08902000164003403024",,A,2878682,74355,858,2,4682,-1,20250930,99991231,1,1,20260316
2705565,"8909371164","8909371164","10006",TND,"3439","2014-08-12 00:00:00.0","2014-08-12 00:00:00.0",,"11180.01","8909371164","16",,,,,,,AC43900,,,A,2878682,74355,859,2,4854,0,20250930,99991231,1,1,20260316
298724,LD1605300815,LD1605300815,"100060",TND,"21062","2016-01-31 00:00:00.0","2016-01-31 00:00:00.0","2034-04-30 00:00:00.0","55173.01","8914517851","224","21",,"3",null,null,,,,"29394.234",CRP1432700009.T01,-1,239390,0,2,3977,0,20250930,99991231,1,1,20260316
306546,LD1605300816,LD1605300816,"100060",TND,"21062","2016-01-31 00:00:00.0","2016-01-31 00:00:00.0","2034-04-30 00:00:00.0","55173.01","8914517851","224","21",,"3",null,null,,,,"29487.682",CRP1432700009.T02,-1,239390,0,2,3977,0,20250930,99991231,1,1,20260316
369386,LD2035043700,LD2035043700,"100060",TND,"21062","2020-12-01 00:00:00.0","2020-12-01 00:00:00.0","2034-07-31 00:00:00.0","5800.01","8914517851","224","28",,"3",null,null,,,,"991.123",,0,239390,0,2,3977,0,20250930,99991231,1,1,20260316
364743,LD2035061907,LD2035061907,"100060",TND,"21062","2020-12-01 00:00:00.0","2020-12-01 00:00:00.0","2034-07-31 00:00:00.0","5800.01","8914517851","224","28",,"3",null,null,,,,"988.823",,0,239390,0,2,3977,0,20250930,99991231,1,1,20260316
98175,MG2135700372,MG2135700372,"100060",TND,"25007","2021-12-23 00:00:00.0","2021-12-23 00:00:00.0","2027-01-28 00:00:00.0","55159.01","8914517851","224","21","8.9825","2.50","6.25","2.5","10",NP57701,"90213570037200806764","20000.000",DC2135700133,-1,239390,826,2,4914,162786,20250930,99991231,1,1,20260316
2111661,PDLD1605300815,LD1605300815,"100060",TND,"21062","2016-05-31 00:00:00.0","2016-05-31 00:00:00.0","2034-04-30 00:00:00.0","9997.00","8914517851","224","21",,"5",,"5",,PM72500,,,,0,239390,325,2,3977,0,20250930,99991231,1,1,20260325
2108064,PDLD1605300816,LD1605300816,"100060",TND,"21062","2016-02-29 00:00:00.0","2016-02-29 00:00:00.0","2034-04-30 00:00:00.0","9997.00","8914517851","224","21",,"5",,"5",,PM72500,,,,0,239390,325,2,3977,0,20250930,99991231,1,1,20260325
2139007,PDMG2135700372,MG2135700372,"100060",TND,"25007","2022-02-28 00:00:00.0","2022-02-28 00:00:00.0","2027-01-28 00:00:00.0","9997.00","8914517851","224","21",,"5",,"5",,NP57701,,,,0,239390,826,2,4914,0,20250930,99991231,1,1,20260325
2621507,"8908018371","8908018371","100060",TND,"3439","2013-11-11 00:00:00.0","2013-11-11 00:00:00.0",,"11180.01","8908018371","108",,,,,,,AC43900,,,A,2878682,239390,859,2,4854,0,20250930,99991231,1,1,20260316
3100195,"8914517851","8914517851","100060",TND,"1010","2017-05-08 00:00:00.0","2017-05-08 00:00:00.0",,"11112.01","8914517851","224",,,,,,,AC11100,"08067022042003645019",,A,2878682,239390,858,2,3803,-1,20250930,99991231,1,1,20260316
3104057,"8914522294","8914522294","100060",TND,"6500","2017-05-08 00:00:00.0","2017-05-08 00:00:00.0",,"11119.01","8914522294","224",,,,,,,AC11100,"08067022044002475034",,A,2878682,239390,858,2,4682,-1,20250930,99991231,1,1,20260316
3068930,"8914891613","8914891613","100060",TND,"3439","2017-07-14 00:00:00.0","2017-07-14 00:00:00.0",,"11180.01","8914891613","224",,,,,,,AC43900,,,A,2878682,239390,859,2,4854,0,20250930,99991231,1,1,20260316
216835,LD2121814364,LD2121814364,"1000600",TND,"21062","2021-08-06 00:00:00.0","2021-08-06 00:00:00.0","2036-07-25 00:00:00.0","55172.01","8914057777","299","29",,"2",null,null,,,,"50000",CRP2111169275.T02,-1,945803,0,2,3977,0,20250930,99991231,1,1,20260316
116982,MG2521300342,MG2521300342,"1000600",TND,"25001","2025-08-01 00:00:00.0","2025-08-01 00:00:00.0","2028-09-28 00:00:00.0","55103.01","8914057777","299",,"10.807",,"7.5","2.5","10",TF49101,"90252130034200830021","5000.000",DC2521300101,-1,945803,642,2,3863,165415,20250930,99991231,1,1,20260316
2216285,PDLD2121814364,LD2121814364,"1000600",TND,"21062","2022-01-25 00:00:00.0","2022-01-25 00:00:00.0","2036-07-25 00:00:00.0","9997.01","8914057777","299","21",,"5",,"5",,NP72101,,,,0,945803,51,2,3977,0,20250930,99991231,1,1,20260325
2951185,"8914057777","8914057777","1000600",TND,"1010","2017-02-13 00:00:00.0","2017-02-13 00:00:00.0",,"11112.01","8914057777","299",,,,,,,AC11100,"08300000002009200914",,A,2878682,945803,858,2,3803,-1,20250930,99991231,1,1,20260316
3088440,"8914305145","8914305145","1000600",TND,"3439","2017-03-29 00:00:00.0","2017-03-29 00:00:00.0",,"11180.01","8914305145","299",,,,,,,AC43900,,,A,2878682,945803,859,2,4854,0,20250930,99991231,1,1,20260316
3043083,"8914584028","8914584028","1000600",TND,"6500","2017-05-17 00:00:00.0","2017-05-17 00:00:00.0",,"11119.01","8914584028","299",,,,,,,AC11100,"08300000004095941641",,A,2878682,945803,858,2,4682,-1,20250930,99991231,1,1,20260316
2951187,"8914057796","8914057796","1000601",TND,"6500","2017-02-13 00:00:00.0","2017-02-13 00:00:00.0",,"11119.01","8914057796","118",,,,,,,AC11100,"08026011084004637035",,A,2878682,942154,858,2,4682,-1,20250930,99991231,1,1,20260316
3660540,"8926125266","8926125266","1000602",TND,"6500","2024-03-07 00:00:00.0","2024-03-07 00:00:00.0",,"11119.01","8926125266","16",,,,,,,AC11100,"08902000164010618951",,A,2878682,74309,858,2,4682,-1,20250930,99991231,1,1,20260316
2951188,"8914057807","8914057807","1000603",TND,"1010","2017-02-13 00:00:00.0","2017-02-13 00:00:00.0",,"11112.01","8914057807","2",,,,,,,AC11100,"08400000022003953660",,A,2878682,948027,858,2,3803,-1,20250930,99991231,1,1,20260316
3052348,"8916014482","8916014482","1000603",TND,"6500","2017-12-25 00:00:00.0","2017-12-25 00:00:00.0",,"11119.01","8916014482","2",,,,,,,AC11100,"08400000024002193527",,A,2878682,948027,858,2,4682,-1,20250930,99991231,1,1,20260316
2951192,"8914057858","8914057858","1000606",TND,"6500","2017-02-13 00:00:00.0","2017-02-13 00:00:00.0",,"11119.01","8914057858","255",,,,,,,AC11100,"08084025054002052023",,A,2878682,943636,858,2,4682,-1,20250930,99991231,1,1,20260316
3336006,"8921743597","8921743597","1000607",TND,"6500","2020-08-17 00:00:00.0","2020-08-17 00:00:00.0",,"11119.01","8921743597","272",,,,,,,AC11100,"08092027024003107555",,A,2878682,946506,858,2,4682,-1,20250930,99991231,1,1,20260316
2952314,"8914057877","8914057877","1000610",TND,"6500","2017-02-13 00:00:00.0","2017-02-13 00:00:00.0",,"11119.01","8914057877","253",,,,,,,AC11100,"08087025034001975647",,A,2878682,942386,858,2,4682,-1,20250930,99991231,1,1,20260316
2952316,"8914057907","8914057907","1000612",TND,"6003","2017-02-13 00:00:00.0","2017-02-13 00:00:00.0",,"11119.01","8914057907","235",,,,,,,AC11100,"08077023054500363069",,A,2878682,942227,858,2,4023,-1,20250930,99991231,1,1,20260316
2952318,"8914057974","8914057974","1000613",TND,"6500","2017-02-13 00:00:00.0","2017-02-13 00:00:00.0",,"11119.01","8914057974","1",,,,,,,AC11100,"08301000014094755528",,A,2878682,942293,858,2,4682,-1,20250930,99991231,1,1,20260316
2952320,"8914058024","8914058024","1000614",TND,"1010","2017-02-13 00:00:00.0","2017-02-13 00:00:00.0",,"11112.01","8914058024","31",,,,,,,AC11100,"08801000312007104057",,A,2878682,946567,858,2,3803,-1,20250930,99991231,1,1,20260316
2944493,"8914065675","8914065675","1000616",TND,"6500","2017-02-15 00:00:00.0","2017-02-15 00:00:00.0",,"11119.01","8914065675","28",,,,,,,AC11100,"08303000284007259533",,A,2878682,947134,858,2,4682,-1,20250930,99991231,1,1,20260316
2952327,"8914058137","8914058137","1000617",TND,"1010","2021-08-18 00:00:00.0","2021-08-18 00:00:00.0",,"11113.01","8914058137","290",,,,,,,AC11100,"08129029092000345089",,A,2878682,952188,858,2,3803,-1,20250930,99991231,1,1,20260316
2952319,"8914057982","8914057982","1000618",TND,"6500","2017-02-13 00:00:00.0","2017-02-13 00:00:00.0",,"11119.01","8914057982","47",,,,,,,AC11100,"08708000474008553660",,A,2878682,943541,858,2,4682,-1,20250930,99991231,1,1,20260316
2448253,"8904428524","8904428524","100062",TND,"1010","2009-06-10 00:00:00.0","2009-06-10 00:00:00.0",,"11113.01","8904428524","108",,,,,,,AC11100,"08005010082014145262",,A,2878682,243321,858,2,3803,-1,20250930,99991231,1,1,20260316
2449715,"8904493067","8904493067","100062",TND,"6505","2011-03-07 00:00:00.0","2011-03-07 00:00:00.0",,"11119.01","8904493067","108",,,,,,,AC11100,"08005010084301525057",,A,2878682,243321,858,2,4706,-1,20250930,99991231,1,1,20260316
2953454,"8914058237","8914058237","1000620",USD,"1060","2017-02-13 00:00:00.0","2017-02-13 00:00:00.0",,"11119.01","8914058237","64",,,,,,,AC11100,"08002000645100447443",,A,2878682,945673,858,18,3464,-1,20250930,99991231,1,1,20260316
3097678,"8914347115","8914347115","1000620",EUR,"1060","2017-04-05 00:00:00.0","2017-04-05 00:00:00.0",,"11119.01","8914347115","64",,,,,,,AC11100,"08002000645100444048",,A,2878682,945673,858,7,3464,-1,20250930,99991231,1,1,20260316
3094866,"8914541922","8914541922","1000620",USD,"3981","2017-05-10 00:00:00.0","2017-05-10 00:00:00.0",,"11119.01","8914541922","64",,,,,,,AC11100,,,A,2878682,945673,858,18,5380,0,20250930,99991231,1,1,20260316
3100512,"8914542422","8914542422","1000620",EUR,"3981","2017-05-10 00:00:00.0","2017-05-10 00:00:00.0",,"11119.01","8914542422","64",,,,,,,AC11100,,,A,2878682,945673,858,7,5380,0,20250930,99991231,1,1,20260316
3519506,"8924123312","8924123312","1000620",EUR,"3981","2022-06-15 00:00:00.0","2022-06-15 00:00:00.0",,"11119.01","8924123312","64",,,,,,,AC11100,,,A,2878682,945673,858,7,5380,0,20250930,99991231,1,1,20260316
3504100,"8924123428","8924123428","1000620",USD,"3981","2022-06-15 00:00:00.0","2022-06-15 00:00:00.0",,"11119.01","8924123428","64",,,,,,,AC11100,,,A,2878682,945673,858,18,5380,0,20250930,99991231,1,1,20260316
2952322,"8914058048","8914058048","1000621",TND,"6500","2017-02-13 00:00:00.0","2017-02-13 00:00:00.0",,"11119.01","8914058048","231",,,,,,,AC11100,"08074023014001418001",,A,2878682,947688,858,2,4682,-1,20250930,99991231,1,1,20260316
2952321,"8914058032","8914058032","1000622",TND,"6500","2017-02-13 00:00:00.0","2017-02-13 00:00:00.0",,"11119.01","8914058032","10",,,,,,,AC11100,"08605000104013581992",,A,2878682,946587,858,2,4682,-1,20250930,99991231,1,1,20260316
329866,LD1920521620,LD1920521620,"1000623",TND,"21062","2019-07-24 00:00:00.0","2019-07-24 00:00:00.0","2034-07-22 00:00:00.0","55172.01","8917728144","222","29",,"1.75",null,null,,,,"50000",CRP1907252342.T01,-1,947213,0,2,3977,0,20250930,99991231,1,1,20260316
354711,LD2034983518,LD2034983518,"1000623",TND,"21062","2020-12-01 00:00:00.0","2020-12-01 00:00:00.0","2034-10-22 00:00:00.0","5800.01","8917728144","222","28",,"1.75",null,null,,,,"1584.869",,0,947213,0,2,3977,0,20250930,99991231,1,1,20260316
141809,MG2132800013,MG2132800013,"1000623",TND,"25007","2021-11-30 00:00:00.0","2021-11-30 00:00:00.0","2026-12-25 00:00:00.0","55159.01","8917728144","222","21","12.259","5","6.24","5","12.5",NP57701,"90213280001300806693","7000.000",DC2132700241,-1,947213,826,2,4914,73732,20250930,99991231,1,1,20260316
2205061,PDLD1920521620,LD1920521620,"1000623",TND,"21062","2020-02-22 00:00:00.0","2020-02-22 00:00:00.0","2034-07-22 00:00:00.0","9997.01","8917728144","222","21",,"5",,"5",,NP72101,,,,0,947213,51,2,3977,0,20250930,99991231,1,1,20260325
2115753,PDMG2132800013,MG2132800013,"1000623",TND,"25007","2021-12-24 00:00:00.0","2021-12-24 00:00:00.0","2026-12-25 00:00:00.0","9997.01","8917728144","222","21",,"5",,"5",,NP57701,,,,0,947213,826,2,4914,0,20250930,99991231,1,1,20260325
3219514,"8917728144","8917728144","1000623",TND,"1010","2018-12-21 00:00:00.0","2018-12-21 00:00:00.0",,"11112.01","8917728144","222",,,,,,,AC11100,"08066022022003868844",,A,2878682,947213,858,2,3803,-1,20250930,99991231,1,1,20260316
3196353,"8918598821","8918598821","1000623",TND,"3439","2019-07-18 00:00:00.0","2019-07-18 00:00:00.0",,"11180.01","8918598821","222",,,,,,,AC43900,,,A,2878682,947213,859,2,4854,0,20250930,99991231,1,1,20260316
2952323,"8914058059","8914058059","1000624",TND,"6500","2017-02-13 00:00:00.0","2017-02-13 00:00:00.0",,"11119.01","8914058059","218",,,,,,,AC11100,"08064021084001786323",,A,2878682,942498,858,2,4682,-1,20250930,99991231,1,1,20260316
2952324,"8914058067","8914058067","1000625",TND,"6003","2017-02-13 00:00:00.0","2017-02-13 00:00:00.0",,"11119.01","8914058067","235",,,,,,,AC11100,"08077023054500364912",,A,2878682,942441,858,2,4023,-1,20250930,99991231,1,1,20260316
2952326,"8914058121","8914058121","1000626",TND,"6500","2017-02-13 00:00:00.0","2017-02-13 00:00:00.0",,"11119.01","8914058121","127",,,,,,,AC11100,"08033012074003464862",,A,2878682,940166,858,2,4682,-1,20250930,99991231,1,1,20260316
2952328,"8914058148","8914058148","1000627",TND,"6500","2017-02-13 00:00:00.0","2017-02-13 00:00:00.0",,"11119.01","8914058148","3",,,,,,,AC11100,"08109000034005144024",,A,2878682,953291,858,2,4682,-1,20250930,99991231,1,1,20260316
86966,MG2106900146,MG2106900146,"1000628",TND,"25007","2021-03-15 00:00:00.0","2021-03-15 00:00:00.0","2026-03-27 00:00:00.0","55159.01","8914058164","72","21","9.2863","2.5","6.23","2.50","10",NP57701,"90210690014600810378","25000.000",DC2106900026,-1,940920,826,2,4914,223656,20250930,99991231,1,1,20260316
2174644,PDMG2106900146,MG2106900146,"1000628",TND,"25007","2021-12-27 00:00:00.0","2021-12-27 00:00:00.0","2026-03-27 00:00:00.0","9998.01","8914058164","72","21",,"5",,"5",,NP57701,,,,0,940920,826,2,4914,0,20250930,99991231,1,1,20260325
2952330,"8914058164","8914058164","1000628",TND,"1010","2017-02-13 00:00:00.0","2017-02-13 00:00:00.0",,"11112.01","8914058164","72",,,,,,,AC11100,"08103000722012047866",,A,2878682,940920,858,2,3803,-1,20250930,99991231,1,1,20260316
2449120,"8904449467","8904449467","100063",TND,"6500","2011-09-30 00:00:00.0","2011-09-30 00:00:00.0",,"11119.01","8904449467","108",,,,,,,AC11100,"08005010084010293324",,A,2878682,397754,858,2,4682,-1,20250930,99991231,1,1,20260316
2600883,"8907855897","8907855897","100063",TND,"3439","2013-11-11 00:00:00.0","2013-11-11 00:00:00.0",,"11180.01","8907855897","108",,,,,,,AC43900,,,A,2878682,397754,859,2,4854,0,20250930,99991231,1,1,20260316
3065401,"8916229098","8916229098","1000632",TND,"6500","2018-01-31 00:00:00.0","2018-01-31 00:00:00.0",,"11119.01","8916229098","61",,,,,,,AC11100,"08003000614027192403",,A,2878682,942647,858,2,4682,-1,20250930,99991231,1,1,20260316
3002059,"8916406453","8916406453","1000632",TND,"3439","2018-03-01 00:00:00.0","2018-03-01 00:00:00.0",,"11180.01","8916406453","61",,,,,,,AC43900,,,A,2878682,942647,859,2,4854,0,20250930,99991231,1,1,20260316
2947941,"8914081956","8914081956","1000633",TND,"1000","2017-02-17 00:00:00.0","2017-02-17 00:00:00.0",,"11111.01","8914081956","136",,,,,,,AC11100,"08039013061000277467",,A,2878682,952780,858,2,4133,-1,20250930,99991231,1,1,20260316
2953455,"8914058277","8914058277","1000638",TND,"6003","2017-02-13 00:00:00.0","2017-02-13 00:00:00.0",,"11119.01","8914058277","254",,,,,,,AC11100,"08086025044500112741",,A,2878682,944164,858,2,4023,-1,20250930,99991231,1,1,20260316
2953457,"8914058307","8914058307","1000639",TND,"1010","2017-02-13 00:00:00.0","2017-02-13 00:00:00.0",,"11112.01","8914058307","202",,,,,,,AC11100,"08047020022002493757",,A,2878682,940595,858,2,3803,-1,20250930,99991231,1,1,20260316
2449052,"8904430081","8904430081","100064",TND,"1010","2010-03-24 00:00:00.0","2010-03-24 00:00:00.0",,"11112.01","8904430081","108",,,,,,,AC11100,"08005010082014344791",,A,2878682,246296,858,2,3803,-1,20250930,99991231,1,1,20260316
2612645,"8907713742","8907713742","100064",TND,"3439","2013-11-11 00:00:00.0","2013-11-11 00:00:00.0",,"11180.01","8907713742","108",,,,,,,AC43900,,,A,2878682,246296,859,2,4854,0,20250930,99991231,1,1,20260316
2953458,"8914058318","8914058318","1000640",TND,"6500","2017-02-13 00:00:00.0","2017-02-13 00:00:00.0",,"11119.01","8914058318","299",,,,,,,AC11100,"08300000004095740560",,A,2878682,944084,858,2,4682,-1,20250930,99991231,1,1,20260316
2953459,"8914058385","8914058385","1000641",TND,"6500","2017-02-13 00:00:00.0","2017-02-13 00:00:00.0",,"11119.01","8914058385","7",,,,,,,AC11100,"08306000074004541517",,A,2878682,956560,858,2,4682,-1,20250930,99991231,1,1,20260316
146131,MG2218700069,MG2218700069,"1000644",TND,"25007","2022-07-11 00:00:00.0","2022-07-11 00:00:00.0","2027-08-28 00:00:00.0","55159.01","8914058393","32",,"12.7",,"7.01","5","12.01",TF57701,"90221870006900880258","30000.000",DC2218000173,-1,944440,676,2,4914,173233,20250930,99991231,1,1,20260316
2953460,"8914058393","8914058393","1000644",TND,"1010","2017-02-13 00:00:00.0","2017-02-13 00:00:00.0",,"11112.01","8914058393","32",,,,,,,AC11100,"08802000322011254205",,A,2878682,944440,858,2,3803,-1,20250930,99991231,1,1,20260316
2944679,"8914097283","8914097283","1000644",TND,"6500","2017-02-21 00:00:00.0","2017-02-21 00:00:00.0",,"11119.01","8914097283","32",,,,,,,AC11100,"08802000324010926277",,A,2878682,944440,858,2,4682,-1,20250930,99991231,1,1,20260316
2947232,"8914191808","8914191808","1000644",TND,"3439","2017-03-08 00:00:00.0","2017-03-08 00:00:00.0",,"11180.01","8914191808","32",,,,,,,AC43900,,,A,2878682,944440,859,2,4854,0,20250930,99991231,1,1,20260316
157454,LD2405932182,LD2405932182,"1000647",TND,"21062","2024-02-28 00:00:00.0","2024-02-28 00:00:00.0","2044-02-27 00:00:00.0","55178.01","8924742721","222",,,,null,null,,,,"50000",CRP2335593176.T01,-1,943601,0,2,3977,0,20250930,99991231,1,1,20260316
224203,LD2410614850,LD2410614850,"1000647",TND,"21062","2024-04-15 00:00:00.0","2024-04-15 00:00:00.0","2044-02-26 00:00:00.0","55178.01","8924742721","222",,,,null,null,,,,"30000",CRP2335593176.T02,-1,943601,0,2,3977,0,20250930,99991231,1,1,20260316
2149153,PDLD2405932182,LD2405932182,"1000647",TND,"21062","2024-11-27 00:00:00.0","2024-11-27 00:00:00.0","2044-02-27 00:00:00.0","9997.01","8924742721","222","21",,"5",,"5",,FT77812,,,,0,943601,454,2,3977,0,20250930,99991231,1,1,20260325
2132392,PDLD2410614850,LD2410614850,"1000647",TND,"21062","2024-12-26 00:00:00.0","2024-12-26 00:00:00.0","2044-02-26 00:00:00.0","9997.01","8924742721","222","21",,"5",,"5",,FT77812,,,,0,943601,454,2,3977,0,20250930,99991231,1,1,20260325
3103568,"8914481903","8914481903","1000647",TND,"6500","2017-04-28 00:00:00.0","2017-04-28 00:00:00.0",,"11119.01","8914481903","72",,,,,,,AC11100,"08103000724012314742",,A,2878682,943601,858,2,4682,-1,20250930,99991231,1,1,20260316
3494287,"8924742721","8924742721","1000647",TND,"1010","2022-12-21 00:00:00.0","2022-12-21 00:00:00.0",,"11112.01","8924742721","222",,,,,,,AC11100,"08066022022005509405",,A,2878682,943601,858,2,3803,-1,20250930,99991231,1,1,20260316
2944804,"8914058458","8914058458","1000648",TND,"6500","2017-02-13 00:00:00.0","2017-02-13 00:00:00.0",,"11119.01","8914058458","278",,,,,,,AC11100,"08112027084001122129",,A,2878682,637414,858,2,4682,-1,20250930,99991231,1,1,20260316
2446189,"8904431557","8904431557","100065",TND,"1010","2010-04-01 00:00:00.0","2010-04-01 00:00:00.0",,"11112.01","8904431557","108",,,,,,,AC11100,"08005010082014348089",,A,2878682,251454,858,2,3803,-1,20250930,99991231,1,1,20260316
2974717,"8916581271","8916581271","100065",TND,"6500","2018-04-03 00:00:00.0","2018-04-03 00:00:00.0",,"11119.01","8916581271","64",,,,,,,AC11100,"08002000644086740310",,A,2878682,251454,858,2,4682,-1,20250930,99991231,1,1,20260316
2953463,"8914058512","8914058512","1000650",TND,"1010","2017-02-13 00:00:00.0","2017-02-13 00:00:00.0",,"11112.01","8914058512","7",,,,,,,AC11100,"08306000072004667976",,A,2878682,947652,858,2,3803,-1,20250930,99991231,1,1,20260316
3419661,"8924688891","8924688891","1000650",TND,"3439","2022-12-02 00:00:00.0","2022-12-02 00:00:00.0",,"11180.01","8924688891","7",,,,,,,AC43900,,,A,2878682,947652,859,2,4854,0,20250930,99991231,1,1,20260316
2953461,"8914058474","8914058474","1000651",TND,"6500","2017-02-13 00:00:00.0","2017-02-13 00:00:00.0",,"11119.01","8914058474","288",,,,,,,AC11100,"08119028084000941926",,A,2878682,940807,858,2,4682,-1,20250930,99991231,1,1,20260316
2953464,"8914058563","8914058563","1000653",TND,"1010","2017-02-13 00:00:00.0","2017-02-13 00:00:00.0",,"11112.01","8914058563","61",,,,,,,AC11100,"08003000612071173144",,A,2878682,945428,858,2,3803,-1,20250930,99991231,1,1,20260316
3063995,"8916260769","8916260769","1000653",TND,"3439","2018-02-06 00:00:00.0","2018-02-06 00:00:00.0",,"11180.01","8916260769","61",,,,,,,AC43900,,,A,2878682,945428,859,2,4854,0,20250930,99991231,1,1,20260316
281675,LD1725670083,LD1725670083,"1000657",TND,"21062","2017-09-13 00:00:00.0","2017-09-13 00:00:00.0","2032-09-12 00:00:00.0","55172.01","8914058679","31","21",,"3.75",null,null,,,,"48000",CRP1713832516.T01,-1,947533,0,2,3977,0,20250930,99991231,1,1,20260316
370112,LD2035035018,LD2035035018,"1000657",TND,"21062","2020-12-01 00:00:00.0","2020-12-01 00:00:00.0","2032-12-12 00:00:00.0","5800.01","8914058679","31","28",,"3.75",null,null,,,,"1772.324",,0,947533,0,2,3977,0,20250930,99991231,1,1,20260316
2111487,PDLD1725670083,LD1725670083,"1000657",TND,"21062","2022-06-12 00:00:00.0","2022-06-12 00:00:00.0","2032-09-12 00:00:00.0","9998.01","8914058679","31","21",,"5",,"5",,NP72101,,,,0,947533,51,2,3977,0,20250930,99991231,1,1,20260325
2954596,"8914058679","8914058679","1000657",TND,"1010","2017-02-13 00:00:00.0","2017-02-13 00:00:00.0",,"11113.01","8914058679","31",,,,,,,AC11100,"08801000312007105997",,A,2878682,947533,858,2,3803,-1,20250930,99991231,1,1,20260316
3093308,"8914384584","8914384584","1000657",TND,"3439","2017-04-12 00:00:00.0","2017-04-12 00:00:00.0",,"11180.01","8914384584","31",,,,,,,AC43900,,,A,2878682,947533,859,2,4854,0,20250930,99991231,1,1,20260316
2953465,"8914058571","8914058571","1000659",TND,"1010","2017-02-13 00:00:00.0","2017-02-13 00:00:00.0",,"11112.01","8914058571","251",,,,,,,AC11100,"08082025012000956374",,A,2878682,940523,858,2,3803,-1,20250930,99991231,1,1,20260316
2445073,"8904381943","8904381943","100066",EUR,"1060","2008-04-22 00:00:00.0","2008-04-22 00:00:00.0",,"11119.01","8904381943","107",,,,,,,AC11100,"08016010075100618177",,A,2878682,236591,858,7,3464,-1,20250930,99991231,1,1,20260316
46737,MG2210100194,MG2210100194,"1000662",TND,"25007","2022-04-11 00:00:00.0","2022-04-11 00:00:00.0","2027-06-07 00:00:00.0","55159.01","8914058628","314",,"12.327",,"6.26","5","11.26",TF57701,"90221010019400814290","13000.000",DC2209800014,-1,943746,676,2,4914,160963,20250930,99991231,1,1,20260316
2194770,PDMG2210100194,MG2210100194,"1000662",TND,"25007","2022-08-08 00:00:00.0","2022-08-08 00:00:00.0","2027-06-07 00:00:00.0","9997.01","8914058628","314","21",,"5",,"5",,TF57701,,,,0,943746,676,2,4914,0,20250930,99991231,1,1,20260325
2953468,"8914058628","8914058628","1000662",TND,"1010","2017-02-13 00:00:00.0","2017-02-13 00:00:00.0",,"11112.01","8914058628","314",,,,,,,AC11100,"08142031042000471040",,A,2878682,943746,858,2,3803,-1,20250930,99991231,1,1,20260316
2954598,"8914058695","8914058695","1000664",USD,"1060","2017-02-13 00:00:00.0","2017-02-13 00:00:00.0",,"11119.01","8914058695","71",,,,,,,AC11100,"08003000715117186345",,A,2878682,1370918,858,18,3464,-1,20250930,99991231,1,1,20260316
97563,MG2102900070,MG2102900070,"1000665",TND,"25007","2021-01-29 00:00:00.0","2021-01-29 00:00:00.0","2026-02-20 00:00:00.0","55159.01","8914059004","1","21","8.6927","2.25","6.120","2.25","9.75",NP57701,"90210290007000830132","24000.000",DC2102800189,-1,945454,826,2,4914,74055,20250930,99991231,1,1,20260316
47087,MG2504200461,MG2504200461,"1000665",TND,"25007","2025-02-11 00:00:00.0","2025-02-11 00:00:00.0","2030-03-20 00:00:00.0","55159.01","8914059004","1",,"10.591",,"7.99","2.25","10.24",TF57701,"90250420046100830125","23000.000",DC2503400256,-1,945454,676,2,4914,109515,20250930,99991231,1,1,20260316
2202331,PDMG2102900070,MG2102900070,"1000665",TND,"25007","2021-04-20 00:00:00.0","2021-04-20 00:00:00.0","2026-02-20 00:00:00.0","9997.01","8914059004","1","21",,"5",,"5",,NP57701,,,,0,945454,826,2,4914,0,20250930,99991231,1,1,20260325
2216103,PDMG2504200461,MG2504200461,"1000665",TND,"25007","2025-05-20 00:00:00.0","2025-05-20 00:00:00.0","2030-03-20 00:00:00.0","9997.01","8914059004","1","21",,"5",,"5",,TF57701,,,,0,945454,676,2,4914,0,20250930,99991231,1,1,20260325
2955750,"8914059004","8914059004","1000665",TND,"1010","2017-02-13 00:00:00.0","2017-02-13 00:00:00.0",,"11112.01","8914059004","1",,,,,,,AC11100,"08301000012009361452",,A,2878682,945454,858,2,3803,-1,20250930,99991231,1,1,20260316
2943483,"8914077142","8914077142","1000665",TND,"3439","2017-02-16 00:00:00.0","2017-02-16 00:00:00.0",,"11180.01","8914077142","1",,,,,,,AC43900,,,A,2878682,945454,859,2,4854,0,20250930,99991231,1,1,20260316
117967,MG2204200038,MG2204200038,"1000666",TND,"25007","2022-02-11 00:00:00.0","2022-02-11 00:00:00.0","2027-03-10 00:00:00.0","55171.01","8914058687","43","21","10.746","4","6.19","4","11.5",NP57799,"90220420003800870297","20000.000",DC2203800184,-1,947518,828,2,4914,90100,20250930,99991231,1,1,20260316
2101007,PDMG2204200038,MG2204200038,"1000666",TND,"25007","2023-10-10 00:00:00.0","2023-10-10 00:00:00.0","2027-03-10 00:00:00.0","9997.01","8914058687","43","21",,"5",,"5",,NP57799,,,,0,947518,828,2,4914,0,20250930,99991231,1,1,20260325
2954597,"8914058687","8914058687","1000666",TND,"1010","2017-02-13 00:00:00.0","2017-02-13 00:00:00.0",,"11113.01","8914058687","43",,,,,,,AC11100,"08702000432008391040",,A,2878682,947518,858,2,3803,-1,20250930,99991231,1,1,20260316
2955200,"8914230234","8914230234","1000666",TND,"3439","2017-03-15 00:00:00.0","2017-03-15 00:00:00.0",,"11180.01","8914230234","43",,,,,,,AC43900,,,A,2878682,947518,859,2,4854,0,20250930,99991231,1,1,20260316
3294708,"8923029223","8923029223","1000668",TND,"3993","2021-08-16 00:00:00.0","2021-08-16 00:00:00.0",,,"8923029223","255",,,,,,,AC11100,,,,0,941623,858,2,5529,0,20250930,99991231,1,1,20260316
2954599,"8914058717","8914058717","1000669",TND,"6500","2017-02-13 00:00:00.0","2017-02-13 00:00:00.0",,"11119.01","8914058717","20",,,,,,,AC11100,"08500000204013048168",,A,2878682,947522,858,2,4682,-1,20250930,99991231,1,1,20260316
3491689,"8924937662","8924937662","1000669",CAD,"1060","2023-02-27 00:00:00.0","2023-02-27 00:00:00.0",,"11119.01","8924937662","258",,,,,,,AC11100,"08090025085100210043",,A,2878682,947522,858,3,3464,-1,20250930,99991231,1,1,20260316
324024,LD1724090229,LD1724090229,"1000672",TND,"21062","2017-08-28 00:00:00.0","2017-08-28 00:00:00.0","2032-08-22 00:00:00.0","55173.01","8914058725","543","21",,"3.50",null,null,,,,"30000",CRP1718634271.T01,-1,940638,0,2,3977,0,20250930,99991231,1,1,20260316
375090,LD2107411392,LD2107411392,"1000672",TND,"21062","2021-03-01 00:00:00.0","2021-03-01 00:00:00.0","2033-03-22 00:00:00.0","5800.01","8914058725","543","28",,"3.5",null,null,,,,"2618.455",,0,940638,0,2,3977,0,20250930,99991231,1,1,20260316
2133109,PDLD1724090229,LD1724090229,"1000672",TND,"21062","2017-11-22 00:00:00.0","2017-11-22 00:00:00.0","2032-08-22 00:00:00.0","9997.01","8914058725","543","21",,"5",,"5",,NP72401,,,,0,940638,180,2,3977,0,20250930,99991231,1,1,20260325
2954600,"8914058725","8914058725","1000672",TND,"1010","2017-02-13 00:00:00.0","2017-02-13 00:00:00.0",,"11112.01","8914058725","279",,,,,,,AC11100,"08098027092000712856",,A,2878682,940638,858,2,3803,-1,20250930,99991231,1,1,20260316
3088483,"8914314179","8914314179","1000672",TND,"3439","2017-03-30 00:00:00.0","2017-03-30 00:00:00.0",,"11180.01","8914314179","279",,,,,,,AC43900,,,A,2878682,940638,859,2,4854,0,20250930,99991231,1,1,20260316
3561278,"8925969916","8925969916","1000672",TND,"3992","2024-01-18 00:00:00.0","2024-01-18 00:00:00.0",,,"8925969916","279",,,,,,,AC11100,,,,0,940638,858,2,5528,0,20250930,99991231,1,1,20260316
2954602,"8914058741","8914058741","1000673",TND,"1010","2017-02-13 00:00:00.0","2017-02-13 00:00:00.0",,"11113.01","8914058741","296",,,,,,,AC11100,"08128029062000839593",,A,2878682,945755,858,2,3803,-1,20250930,99991231,1,1,20260316
3042170,"8914647941","8914647941","1000673",TND,"6500","2017-05-26 00:00:00.0","2017-05-26 00:00:00.0",,"11119.01","8914647941","296",,,,,,,AC11100,"08128029064000887152",,A,2878682,945755,858,2,4682,-1,20250930,99991231,1,1,20260316
3034080,"8914667087","8914667087","1000673",TND,"3439","2017-05-30 00:00:00.0","2017-05-30 00:00:00.0",,"11180.01","8914667087","296",,,,,,,AC43900,,,A,2878682,945755,859,2,4854,0,20250930,99991231,1,1,20260316
2949031,"8914078653","8914078653","1000674",TND,"6500","2017-02-16 00:00:00.0","2017-02-16 00:00:00.0",,"11119.01","8914078653","272",,,,,,,AC11100,"08092027024002055396",,A,2878682,940846,858,2,4682,-1,20250930,99991231,1,1,20260316
2954601,"8914058733","8914058733","1000676",TND,"6500","2017-02-13 00:00:00.0","2017-02-13 00:00:00.0",,"11119.01","8914058733","47",,,,,,,AC11100,"08708000474008554436",,A,2878682,946283,858,2,4682,-1,20250930,99991231,1,1,20260316
121281,MG2333200459,MG2333200459,"1000677",TND,"25007","2023-11-28 00:00:00.0","2023-11-28 00:00:00.0","2029-01-02 00:00:00.0","55159.01","8914058865","80",,"13.27",,"7.99","4.75","12.74",TF57701,"90233320045900860011","35000.000",DC2333200199,-1,940559,676,2,4914,99625,20250930,99991231,1,1,20260316
2191831,PDMG2333200459,MG2333200459,"1000677",TND,"25007","2024-01-02 00:00:00.0","2024-01-02 00:00:00.0","2029-01-02 00:00:00.0","9997.01","8914058865","80","21",,"5",,"5",,TF57701,,,,0,940559,676,2,4914,0,20250930,99991231,1,1,20260325
2954608,"8914058865","8914058865","1000677",TND,"1010","2017-02-13 00:00:00.0","2017-02-13 00:00:00.0",,"11113.01","8914058865","80",,,,,,,AC11100,"08600000802010635390",,A,2878682,940559,858,2,3803,-1,20250930,99991231,1,1,20260316
2956430,"8914172919","8914172919","1000677",TND,"3439","2017-03-06 00:00:00.0","2017-03-06 00:00:00.0",,"11180.01","8914172919","80",,,,,,,AC43900,,,A,2878682,940559,859,2,4854,0,20250930,99991231,1,1,20260316
3222572,"8917658278","8917658278","1000677",TND,"1019","2018-12-05 00:00:00.0","2018-12-05 00:00:00.0",,"11119.01","8917658278","80",,,,,,,AC11100,"08600000801300086819",,A,2878682,940559,858,2,4677,-1,20250930,99991231,1,1,20260316
3320946,"8922277703","8922277703","1000677",TND,"6500","2020-12-23 00:00:00.0","2020-12-23 00:00:00.0",,"11119.01","8922277703","80",,,,,,,AC11100,"08600000804017550549",,A,2878682,940559,858,2,4682,-1,20250930,99991231,1,1,20260316
3042945,"8914551456","8914551456","1000678",TND,"3439","2017-05-11 00:00:00.0","2017-05-11 00:00:00.0",,"11180.01","8914551456","1",,,,,,,AC43900,,,A,2878682,942173,859,2,4854,0,20250930,99991231,1,1,20260316
3670202,"8925579597","8925579597","1000678",TND,"3992","2023-10-03 00:00:00.0","2023-10-03 00:00:00.0",,,"8925579597","1",,,,,,,AC11100,,,,0,942173,858,2,5528,0,20250930,99991231,1,1,20260316
302110,LD1713802103,LD1713802103,"1000679",TND,"21062","2017-05-18 00:00:00.0","2017-05-18 00:00:00.0","2027-05-02 00:00:00.0","55173.01","8914058881","70","21",,"3.50",null,null,,,,"25000",CRP1707329837.T01,-1,941677,0,2,3977,0,20250930,99991231,1,1,20260316
364892,LD2107434729,LD2107434729,"1000679",TND,"21062","2021-03-01 00:00:00.0","2021-03-01 00:00:00.0","2027-12-02 00:00:00.0","5800.01","8914058881","70","28",,"3.5",null,null,,,,"2664.04",,0,941677,0,2,3977,0,20250930,99991231,1,1,20260316
2119711,PDLD1713802103,LD1713802103,"1000679",TND,"21062","2019-04-02 00:00:00.0","2019-04-02 00:00:00.0","2027-05-02 00:00:00.0","9997.01","8914058881","70","21",,"5",,"5",,NP72401,,,,0,941677,180,2,3977,0,20250930,99991231,1,1,20260325
2954610,"8914058881","8914058881","1000679",TND,"1010","2017-02-13 00:00:00.0","2017-02-13 00:00:00.0",,"11112.01","8914058881","70",,,,,,,AC11100,"08101000702004331219",,A,2878682,941677,858,2,3803,-1,20250930,99991231,1,1,20260316
2955743,"8914058938","8914058938","1000680",TND,"1010","2017-02-13 00:00:00.0","2017-02-13 00:00:00.0",,"11112.01","8914058938","72",,,,,,,AC11100,"08103000722012361273",,A,2878682,939768,858,2,3803,-1,20250930,99991231,1,1,20260316
2954605,"8914058784","8914058784","1000681",TND,"6500","2017-02-13 00:00:00.0","2017-02-13 00:00:00.0",,"11119.01","8914058784","37",,,,,,,AC11100,"08508000374011500504",,A,2878682,945410,858,2,4682,-1,20250930,99991231,1,1,20260316
2955753,"8914059063","8914059063","1000682",TND,"6003","2017-02-13 00:00:00.0","2017-02-13 00:00:00.0",,"11119.01","8914059063","133",,,,,,,AC11100,"08041013034500171093",,A,2878682,944737,858,2,4023,-1,20250930,99991231,1,1,20260316
2954607,"8914058849","8914058849","1000683",TND,"6500","2017-02-13 00:00:00.0","2017-02-13 00:00:00.0",,"11119.01","8914058849","10",,,,,,,AC11100,"08605000104013583544",,A,2878682,947754,858,2,4682,-1,20250930,99991231,1,1,20260316
131853,MG2207500470,MG2207500470,"1000684",TND,"25007","2022-03-21 00:00:00.0","2022-03-21 00:00:00.0","2027-04-28 00:00:00.0","55159.01","8914317003","294","21","12.302","5","6.25","5","12.5",NP57701,"90220750047000812306","25000.000",DC2207500196,-1,940839,826,2,4914,56405,20250930,99991231,1,1,20260316
109858,MG2303700223,MG2303700223,"1000684",TND,"25001","2023-02-13 00:00:00.0","2023-02-13 00:00:00.0","2026-02-26 00:00:00.0","55103.01","8914317003","294",,"13.27",,"7.96","5","12.96",TF49103,"90230370022300812354","5000.000",DC2303700071,-1,940839,644,2,3863,194023,20250930,99991231,1,1,20260316
2185124,PDMG2207500470,MG2207500470,"1000684",TND,"25007","2023-04-28 00:00:00.0","2023-04-28 00:00:00.0","2027-04-28 00:00:00.0","9997.01","8914317003","294","21",,"5",,"5",,NP57701,,,,0,940839,826,2,4914,0,20250930,99991231,1,1,20260325
2092136,PDMG2303700223,MG2303700223,"1000684",TND,"25001","2023-07-26 00:00:00.0","2023-07-26 00:00:00.0","2026-02-26 00:00:00.0","9997.01","8914317003","294","21",,"5",,"5",,TF49103,,,,0,940839,644,2,3863,0,20250930,99991231,1,1,20260325
3098701,"8914317003","8914317003","1000684",TND,"1010","2017-03-30 00:00:00.0","2017-03-30 00:00:00.0",,"11112.01","8914317003","294",,,,,,,AC11100,"08123029042000688693",,A,2878682,940839,858,2,3803,-1,20250930,99991231,1,1,20260316
3092554,"8914509166","8914509166","1000684",TND,"3439","2017-05-03 00:00:00.0","2017-05-03 00:00:00.0",,"11180.01","8914509166","294",,,,,,,AC43900,,,A,2878682,940839,859,2,4854,0,20250930,99991231,1,1,20260316
2954606,"8914058814","8914058814","1000685",TND,"6500","2017-02-13 00:00:00.0","2017-02-13 00:00:00.0",,"11119.01","8914058814","50",,,,,,,AC11100,"08200000504013264577",,A,2878682,940029,858,2,4682,-1,20250930,99991231,1,1,20260316
2954611,"8914058903","8914058903","1000686",TND,"6500","2017-02-13 00:00:00.0","2017-02-13 00:00:00.0",,"11119.01","8914058903","31",,,,,,,AC11100,"08801000314007834302",,A,2878682,936121,858,2,4682,-1,20250930,99991231,1,1,20260316
31807,TF1710049321,TF1710049321,"100069",USD,"23207","2017-04-10 00:00:00.0","2017-04-10 00:00:00.0","2025-10-30 00:00:00.0","9998.01","8904390608","108",,,,,,,,,"2850.00",,0,252606,0,18,5201,0,20250930,99991231,1,1,20260325
2955749,"8914058997","8914058997","1000690",TND,"6003","2017-02-13 00:00:00.0","2017-02-13 00:00:00.0",,"11119.01","8914058997","133",,,,,,,AC11100,"08041013034500170123",,A,2878682,943776,858,2,4023,-1,20250930,99991231,1,1,20260316
3245025,"8916953403","8916953403","1000691",TND,"1000","2018-07-04 00:00:00.0","2018-07-04 00:00:00.0",,"11111.01","8916953403","274",,,,,,,AC11100,"08094027041000061766",,A,2878682,1255457,858,2,4133,-1,20250930,99991231,1,1,20260316
52880,MG2411000230,MG2411000230,"1000692",TND,"25001","2024-04-19 00:00:00.0","2024-04-19 00:00:00.0","2027-05-22 00:00:00.0","55103.01","8914058954","284",,"11.021",,"7.96","2.25","10.21",TF49102,"90241100023000811503","18000.000",DC2410700169,-1,942731,643,2,3863,75615,20250930,99991231,1,1,20260316
56661,MG2514900428,MG2514900428,"1000692",TND,"25007","2025-05-29 00:00:00.0","2025-05-29 00:00:00.0","2030-07-22 00:00:00.0","55171.01","8914058954","284",,"12.101",,"7.5","3.75","11.25",TF57799,"90251490042800811502","10000.000",DC2512800096,-1,942731,677,2,4914,201970,20250930,99991231,1,1,20260316
2112745,PDMG2411000230,MG2411000230,"1000692",TND,"25001","2024-10-22 00:00:00.0","2024-10-22 00:00:00.0","2027-05-22 00:00:00.0","9997.01","8914058954","284","21",,"5",,"5",,TF49102,,,,0,942731,643,2,3863,0,20250930,99991231,1,1,20260325
2955745,"8914058954","8914058954","1000692",TND,"1010","2017-02-13 00:00:00.0","2017-02-13 00:00:00.0",,"11113.01","8914058954","284",,,,,,,AC11100,"08115028042001036557",,A,2878682,942731,858,2,3803,-1,20250930,99991231,1,1,20260316
3094959,"8914461678","8914461678","1000692",TND,"3439","2017-04-25 00:00:00.0","2017-04-25 00:00:00.0",,"11180.01","8914461678","284",,,,,,,AC43900,,,A,2878682,942731,859,2,4854,0,20250930,99991231,1,1,20260316
2955755,"8914059101","8914059101","1000693",TND,"6003","2017-02-13 00:00:00.0","2017-02-13 00:00:00.0",,"11119.01","8914059101","133",,,,,,,AC11100,"08041013034500172839",,A,2878682,943129,858,2,4023,-1,20250930,99991231,1,1,20260316
2955748,"8914058989","8914058989","1000695",TND,"6003","2017-02-13 00:00:00.0","2017-02-13 00:00:00.0",,"11119.01","8914058989","307",,,,,,,AC11100,"08136030074500048014",,A,2878682,944777,858,2,4023,-1,20250930,99991231,1,1,20260316
2955751,"8914059039","8914059039","1000697",TND,"6003","2017-02-13 00:00:00.0","2017-02-13 00:00:00.0",,"11119.01","8914059039","307",,,,,,,AC11100,"08136030074500049954",,A,2878682,91817,858,2,4023,-1,20250930,99991231,1,1,20260316
280855,LD2128694599,LD2128694599,"1000699",TND,"21062","2021-10-13 00:00:00.0","2021-10-13 00:00:00.0","2037-09-25 00:00:00.0","55172.01","8914059117","118",,,,null,null,,,,"52304.391",CRP1717033775.T03,-1,900526,0,2,3977,0,20250930,99991231,1,1,20260316
2955756,"8914059117","8914059117","1000699",TND,"1010","2017-02-13 00:00:00.0","2017-02-13 00:00:00.0",,"11112.01","8914059117","118",,,,,,,AC11100,"08026011082004690065",,A,2878682,900526,858,2,3803,-1,20250930,99991231,1,1,20260316
3077861,"8914849517","8914849517","1000699",TND,"3439","2017-07-06 00:00:00.0","2017-07-06 00:00:00.0",,"11180.01","8914849517","118",,,,,,,AC43900,,,A,2878682,900526,859,2,4854,0,20250930,99991231,1,1,20260316
2259449,"8900703849","8900703849","10007",TND,"1010","2006-07-05 00:00:00.0","2006-07-05 00:00:00.0",,"11112.01","8900703849","16",,,,,,,AC11100,"08902000162004138255",,A,2878682,74929,858,2,3803,-1,20250930,99991231,1,1,20260316
2448928,"8904393763","8904393763","100070",TND,"1000","2011-05-06 00:00:00.0","2011-05-06 00:00:00.0",,"11111.01","8904393763","108",,,,,,,AC11100,"08005010081002463683",,A,2878682,240516,858,2,4133,-1,20250930,99991231,1,1,20260316
2942558,"8914104735","8914104735","1000700",TND,"6500","2017-02-22 00:00:00.0","2017-02-22 00:00:00.0",,"11119.01","8914104735","307",,,,,,,AC11100,"08136030074000377540",,A,2878682,943864,858,2,4682,-1,20250930,99991231,1,1,20260316
2942677,"8914115133","8914115133","1000700",TND,"3439","2017-02-23 00:00:00.0","2017-02-23 00:00:00.0",,"11180.01","8914115133","307",,,,,,,AC43900,,,A,2878682,943864,859,2,4854,0,20250930,99991231,1,1,20260316
3187098,"8917342548","8917342548","1000700",TND,"3997","2018-10-04 00:00:00.0","2018-10-04 00:00:00.0",,"11119.01","8917342548","307",,,,,,,AC11100,,,A,2878682,943864,858,2,4100,0,20250930,99991231,1,1,20260316
3191498,"8917343846","8917343846","1000700",TND,"3089","2018-10-05 00:00:00.0","2018-10-05 00:00:00.0",,,"8917343846","307",,,,,,,AC11100,,,,0,943864,858,2,4847,0,20250930,99991231,1,1,20260316
3135501,"8918231618","8918231618","1000702",TND,"6500","2019-04-04 00:00:00.0","2019-04-04 00:00:00.0",,"11119.01","8918231618","133",,,,,,,AC11100,"08041013034002382031",,A,2878682,945224,858,2,4682,-1,20250930,99991231,1,1,20260316
2947840,"8914066779","8914066779","1000703",EUR,"1060","2017-02-15 00:00:00.0","2017-02-15 00:00:00.0",,"11119.01","8914066779","222",,,,,,,AC11100,"08066022025100322050",,A,2878682,945172,858,7,3464,-1,20250930,99991231,1,1,20260316
3077365,"8915216488","8915216488","1000703",EUR,"1060","2017-08-11 00:00:00.0","2017-08-11 00:00:00.0",,"11119.01","8915216488","206",,,,,,,AC11100,"08052020065100133046",,A,2878682,945172,858,7,3464,-1,20250930,99991231,1,1,20260316
2955759,"8914059195","8914059195","1000705",TND,"1023","2019-01-02 00:00:00.0","2019-01-02 00:00:00.0",,"11119.01","8914059195","66",,,,,,,AC11100,"08006000662400002085",,A,2878682,936553,858,2,3559,-1,20250930,99991231,1,1,20260316
2956899,"8914059217","8914059217","1000706",TND,"6003","2017-02-13 00:00:00.0","2017-02-13 00:00:00.0",,"11119.01","8914059217","216",,,,,,,AC11100,"08062021064500178234",,A,2878682,941401,858,2,4023,-1,20250930,99991231,1,1,20260316
2956900,"8914059225","8914059225","1000707",TND,"6003","2017-02-13 00:00:00.0","2017-02-13 00:00:00.0",,"11119.01","8914059225","216",,,,,,,AC11100,"08062021064500179010",,A,2878682,942134,858,2,4023,-1,20250930,99991231,1,1,20260316
2956901,"8914059233","8914059233","1000708",TND,"6003","2017-02-13 00:00:00.0","2017-02-13 00:00:00.0",,"11119.01","8914059233","216",,,,,,,AC11100,"08062021064500180465",,A,2878682,941486,858,2,4023,-1,20250930,99991231,1,1,20260316
2956902,"8914059257","8914059257","1000709",TND,"6003","2017-02-13 00:00:00.0","2017-02-13 00:00:00.0",,"11119.01","8914059257","216",,,,,,,AC11100,"08062021064500181241",,A,2878682,941088,858,2,4023,-1,20250930,99991231,1,1,20260316
3446097,"8925032825","8925032825","1000710",TND,"6500","2023-04-05 00:00:00.0","2023-04-05 00:00:00.0",,"11119.01","8925032825","25",,,,,,,AC11100,"08506000254011142476",,A,2878682,943672,858,2,4682,-1,20250930,99991231,1,1,20260316
141696,MG2125300177,MG2125300177,"1000713",TND,"25007","2021-09-10 00:00:00.0","2021-09-10 00:00:00.0","2026-11-01 00:00:00.0","55159.01","8922896055","215","21","10.082","3.25","6.26","3.25","10.75",NP57701,"90212530017700806077","15000.000",DC2125100007,-1,940322,826,2,4914,128347,20250930,99991231,1,1,20260316
2130706,PDMG2125300177,MG2125300177,"1000713",TND,"25007","2024-07-01 00:00:00.0","2024-07-01 00:00:00.0","2026-11-01 00:00:00.0","9997.01","8922896055","215","21",,"5",,"5",,NP57701,,,,0,940322,826,2,4914,0,20250930,99991231,1,1,20260325
2956906,"8914059357","8914059357","1000713",TND,"6500","2017-02-14 00:00:00.0","2017-02-14 00:00:00.0",,"11119.01","8914059357","215",,,,,,,AC11100,"08060021054001702066",,A,2878682,940322,858,2,4682,-1,20250930,99991231,1,1,20260316
3298724,"8922896055","8922896055","1000713",TND,"1010","2021-07-01 00:00:00.0","2021-07-01 00:00:00.0",,"11112.01","8922896055","215",,,,,,,AC11100,"08060021052002728394",,A,2878682,940322,858,2,3803,-1,20250930,99991231,1,1,20260316
2956905,"8914059349","8914059349","1000715",TND,"6500","2017-02-14 00:00:00.0","2017-02-14 00:00:00.0",,"11119.01","8914059349","135",,,,,,,AC11100,"08042013054003068648",,A,2878682,940049,858,2,4682,-1,20250930,99991231,1,1,20260316
2946201,"8914179794","8914179794","1000716",TND,"6500","2017-03-07 00:00:00.0","2017-03-07 00:00:00.0",,"11119.01","8914179794","72",,,,,,,AC11100,"08103000724012038583",,A,2878682,943808,858,2,4682,-1,20250930,99991231,1,1,20260316
2956908,"8914059381","8914059381","1000718",EUR,"1060","2017-02-14 00:00:00.0","2017-02-14 00:00:00.0",,"11119.01","8914059381","124",,,,,,,AC11100,"08032012045102681567",,A,2878682,946864,858,7,3464,-1,20250930,99991231,1,1,20260316
2956909,"8914059397","8914059397","1000718",USD,"1060","2017-02-14 00:00:00.0","2017-02-14 00:00:00.0",,"11119.01","8914059397","124",,,,,,,AC11100,"08032012045102680791",,A,2878682,946864,858,18,3464,-1,20250930,99991231,1,1,20260316
3118502,"8919188058","8919188058","1000718",USD,"3981","2019-11-29 00:00:00.0","2019-11-29 00:00:00.0",,"11119.01","8919188058","124",,,,,,,AC11100,,,A,2878682,946864,858,18,5380,0,20250930,99991231,1,1,20260316
2442043,"8904376567","8904376567","100072",TND,"6500","2005-03-17 00:00:00.0","2005-03-17 00:00:00.0",,"11119.01","8904376567","107",,,,,,,AC11100,"08016010074003125742",,A,2878682,237735,858,2,4682,-1,20250930,99991231,1,1,20260316
3369572,"8921875275","8921875275","1000721",TND,"6500","2020-09-16 00:00:00.0","2020-09-16 00:00:00.0",,"11119.01","8921875275","29",,,,,,,AC11100,"08509000294006583921",,A,2878682,944229,858,2,4682,-1,20250930,99991231,1,1,20260316
2958033,"8914059508","8914059508","1000722",TND,"6500","2017-02-14 00:00:00.0","2017-02-14 00:00:00.0",,"11119.01","8914059508","314",,,,,,,AC11100,"08142031044000577187",,A,2878682,941103,858,2,4682,-1,20250930,99991231,1,1,20260316
2956911,"8914059462","8914059462","1000723",TND,"6003","2017-02-14 00:00:00.0","2017-02-14 00:00:00.0",,"11119.01","8914059462","253",,,,,,,AC11100,"08087025034500344090",,A,2878682,946593,858,2,4023,-1,20250930,99991231,1,1,20260316
2958035,"8914059567","8914059567","1000725",TND,"6003","2017-02-14 00:00:00.0","2017-02-14 00:00:00.0",,"11119.01","8914059567","253",,,,,,,AC11100,"08087025034500345933",,A,2878682,939801,858,2,4023,-1,20250930,99991231,1,1,20260316
97073,MG2424300247,MG2424300247,"1000726",TND,"25007","2024-09-03 00:00:00.0","2024-09-03 00:00:00.0","2029-09-25 00:00:00.0","55159.01","8923871967","17",,"13.796",,"7.99","4.75","12.73",TF57701,"90242430024700800468","20000.000",DC2424300039,-1,943854,676,2,4914,132196,20250930,99991231,1,1,20260316
2170099,PDMG2424300247,MG2424300247,"1000726",TND,"25007","2024-09-25 00:00:00.0","2024-09-25 00:00:00.0","2029-09-25 00:00:00.0","9997.01","8923871967","17","21",,"5",,"5",,TF57701,,,,0,943854,676,2,4914,0,20250930,99991231,1,1,20260325
3481490,"8923871967","8923871967","1000726",TND,"1010","2022-04-01 00:00:00.0","2022-04-01 00:00:00.0",,"11112.01","8923871967","17",,,,,,,AC11100,"08004000172013572484",,A,2878682,943854,858,2,3803,-1,20250930,99991231,1,1,20260316
3518783,"8924152387","8924152387","1000726",TND,"6500","2022-06-24 00:00:00.0","2022-06-24 00:00:00.0",,"11119.01","8924152387","17",,,,,,,AC11100,"08004000174091476220",,A,2878682,943854,858,2,4682,-1,20250930,99991231,1,1,20260316
3403752,"8925365492","8925365492","1000726",TND,"3439","2023-07-31 00:00:00.0","2023-07-31 00:00:00.0",,"11180.01","8925365492","17",,,,,,,AC43900,,,A,2878682,943854,859,2,4854,0,20250930,99991231,1,1,20260316
2958036,"8914059578","8914059578","1000727",TND,"6500","2017-02-14 00:00:00.0","2017-02-14 00:00:00.0",,"11119.01","8914059578","272",,,,,,,AC11100,"08092027024001952091",,A,2878682,943591,858,2,4682,-1,20250930,99991231,1,1,20260316
2944573,"8914074925","8914074925","1000727",TND,"3997","2017-02-16 00:00:00.0","2017-02-16 00:00:00.0",,"11119.01","8914074925","272",,,,,,,AC11100,,,A,2878682,943591,858,2,4100,0,20250930,99991231,1,1,20260316
3086501,"8914379661","8914379661","1000728",TND,"1000","2017-04-11 00:00:00.0","2017-04-11 00:00:00.0",,"11111.01","8914379661","109",,,,,,,AC11100,"08018010091000450008",,A,2878682,1129678,858,2,4133,-1,20250930,99991231,1,1,20260316
3659309,"8926067614","8926067614","1000729",TND,"1010","2024-02-19 00:00:00.0","2024-02-19 00:00:00.0",,"11112.01","8926067614","216",,,,,,,AC11100,"08062021062005632920",,A,2878682,946592,858,2,3803,-1,20250930,99991231,1,1,20260316
2442045,"8904376591","8904376591","100073",TND,"6500","2007-05-28 00:00:00.0","2007-05-28 00:00:00.0",,"11119.01","8904376591","107",,,,,,,AC11100,"08016010074003334971",,A,2878682,250310,858,2,4682,-1,20250930,99991231,1,1,20260316
2442493,"8904383927","8904383927","100073",GBP,"1060","2009-10-06 00:00:00.0","2009-10-06 00:00:00.0",,"11119.01","8904383927","107",,,,,,,AC11100,"08016010075100727787",,A,2878682,250310,858,8,3464,-1,20250930,99991231,1,1,20260316
2958038,"8914059624","8914059624","1000731",TND,"1010","2017-02-14 00:00:00.0","2017-02-14 00:00:00.0",,"11112.01","8914059624","74",,,,,,,AC11100,"08104000742007709786",,A,2878682,952204,858,2,3803,-1,20250930,99991231,1,1,20260316
2968158,"8916651571","8916651571","1000731",TND,"3439","2018-04-19 00:00:00.0","2018-04-19 00:00:00.0",,"11180.01","8916651571","74",,,,,,,AC43900,,,A,2878682,952204,859,2,4854,0,20250930,99991231,1,1,20260316
313342,LD1714362661,LD1714362661,"1000732",TND,"21062","2017-05-23 00:00:00.0","2017-05-23 00:00:00.0","2032-05-21 00:00:00.0","55172.01","8914059748","71","21",,"1.75",null,null,,,,"80000",CRP1709630790.T01,-1,941152,0,2,3977,0,20250930,99991231,1,1,20260316
273559,LD1723530749,LD1723530749,"1000732",TND,"21062","2017-08-23 00:00:00.0","2017-08-23 00:00:00.0","2032-04-22 00:00:00.0","55172.01","8914059748","71","21",,"1.75",null,null,,,,"80000",CRP1709630790.T02,-1,941152,0,2,3977,0,20250930,99991231,1,1,20260316
358043,LD2034928390,LD2034928390,"1000732",TND,"21062","2020-12-01 00:00:00.0","2020-12-01 00:00:00.0","2032-07-22 00:00:00.0","5800.01","8914059748","71","28",,"1.75",null,null,,,,"2660.629",,0,941152,0,2,3977,0,20250930,99991231,1,1,20260316
342461,LD2034948772,LD2034948772,"1000732",TND,"21062","2020-12-01 00:00:00.0","2020-12-01 00:00:00.0","2032-08-21 00:00:00.0","5800.01","8914059748","71","28",,"1.75",null,null,,,,"2661.199",,0,941152,0,2,3977,0,20250930,99991231,1,1,20260316
133262,MG2128000040,MG2128000040,"1000732",TND,"25007","2021-10-12 00:00:00.0","2021-10-12 00:00:00.0","2026-11-26 00:00:00.0","55159.01","8914059748","71","21","9.354","2.75","6.25","2.75","10.25",NP57701,"90212800004000800376","40000.000",DC2127100195,-1,941152,826,2,4914,104695,20250930,99991231,1,1,20260316
2187492,PDLD1714362661,LD1714362661,"1000732",TND,"21062","2018-09-21 00:00:00.0","2018-09-21 00:00:00.0","2032-05-21 00:00:00.0","9998.01","8914059748","71","21",,"5",,"5",,NP72101,,,,0,941152,51,2,3977,0,20250930,99991231,1,1,20260325
2125219,PDLD1723530749,LD1723530749,"1000732",TND,"21062","2020-01-22 00:00:00.0","2020-01-22 00:00:00.0","2032-04-22 00:00:00.0","9998.01","8914059748","71","21",,"5",,"5",,NP72101,,,,0,941152,51,2,3977,0,20250930,99991231,1,1,20260325
2958045,"8914059748","8914059748","1000732",TND,"1010","2017-02-14 00:00:00.0","2017-02-14 00:00:00.0",,"11113.01","8914059748","71",,,,,,,AC11100,"08003000712005193254",,A,2878682,941152,858,2,3803,-1,20250930,99991231,1,1,20260316
2953648,"8914135126","8914135126","1000732",TND,"3439","2017-02-27 00:00:00.0","2017-02-27 00:00:00.0",,"11180.01","8914135126","71",,,,,,,AC43900,,,A,2878682,941152,859,2,4854,0,20250930,99991231,1,1,20260316
2958040,"8914059659","8914059659","1000733",TND,"6500","2017-02-14 00:00:00.0","2017-02-14 00:00:00.0",,"11119.01","8914059659","124",,,,,,,AC11100,"08032012044002479922",,A,2878682,943560,858,2,4682,-1,20250930,99991231,1,1,20260316
2958043,"8914059721","8914059721","1000738",TND,"6500","2017-02-14 00:00:00.0","2017-02-14 00:00:00.0",,"11119.01","8914059721","272",,,,,,,AC11100,"08092027024001953934",,A,2878682,945509,858,2,4682,-1,20250930,99991231,1,1,20260316
2958044,"8914059737","8914059737","1000739",TND,"1010","2023-05-10 00:00:00.0","2023-05-10 00:00:00.0",,"11112.01","8914059737","304",,,,,,,AC11100,"08132030042001030745",,A,2878682,946041,858,2,3803,-1,20250930,99991231,1,1,20260316
296929,LD1622555227,LD1622555227,"100074",TND,"21062","2016-08-12 00:00:00.0","2016-08-12 00:00:00.0","2031-08-01 00:00:00.0","55172.01","8904384586","108","21",,"2.25",null,null,,,,"25000",CRP1532313053.T01,-1,244023,0,2,3977,0,20250930,99991231,1,1,20260316
361750,LD2035052953,LD2035052953,"100074",TND,"21062","2020-12-01 00:00:00.0","2020-12-01 00:00:00.0","2031-11-01 00:00:00.0","5800.01","8904384586","108","28",,"2.25",null,null,,,,"852.444",,0,244023,0,2,3977,0,20250930,99991231,1,1,20260316
114515,MG2227100190,MG2227100190,"100074",TND,"25007","2022-09-28 00:00:00.0","2022-09-28 00:00:00.0","2027-10-27 00:00:00.0","55159.01","8904384586","108",,"12.67",,"7.03","5","12.03",TF57701,"90222710019000800521","5000.000",DC2225500222,-1,244023,676,2,4914,164912,20250930,99991231,1,1,20260316
2219794,PDLD1622555227,LD1622555227,"100074",TND,"21062","2017-01-01 00:00:00.0","2017-01-01 00:00:00.0","2031-08-01 00:00:00.0","9997.00","8904384586","108","21",,"5",,"5",,NP72101,,,,0,244023,51,2,3977,0,20250930,99991231,1,1,20260325
2149328,PDMG2227100190,MG2227100190,"100074",TND,"25007","2022-12-27 00:00:00.0","2022-12-27 00:00:00.0","2027-10-27 00:00:00.0","9997.00","8904384586","108","21",,"5",,"5",,TF57701,,,,0,244023,676,2,4914,0,20250930,99991231,1,1,20260325
2442924,"8904384586","8904384586","100074",TND,"1010","2000-10-12 00:00:00.0","2000-10-12 00:00:00.0",,"11112.01","8904384586","108",,,,,,,AC11100,"08005010082010376327",,A,2878682,244023,858,2,3803,-1,20250930,99991231,1,1,20260316
2869271,"8913007396","8913007396","100074",TND,"3439","2016-08-29 00:00:00.0","2016-08-29 00:00:00.0",,"11180.01","8913007396","108",,,,,,,AC43900,,,A,2878682,244023,859,2,4854,0,20250930,99991231,1,1,20260316
2958047,"8914059764","8914059764","1000740",TND,"6500","2017-02-14 00:00:00.0","2017-02-14 00:00:00.0",,"11119.01","8914059764","218",,,,,,,AC11100,"08064021084001788069",,A,2878682,945845,858,2,4682,-1,20250930,99991231,1,1,20260316
185264,LD2319542244,LD2319542244,"1000743",TND,"21062","2023-07-14 00:00:00.0","2023-07-14 00:00:00.0","2038-07-10 00:00:00.0","55173.01","8914059837","290",,,,null,null,,,,"40000",CRP2305485535.T01,-1,943011,0,2,3977,0,20250930,99991231,1,1,20260316
181803,LD2320506380,LD2320506380,"1000743",TND,"21062","2023-07-24 00:00:00.0","2023-07-24 00:00:00.0","2038-07-10 00:00:00.0","55173.01","8914059837","290",,,,null,null,,,,"20000",CRP2305485535.T02,-1,943011,0,2,3977,0,20250930,99991231,1,1,20260316
2147894,PDLD2319542244,LD2319542244,"1000743",TND,"21062","2023-10-10 00:00:00.0","2023-10-10 00:00:00.0","2038-07-10 00:00:00.0","9997.01","8914059837","290","21",,"5",,"5",,FT72411,,,,0,943011,447,2,3977,0,20250930,99991231,1,1,20260325
2122865,PDLD2320506380,LD2320506380,"1000743",TND,"21062","2023-10-10 00:00:00.0","2023-10-10 00:00:00.0","2038-07-10 00:00:00.0","9997.01","8914059837","290","21",,"5",,"5",,FT72411,,,,0,943011,447,2,3977,0,20250930,99991231,1,1,20260325
2959153,"8914059837","8914059837","1000743",TND,"1010","2017-02-14 00:00:00.0","2017-02-14 00:00:00.0",,"11113.01","8914059837","290",,,,,,,AC11100,"08129029092000343343",,A,2878682,943011,858,2,3803,-1,20250930,99991231,1,1,20260316
3086790,"8914417245","8914417245","1000743",TND,"6500","2017-04-18 00:00:00.0","2017-04-18 00:00:00.0",,"11119.01","8914417245","290",,,,,,,AC11100,"08129029094000493237",,A,2878682,943011,858,2,4682,-1,20250930,99991231,1,1,20260316
2958046,"8914059756","8914059756","1000744",TND,"6500","2017-02-14 00:00:00.0","2017-02-14 00:00:00.0",,"11119.01","8914059756","49",,,,,,,AC11100,"08800000494005966118",,A,2878682,945056,858,2,4682,-1,20250930,99991231,1,1,20260316
90683,MG2208800487,MG2208800487,"1000747",TND,"25007","2022-03-29 00:00:00.0","2022-03-29 00:00:00.0","2027-05-25 00:00:00.0","55159.01","8914059926","232",,"9.1194",,"6.25","2.5","8.75",TF57701,"90220880048700807533","23000.000",DC2208800179,-1,940684,676,2,4914,45111,20250930,99991231,1,1,20260316
99216,MG2503800389,MG2503800389,"1000747",TND,"25001","2025-02-07 00:00:00.0","2025-02-07 00:00:00.0","2028-03-25 00:00:00.0","55103.01","8914059926","232",,"10.699",,"7.99","2.25","10.24",TF49101,"90250380038900807596","2500.000",DC2503800049,-1,940684,642,2,3863,236567,20250930,99991231,1,1,20260316
2132049,PDMG2208800487,MG2208800487,"1000747",TND,"25007","2025-09-25 00:00:00.0","2025-09-25 00:00:00.0","2027-05-25 00:00:00.0","9997.01",,"232","21",,"5",,"5",,TF57701,,,,0,940684,676,2,4914,0,20250930,99991231,1,1,20260325
2198232,PDMG2503800389,MG2503800389,"1000747",TND,"25001","2025-06-25 00:00:00.0","2025-06-25 00:00:00.0","2028-03-25 00:00:00.0","9997.01","8914059926","232","21",,"5",,"5",,TF49101,,,,0,940684,642,2,3863,0,20250930,99991231,1,1,20260325
2959159,"8914059926","8914059926","1000747",TND,"1010","2017-02-14 00:00:00.0","2017-02-14 00:00:00.0",,"11112.01","8914059926","232",,,,,,,AC11100,"08075023022001944103",,A,2878682,940684,858,2,3803,-1,20250930,99991231,1,1,20260316
2955958,"8914217227","8914217227","1000747",TND,"3439","2017-03-13 00:00:00.0","2017-03-13 00:00:00.0",,"11180.01","8914217227","232",,,,,,,AC43900,,,A,2878682,940684,859,2,4854,0,20250930,99991231,1,1,20260316
3077389,"8915220647","8915220647","1000747",TND,"6500","2017-08-14 00:00:00.0","2017-08-14 00:00:00.0",,"11119.01","8915220647","232",,,,,,,AC11100,"08075023024001471354",,A,2878682,940684,858,2,4682,-1,20250930,99991231,1,1,20260316
117205,MG2520400599,MG2520400599,"1000749",TND,"25001","2025-07-24 00:00:00.0","2025-07-24 00:00:00.0","2028-08-25 00:00:00.0","55103.01","8914060002","63",,"13.788",,"7.5","4.75","12.25",TF49101,"90252040059900800124","7000.000",DC2520400165,-1,945349,642,2,3863,233714,20250930,99991231,1,1,20260316
2117543,PDMG2520400599,MG2520400599,"1000749",TND,"25001","2025-08-25 00:00:00.0","2025-08-25 00:00:00.0","2028-08-25 00:00:00.0","9997.01","8914060002","63","21",,"5",,"5",,TF49101,,,,0,945349,642,2,3863,0,20250930,99991231,1,1,20260325
2959161,"8914060002","8914060002","1000749",TND,"1010","2017-02-14 00:00:00.0","2017-02-14 00:00:00.0",,"11112.01","8914060002","63",,,,,,,AC11100,"08001000632003711382",,A,2878682,945349,858,2,3803,-1,20250930,99991231,1,1,20260316
3726341,"8927768478","8927768478","1000749",TND,"3439","2025-08-04 00:00:00.0","2025-08-04 00:00:00.0",,"11180.01","8927768478","63",,,,,,,AC43900,,,A,2878682,945349,859,2,4854,0,20250930,99991231,1,1,20260316
2959156,"8914059877","8914059877","1000752",TND,"1010","2017-02-14 00:00:00.0","2017-02-14 00:00:00.0",,"11112.01","8914059877","211",,,,,,,AC11100,"08056021012001559629",,A,2878682,946399,858,2,3803,-1,20250930,99991231,1,1,20260316
2943372,"8914062781","8914062781","1000754",TND,"1000","2017-02-14 00:00:00.0","2017-02-14 00:00:00.0",,"11111.01","8914062781","6",,,,,,,AC11100,"08305000061001221306",,A,2878682,945219,858,2,4133,-1,20250930,99991231,1,1,20260316
3274232,"8922426318","8922426318","1000754",TND,"9021","2021-02-08 00:00:00.0","2021-02-08 00:00:00.0",,,"8922426318","6",,,,,,,AC11100,,,,0,945219,858,2,6112,0,20250930,99991231,1,1,20260316
3499261,"8924890992","8924890992","1000754",TND,"3077","2023-02-09 00:00:00.0","2023-02-09 00:00:00.0",,"11119.01","8924890992","6",,,,,,,AC11100,,,A,2878682,945219,858,2,5968,0,20250930,99991231,1,1,20260316
2959157,"8914059896","8914059896","1000755",TND,"6500","2017-02-14 00:00:00.0","2017-02-14 00:00:00.0",,"11119.01","8914059896","298",,,,,,,AC11100,"08127029084001005633",,A,2878682,945840,858,2,4682,-1,20250930,99991231,1,1,20260316
3272235,"8922471631","8922471631","1000759",TND,"1010","2021-02-24 00:00:00.0","2021-02-24 00:00:00.0",,"11113.01","8922471631","237",,,,,,,AC11100,"08080023072001517512",,A,2878682,944986,858,2,3803,-1,20250930,99991231,1,1,20260316
2443359,"8904385779","8904385779","100076",TND,"1010","2001-09-11 00:00:00.0","2001-09-11 00:00:00.0",,"11112.01","8904385779","108",,,,,,,AC11100,"08005010082010925735",,A,2878682,237083,858,2,3803,-1,20250930,99991231,1,1,20260316
2950735,"8914160414","8914160414","1000761",TND,"1000","2017-03-02 00:00:00.0","2017-03-02 00:00:00.0",,"11111.01","8914160414","111",,,,,,,AC11100,"08020011011000461318",,A,2878682,953566,858,2,4133,-1,20250930,99991231,1,1,20260316
2959163,"8914060061","8914060061","1000767",TND,"6500","2017-02-14 00:00:00.0","2017-02-14 00:00:00.0",,"11119.01","8914060061","26",,,,,,,AC11100,"08507000264006120304",,A,2878682,948219,858,2,4682,-1,20250930,99991231,1,1,20260316
2959162,"8914060053","8914060053","1000769",TND,"1010","2017-02-14 00:00:00.0","2017-02-14 00:00:00.0",,"11112.01","8914060053","116",,,,,,,AC11100,"08023011062009996101",,A,2878682,944604,858,2,3803,-1,20250930,99991231,1,1,20260316
2956341,"8914164614","8914164614","1000769",TND,"3439","2017-03-03 00:00:00.0","2017-03-03 00:00:00.0",,"11180.01","8914164614","116",,,,,,,AC43900,,,A,2878682,944604,859,2,4854,0,20250930,99991231,1,1,20260316
2443360,"8904385787","8904385787","100077",TND,"1010","2001-07-23 00:00:00.0","2001-07-23 00:00:00.0",,"11112.01","8904385787","108",,,,,,,AC11100,"08005010082010928160",,A,2878682,582310,858,2,3803,-1,20250930,99991231,1,1,20260316
2450257,"8904494427","8904494427","100077",TND,"6505","2007-03-27 00:00:00.0","2007-03-27 00:00:00.0",,"11119.01","8904494427","108",,,,,,,AC11100,"08005010084300731112",,A,2878682,582310,858,2,4706,-1,20250930,99991231,1,1,20260316
2959166,"8914060118","8914060118","1000770",TND,"6500","2017-02-14 00:00:00.0","2017-02-14 00:00:00.0",,"11119.01","8914060118","29",,,,,,,AC11100,"08509000294005389075",,A,2878682,942771,858,2,4682,-1,20250930,99991231,1,1,20260316
2959167,"8914060158","8914060158","1000773",TND,"1010","2017-02-14 00:00:00.0","2017-02-14 00:00:00.0",,"11113.01","8914060158","302",,,,,,,AC11100,"08134030022000450790",,A,2878682,946609,858,2,3803,-1,20250930,99991231,1,1,20260316
3069960,"8914861919","8914861919","1000773",TND,"3439","2017-07-10 00:00:00.0","2017-07-10 00:00:00.0",,"11180.01","8914861919","302",,,,,,,AC43900,,,A,2878682,946609,859,2,4854,0,20250930,99991231,1,1,20260316
2942208,"8914060169","8914060169","1000774",TND,"1010","2017-02-14 00:00:00.0","2017-02-14 00:00:00.0",,"11112.01","8914060169","277",,,,,,,AC11100,"08099027072001027286",,A,2878682,945362,858,2,3803,-1,20250930,99991231,1,1,20260316
2942209,"8914060177","8914060177","1000776",TND,"6500","2017-02-14 00:00:00.0","2017-02-14 00:00:00.0",,"11119.01","8914060177","21",,,,,,,AC11100,"08501000214095718943",,A,2878682,941135,858,2,4682,-1,20250930,99991231,1,1,20260316
2942211,"8914060223","8914060223","1000779",TND,"6500","2017-02-14 00:00:00.0","2017-02-14 00:00:00.0",,"11119.01","8914060223","135",,,,,,,AC11100,"08042013054003069424",,A,2878682,942216,858,2,4682,-1,20250930,99991231,1,1,20260316
3466139,"8924215802","8924215802","1000779",TND,"1010","2022-07-18 00:00:00.0","2022-07-18 00:00:00.0",,"11112.01","8924215802","135",,,,,,,AC11100,"08042013052005467817",,A,2878682,942216,858,2,3803,-1,20250930,99991231,1,1,20260316
2442509,"8904389871","8904389871","100078",TND,"1010","1989-03-08 00:00:00.0","1989-03-08 00:00:00.0",,"11112.01","8904389871","108",,,,,,,AC11100,"08005010082004877009",,A,2878682,240584,858,2,3803,-1,20250930,99991231,1,1,20260316
2942212,"8914060258","8914060258","1000780",TND,"1010","2017-02-14 00:00:00.0","2017-02-14 00:00:00.0",,"11112.01","8914060258","56",,,,,,,AC11100,"08205000562006185066",,A,2878682,939989,858,2,3803,-1,20250930,99991231,1,1,20260316
2942215,"8914060339","8914060339","1000780",TND,"6500","2017-02-14 00:00:00.0","2017-02-14 00:00:00.0",,"11119.01","8914060339","56",,,,,,,AC11100,"08205000564003873197",,A,2878682,939989,858,2,4682,-1,20250930,99991231,1,1,20260316
3423153,"8924668092","8924668092","1000780",TND,"3439","2022-11-25 00:00:00.0","2022-11-25 00:00:00.0",,"11180.01","8924668092","56",,,,,,,AC43900,,,A,2878682,939989,859,2,4854,0,20250930,99991231,1,1,20260316
43789,MG2327700142,MG2327700142,"1000781",TND,"25007","2023-10-05 00:00:00.0","2023-10-05 00:00:00.0","2028-11-07 00:00:00.0","55159.01","8914060282","14",,"11.597",,"8","3","11",TF57701,"90232770014200890684","24000.000",DC2327600058,-1,943251,676,2,4914,45780,20250930,99991231,1,1,20260316
2154282,PDMG2327700142,MG2327700142,"1000781",TND,"25007","2023-11-07 00:00:00.0","2023-11-07 00:00:00.0","2028-11-07 00:00:00.0","9997.01","8914060282","14","21",,"5",,"5",,TF57701,,,,0,943251,676,2,4914,0,20250930,99991231,1,1,20260325
2942214,"8914060282","8914060282","1000781",TND,"1010","2017-02-14 00:00:00.0","2017-02-14 00:00:00.0",,"11112.01","8914060282","14",,,,,,,AC11100,"08906000142003464023",,A,2878682,943251,858,2,3803,-1,20250930,99991231,1,1,20260316
3049890,"8914824592","8914824592","1000781",TND,"3439","2017-07-03 00:00:00.0","2017-07-03 00:00:00.0",,"11180.01","8914824592","14",,,,,,,AC43900,,,A,2878682,943251,859,2,4854,0,20250930,99991231,1,1,20260316
2947861,"8914068461","8914068461","1000783",TND,"3439","2017-02-15 00:00:00.0","2017-02-15 00:00:00.0",,"11180.01","8914068461","1",,,,,,,AC43900,,,A,2878682,944102,859,2,4854,0,20250930,99991231,1,1,20260316
3362341,"8921757248","8921757248","1000783",TND,"6500","2020-08-21 00:00:00.0","2020-08-21 00:00:00.0",,"11119.01","8921757248","54",,,,,,,AC11100,"08900000544009067410",,A,2878682,944102,858,2,4682,-1,20250930,99991231,1,1,20260316
2942217,"8914060371","8914060371","1000786",TND,"6500","2017-02-14 00:00:00.0","2017-02-14 00:00:00.0",,"11119.01","8914060371","33",,,,,,,AC11100,"08803000334007625661",,A,2878682,944159,858,2,4682,-1,20250930,99991231,1,1,20260316
181674,LD2524545922,LD2524545922,"1000789",TND,"21009","2025-09-02 00:00:00.0","2025-09-02 00:00:00.0","2027-09-02 00:00:00.0","9100.01","8924332857","303",,,,null,null,,,,"150000",,0,945983,0,2,3170,0,20250930,99991231,1,1,20260316
2942216,"8914060363","8914060363","1000789",TND,"6500","2017-02-14 00:00:00.0","2017-02-14 00:00:00.0",,"11119.01","8914060363","303",,,,,,,AC11100,"08133030034000001705",,A,2878682,945983,858,2,4682,-1,20250930,99991231,1,1,20260316
3453174,"8924332857","8924332857","1000789",TND,"3997","2022-08-19 00:00:00.0","2022-08-19 00:00:00.0",,"11119.01","8924332857","303",,,,,,,AC11100,,,A,2878682,945983,858,2,4100,0,20250930,99991231,1,1,20260316
3738422,"8927223709","8927223709","1000789",TND,"3089","2025-02-25 00:00:00.0","2025-02-25 00:00:00.0",,,"8927223709","303",,,,,,,AC11100,,,,0,945983,858,2,4847,0,20250930,99991231,1,1,20260316
3745735,"8927399181","8927399181","1000789",TND,"1010","2025-04-28 00:00:00.0","2025-04-28 00:00:00.0",,"11112.01","8927399181","303",,,,,,,AC11100,"08133030032001581612",,A,2878682,945983,858,2,3803,-1,20250930,99991231,1,1,20260316
2442511,"8904389898","8904389898","100079",TND,"1010","1991-10-07 00:00:00.0","1991-10-07 00:00:00.0",,"11112.01","8904389898","108",,,,,,,AC11100,"08005010082006150522",,A,2878682,239340,858,2,3803,-1,20250930,99991231,1,1,20260316
2942218,"8914060401","8914060401","1000790",TND,"6500","2017-02-14 00:00:00.0","2017-02-14 00:00:00.0",,"11119.01","8914060401","279",,,,,,,AC11100,"08098027094001230671",,A,2878682,947356,858,2,4682,-1,20250930,99991231,1,1,20260316
68027,MG2307300063,MG2307300063,"1000797",TND,"25007","2023-03-14 00:00:00.0","2023-03-14 00:00:00.0","2028-04-05 00:00:00.0","55171.01","8914060479","29",,"13.27",,"8.02","5","13.02",TF57799,"90230730006300850964","20000.000",DC2306900068,-1,945357,677,2,4914,85956,20250930,99991231,1,1,20260316
2143395,PDMG2307300063,MG2307300063,"1000797",TND,"25007","2025-03-05 00:00:00.0","2025-03-05 00:00:00.0","2028-04-05 00:00:00.0","9997.01","8914060479","29","21",,"5",,"5",,TF57799,,,,0,945357,677,2,4914,0,20250930,99991231,1,1,20260325
2942223,"8914060479","8914060479","1000797",TND,"1010","2017-02-14 00:00:00.0","2017-02-14 00:00:00.0",,"11112.01","8914060479","29",,,,,,,AC11100,"08509000292005239084",,A,2878682,945357,858,2,3803,-1,20250930,99991231,1,1,20260316
3091987,"8914340501","8914340501","1000797",TND,"3439","2017-04-04 00:00:00.0","2017-04-04 00:00:00.0",,"11180.01","8914340501","29",,,,,,,AC43900,,,A,2878682,945357,859,2,4854,0,20250930,99991231,1,1,20260316
2942222,"8914060468","8914060468","1000798",TND,"6500","2017-02-14 00:00:00.0","2017-02-14 00:00:00.0",,"11119.01","8914060468","257",,,,,,,AC11100,"08089025074001500837",,A,2878682,946026,858,2,4682,-1,20250930,99991231,1,1,20260316
2957009,"8914141479","8914141479","1000799",TND,"1000","2017-02-28 00:00:00.0","2017-02-28 00:00:00.0",,"11111.01","8914141479","23",,,,,,,AC11100,"08503000231001845070",,A,2878682,1043746,858,2,4133,-1,20250930,99991231,1,1,20260316
108723,MG2114800439,MG2114800439,"100080",TND,"25007","2021-06-01 00:00:00.0","2021-06-01 00:00:00.0","2026-06-30 00:00:00.0","55159.01","8904389901","108","21","12.292","5","6.25","5","12.5",NP57701,"90211480043900800592","28000.000",DC2114800021,-1,523158,826,2,4914,181975,20250930,99991231,1,1,20260316
2442512,"8904389901","8904389901","100080",TND,"1010","1991-10-08 00:00:00.0","1991-10-08 00:00:00.0",,"11113.01","8904389901","108",,,,,,,AC11100,"08005010082006155663",,A,2878682,523158,858,2,3803,-1,20250930,99991231,1,1,20260316
2600237,"8907896421","8907896421","100080",TND,"3439","2013-11-11 00:00:00.0","2013-11-11 00:00:00.0",,"11180.01","8907896421","108",,,,,,,AC43900,,,A,2878682,523158,859,2,4854,0,20250930,99991231,1,1,20260316
2953475,"8914080078","8914080078","1000800",TND,"6500","2017-02-16 00:00:00.0","2017-02-16 00:00:00.0",,"11119.01","8914080078","272",,,,,,,AC11100,"08092027024002076639",,A,2878682,943028,858,2,4682,-1,20250930,99991231,1,1,20260316
116581,MG2207500151,MG2207500151,"1000803",TND,"25007","2022-03-16 00:00:00.0","2022-03-16 00:00:00.0","2027-04-24 00:00:00.0","55159.01","8914060509","41","21","9.102","2.50","6.25","2.50","10",NP57701,"90220750015100870543","28000.000",DC2206100233,-1,947132,826,2,4914,103494,20250930,99991231,1,1,20260316
2125193,PDMG2207500151,MG2207500151,"1000803",TND,"25007","2023-10-24 00:00:00.0","2023-10-24 00:00:00.0","2027-04-24 00:00:00.0","9997.01","8914060509","41","21",,"5",,"5",,NP57701,,,,0,947132,826,2,4914,0,20250930,99991231,1,1,20260325
2942224,"8914060509","8914060509","1000803",TND,"1010","2017-02-14 00:00:00.0","2017-02-14 00:00:00.0",,"11112.01","8914060509","41",,,,,,,AC11100,"08705000412012724769",,A,2878682,947132,858,2,3803,-1,20250930,99991231,1,1,20260316
3385043,"8919377427","8919377427","1000803",TND,"3439","2020-01-10 00:00:00.0","2020-01-10 00:00:00.0",,"11180.01","8919377427","41",,,,,,,AC43900,,,A,2878682,947132,859,2,4854,0,20250930,99991231,1,1,20260316
147459,MG2124600248,MG2124600248,"1000804",TND,"25007","2021-09-03 00:00:00.0","2021-09-03 00:00:00.0","2026-10-31 00:00:00.0","55159.01","8914060517","216","21","9.3213","2.50","6.26","2.5","10",NP57701,"90212460024800806251","22000.000",DC2124600106,-1,947543,826,2,4914,143162,20250930,99991231,1,1,20260316
2126489,PDMG2124600248,MG2124600248,"1000804",TND,"25007","2024-09-02 00:00:00.0","2024-09-02 00:00:00.0","2026-10-31 00:00:00.0","9997.01","8914060517","216","21",,"5",,"5",,NP57701,,,,0,947543,826,2,4914,0,20250930,99991231,1,1,20260325
2942225,"8914060517","8914060517","1000804",TND,"1010","2017-02-14 00:00:00.0","2017-02-14 00:00:00.0",,"11112.01","8914060517","216",,,,,,,AC11100,"08062021062003611537",,A,2878682,947543,858,2,3803,-1,20250930,99991231,1,1,20260316
39882,MG2429200204,MG2429200204,"1000805",TND,"25007","2024-10-22 00:00:00.0","2024-10-22 00:00:00.0","2029-11-06 00:00:00.0","55159.01","8914060557","225",,"13.811",,"7.99","4.75","12.74",TF57701,"90242920020400806902","20000.000",DC2429100165,-1,947347,676,2,4914,12317,20250930,99991231,1,1,20260316
2942227,"8914060557","8914060557","1000805",TND,"1010","2017-02-14 00:00:00.0","2017-02-14 00:00:00.0",,"11112.01","8914060557","225",,,,,,,AC11100,"08069022052001472177",,A,2878682,947347,858,2,3803,-1,20250930,99991231,1,1,20260316
3237398,"8917020508","8917020508","1000805",TND,"3439","2018-07-23 00:00:00.0","2018-07-23 00:00:00.0",,"11180.01","8917020508","225",,,,,,,AC43900,,,A,2878682,947347,859,2,4854,0,20250930,99991231,1,1,20260316
3581291,"8926835767","8926835767","1000805",TND,"6500","2024-10-22 00:00:00.0","2024-10-22 00:00:00.0",,"11119.01","8926835767","225",,,,,,,AC11100,"08069022054002643287",,A,2878682,947347,858,2,4682,-1,20250930,99991231,1,1,20260316
208272,LD1717220107,LD1717220107,"1000806",TND,"21062","2017-06-21 00:00:00.0","2017-06-21 00:00:00.0","2032-06-21 00:00:00.0","55172.01","8924961709","44","21",,"1.75",null,null,,,,"27500",CRP1705229077.T01,-1,939919,0,2,3977,0,20250930,99991231,1,1,20260316
273116,LD1723779228,LD1723779228,"1000806",TND,"21062","2017-08-25 00:00:00.0","2017-08-25 00:00:00.0","2032-06-21 00:00:00.0","55172.01","8924961709","44","21",,"1.75",null,null,,,,"27500",CRP1705229077.T03,-1,939919,0,2,3977,0,20250930,99991231,1,1,20260316
365196,LD2034957093,LD2034957093,"1000806",TND,"21062","2020-12-01 00:00:00.0","2020-12-01 00:00:00.0","2032-09-21 00:00:00.0","5800.01","8924961709","44","28",,"1.75",null,null,,,,"918.448",,0,939919,0,2,3977,0,20250930,99991231,1,1,20260316
368062,LD2034984600,LD2034984600,"1000806",TND,"21062","2020-12-01 00:00:00.0","2020-12-01 00:00:00.0","2032-09-21 00:00:00.0","5800.01","8924961709","44","28",,"1.75",null,null,,,,"911.678",,0,939919,0,2,3977,0,20250930,99991231,1,1,20260316
286676,LD2129828290,LD2129828290,"1000806",TND,"21062","2021-10-25 00:00:00.0","2021-10-25 00:00:00.0","2036-10-23 00:00:00.0","55172.01","8924961709","44","29",,"1.75",null,null,,,,"20000",CRP2125072367.T01,-1,939919,0,2,3977,0,20250930,99991231,1,1,20260316
2220987,PDLD1717220107,LD1717220107,"1000806",TND,"21062","2017-09-21 00:00:00.0","2017-09-21 00:00:00.0","2032-06-21 00:00:00.0","9997.01","8924961709","44","21",,"5",,"5",,NP72101,,,,0,939919,51,2,3977,0,20250930,99991231,1,1,20260325
2156974,PDLD1723779228,LD1723779228,"1000806",TND,"21062","2017-10-21 00:00:00.0","2017-10-21 00:00:00.0","2032-06-21 00:00:00.0","9997.01","8924961709","44","21",,"5",,"5",,NP72101,,,,0,939919,51,2,3977,0,20250930,99991231,1,1,20260325
2138831,PDLD2129828290,LD2129828290,"1000806",TND,"21062","2022-05-23 00:00:00.0","2022-05-23 00:00:00.0","2036-10-23 00:00:00.0","9997.01","8924961709","44","21",,"5",,"5",,NP72101,,,,0,939919,51,2,3977,0,20250930,99991231,1,1,20260325
3187380,"8917387185","8917387185","1000806",TND,"3439","2018-10-12 00:00:00.0","2018-10-12 00:00:00.0",,"11180.01","8917387185","35",,,,,,,AC43900,,,A,2878682,939919,859,2,4854,0,20250930,99991231,1,1,20260316
3493973,"8924961709","8924961709","1000806",TND,"1010","2023-03-07 00:00:00.0","2023-03-07 00:00:00.0",,"11112.01","8924961709","44",,,,,,,AC11100,"08703000442016700354",,A,2878682,939919,858,2,3803,-1,20250930,99991231,1,1,20260316
3446344,"8925126722","8925126722","1000806",TND,"3439","2023-05-12 00:00:00.0","2023-05-12 00:00:00.0",,"11180.01","8925126722","44",,,,,,,AC43900,,,A,2878682,939919,859,2,4854,0,20250930,99991231,1,1,20260316
2953481,"8914080135","8914080135","1000807",TND,"6500","2017-02-16 00:00:00.0","2017-02-16 00:00:00.0",,"11119.01","8914080135","272",,,,,,,AC11100,"08092027024002077415",,A,2878682,945747,858,2,4682,-1,20250930,99991231,1,1,20260316
127845,MG2523000437,MG2523000437,"1000808",TND,"25007","2025-08-19 00:00:00.0","2025-08-19 00:00:00.0","2030-09-27 00:00:00.0","55159.01","8914060576","208",,"13.314",,"7.5","4.75","12.25",TF57701,"90252300043700805193","7000.000",DC2522600048,-1,945894,676,2,4914,17457,20250930,99991231,1,1,20260316
2115156,PDMG2523000437,MG2523000437,"1000808",TND,"25007","2025-09-26 00:00:00.0","2025-09-26 00:00:00.0","2030-09-27 00:00:00.0","9997.01",,"208","21",,"5",,"5",,TF57701,,,,0,945894,676,2,4914,0,20250930,99991231,1,1,20260325
2942228,"8914060576","8914060576","1000808",TND,"1010","2017-02-14 00:00:00.0","2017-02-14 00:00:00.0",,"11112.01","8914060576","208",,,,,,,AC11100,"08051020082001791876",,A,2878682,945894,858,2,3803,-1,20250930,99991231,1,1,20260316
3036208,"8914623341","8914623341","1000808",TND,"3439","2017-05-23 00:00:00.0","2017-05-23 00:00:00.0",,"11180.01","8914623341","208",,,,,,,AC43900,,,A,2878682,945894,859,2,4854,0,20250930,99991231,1,1,20260316
2449480,"8904391407","8904391407","100081",TND,"1010","1994-04-05 00:00:00.0","1994-04-05 00:00:00.0",,"11113.01","8904391407","108",,,,,,,AC11100,"08005010082007096272",,A,2878682,240545,858,2,3803,-1,20250930,99991231,1,1,20260316
2448805,"8904435687","8904435687","100081",TND,"6500","1999-11-02 00:00:00.0","1999-11-02 00:00:00.0",,"11119.01","8904435687","108",,,,,,,AC11100,"08005010084006598109",,A,2878682,240545,858,2,4682,-1,20250930,99991231,1,1,20260316
3103924,"8914513651","8914513651","100081",TND,"3439","2017-05-04 00:00:00.0","2017-05-04 00:00:00.0",,"11180.01","8914513651","108",,,,,,,AC43900,,,A,2878682,240545,859,2,4854,0,20250930,99991231,1,1,20260316
2942233,"8914060697","8914060697","1000810",TND,"1010","2017-02-14 00:00:00.0","2017-02-14 00:00:00.0",,"11112.01","8914060697","315",,,,,,,AC11100,"08143031052000464447",,A,2878682,945946,858,2,3803,-1,20250930,99991231,1,1,20260316
3528814,"8923586289","8923586289","1000810",TND,"1010","2022-01-05 00:00:00.0","2022-01-05 00:00:00.0",,"11112.01","8923586289","315",,,,,,,AC11100,"08143031052001398848",,A,2878682,945946,858,2,3803,-1,20250930,99991231,1,1,20260316
2942230,"8914060649","8914060649","1000811",TND,"6500","2017-02-14 00:00:00.0","2017-02-14 00:00:00.0",,"11119.01","8914060649","257",,,,,,,AC11100,"08089025074001491525",,A,2878682,945736,858,2,4682,-1,20250930,99991231,1,1,20260316
2953484,"8914080178","8914080178","1000812",TND,"6500","2017-02-16 00:00:00.0","2017-02-16 00:00:00.0",,"11119.01","8914080178","272",,,,,,,AC11100,"08092027024002078288",,A,2878682,944933,858,2,4682,-1,20250930,99991231,1,1,20260316
2942231,"8914060665","8914060665","1000813",TND,"1010","2017-02-14 00:00:00.0","2017-02-14 00:00:00.0",,"11112.01","8914060665","73",,,,,,,AC11100,"08102000732010121733",,A,2878682,943678,858,2,3803,-1,20250930,99991231,1,1,20260316
3087849,"8914408327","8914408327","1000813",TND,"3439","2017-04-17 00:00:00.0","2017-04-17 00:00:00.0",,"11180.01","8914408327","73",,,,,,,AC43900,,,A,2878682,943678,859,2,4854,0,20250930,99991231,1,1,20260316
2942229,"8914060638","8914060638","1000816",TND,"6500","2017-02-14 00:00:00.0","2017-02-14 00:00:00.0",,"11119.01","8914060638","258",,,,,,,AC11100,"08090025084001617628",,A,2878682,943284,858,2,4682,-1,20250930,99991231,1,1,20260316
2942232,"8914060681","8914060681","1000817",TND,"1010","2017-02-14 00:00:00.0","2017-02-14 00:00:00.0",,"11112.01","8914060681","238",,,,,,,AC11100,"08081023082001755844",,A,2878682,945447,858,2,3803,-1,20250930,99991231,1,1,20260316
3135841,"8918396196","8918396196","1000817",TND,"6500","2019-05-23 00:00:00.0","2019-05-23 00:00:00.0",,"11119.01","8918396196","238",,,,,,,AC11100,"08081023084002917060",,A,2878682,945447,858,2,4682,-1,20250930,99991231,1,1,20260316
3520750,"8924142376","8924142376","1000820",TND,"1010","2022-06-22 00:00:00.0","2022-06-22 00:00:00.0",,"11112.01","8924142376","295",,,,,,,AC11100,"08121029052001556496",,A,2878682,942968,858,2,3803,-1,20250930,99991231,1,1,20260316
3451286,"8924375192","8924375192","1000820",TND,"3439","2022-09-02 00:00:00.0","2022-09-02 00:00:00.0",,"11180.01","8924375192","295",,,,,,,AC43900,,,A,2878682,942968,859,2,4854,0,20250930,99991231,1,1,20260316
2942241,"8914060835","8914060835","1000821",TND,"6003","2017-02-14 00:00:00.0","2017-02-14 00:00:00.0",,"11119.01","8914060835","136",,,,,,,AC11100,"08039013064500241652",,A,2878682,943791,858,2,4023,-1,20250930,99991231,1,1,20260316
2942238,"8914060754","8914060754","1000822",TND,"6500","2017-02-14 00:00:00.0","2017-02-14 00:00:00.0",,"11119.01","8914060754","233",,,,,,,AC11100,"08076023034002414779",,A,2878682,947368,858,2,4682,-1,20250930,99991231,1,1,20260316
71363,MG2330300327,MG2330300327,"1000826",TND,"25007","2023-11-01 00:00:00.0","2023-11-01 00:00:00.0","2028-12-24 00:00:00.0","55159.01","8914739501","303",,"13.27",,"7.99","4.75","12.75",TF57701,"90233030032700813326","25000.000",DC2330300035,-1,943835,676,2,4914,137087,20250930,99991231,1,1,20260316
121414,MG2430300117,MG2430300117,"1000826",TND,"25007","2024-10-31 00:00:00.0","2024-10-31 00:00:00.0","2029-11-25 00:00:00.0","55159.01","8914739501","303",,"13.803",,"7.99","4.75","12.74",TF57701,"90243030011700813396","8000.000",DC2430200210,-1,943835,676,2,4914,69105,20250930,99991231,1,1,20260316
2094077,PDMG2330300327,MG2330300327,"1000826",TND,"25007","2023-12-22 00:00:00.0","2023-12-22 00:00:00.0","2028-12-24 00:00:00.0","9997.01","8914739501","303","21",,"5",,"5",,TF57701,,,,0,943835,676,2,4914,0,20250930,99991231,1,1,20260325
2104126,PDMG2430300117,MG2430300117,"1000826",TND,"25007","2024-12-25 00:00:00.0","2024-12-25 00:00:00.0","2029-11-25 00:00:00.0","9997.01","8914739501","303","21",,"5",,"5",,TF57701,,,,0,943835,676,2,4914,0,20250930,99991231,1,1,20260325
2942240,"8914060797","8914060797","1000826",TND,"6500","2017-02-14 00:00:00.0","2017-02-14 00:00:00.0",,"11119.01","8914060797","303",,,,,,,AC11100,"08133030034000500091",,A,2878682,943835,858,2,4682,-1,20250930,99991231,1,1,20260316
3034499,"8914739501","8914739501","1000826",TND,"1010","2017-06-14 00:00:00.0","2017-06-14 00:00:00.0",,"11113.01","8914739501","303",,,,,,,AC11100,"08133030032000614037",,A,2878682,943835,858,2,3803,-1,20250930,99991231,1,1,20260316
2943331,"8914061009","8914061009","1000828",TND,"1010","2017-02-14 00:00:00.0","2017-02-14 00:00:00.0",,"11112.01","8914061009","309",,,,,,,AC11100,"08138030092000360930",,A,2878682,941712,858,2,3803,-1,20250930,99991231,1,1,20260316
2953739,"8914188327","8914188327","1000828",TND,"3439","2017-03-08 00:00:00.0","2017-03-08 00:00:00.0",,"11180.01","8914188327","309",,,,,,,AC43900,,,A,2878682,941712,859,2,4854,0,20250930,99991231,1,1,20260316
3153908,"8918872915","8918872915","1000828",TND,"6500","2019-09-24 00:00:00.0","2019-09-24 00:00:00.0",,"11119.01","8918872915","309",,,,,,,AC11100,"08138030094001159463",,A,2878682,941712,858,2,4682,-1,20250930,99991231,1,1,20260316
2446661,"8904420752","8904420752","100083",TND,"1010","1995-03-24 00:00:00.0","1995-03-24 00:00:00.0",,"11113.01","8904420752","108",,,,,,,AC11100,"08005010082007374080",,A,2878682,239892,858,2,3803,-1,20250930,99991231,1,1,20260316
2943329,"8914060967","8914060967","1000831",TND,"6500","2017-02-14 00:00:00.0","2017-02-14 00:00:00.0",,"11119.01","8914060967","238",,,,,,,AC11100,"08081023084001952201",,A,2878682,946570,858,2,4682,-1,20250930,99991231,1,1,20260316
2943326,"8914060886","8914060886","1000832",TND,"6500","2017-02-14 00:00:00.0","2017-02-14 00:00:00.0",,"11119.01","8914060886","106",,,,,,,AC11100,"08015010064002144002",,A,2878682,946000,858,2,4682,-1,20250930,99991231,1,1,20260316
2943328,"8914060924","8914060924","1000834",TND,"6500","2017-02-14 00:00:00.0","2017-02-14 00:00:00.0",,"11119.01","8914060924","304",,,,,,,AC11100,"08132030044001439241",,A,2878682,940599,858,2,4682,-1,20250930,99991231,1,1,20260316
69698,MG2423200215,MG2423200215,"1000835",TND,"25007","2024-08-19 00:00:00.0","2024-08-19 00:00:00.0","2029-09-20 00:00:00.0","55159.01","8914060983","135",,"11.057",,"7.98","2.50","10.48",TF57701,"90242320021500804292","26000.000",DC2421400158,-1,944881,676,2,4914,125208,20250930,99991231,1,1,20260316
2140280,PDMG2423200215,MG2423200215,"1000835",TND,"25007","2024-09-20 00:00:00.0","2024-09-20 00:00:00.0","2029-09-20 00:00:00.0","9997.01","8914060983","135","21",,"5",,"5",,TF57701,,,,0,944881,676,2,4914,0,20250930,99991231,1,1,20260325
2943330,"8914060983","8914060983","1000835",TND,"1010","2017-02-14 00:00:00.0","2017-02-14 00:00:00.0",,"11112.01","8914060983","135",,,,,,,AC11100,"08042013052004007385",,A,2878682,944881,858,2,3803,-1,20250930,99991231,1,1,20260316
3181688,"8917385468","8917385468","1000835",TND,"3439","2018-10-12 00:00:00.0","2018-10-12 00:00:00.0",,"11180.01","8917385468","135",,,,,,,AC43900,,,A,2878682,944881,859,2,4854,0,20250930,99991231,1,1,20260316
2944467,"8914062927","8914062927","1000840",TND,"6500","2017-02-14 00:00:00.0","2017-02-14 00:00:00.0",,"11119.01","8914062927","212",,,,,,,AC11100,"08057021024001702930",,A,2878682,944338,858,2,4682,-1,20250930,99991231,1,1,20260316
3089745,"8914345047","8914345047","1000842",TND,"6500","2017-04-05 00:00:00.0","2017-04-05 00:00:00.0",,"11119.01","8914345047","314",,,,,,,AC11100,"08142031044000657309",,A,2878682,947949,858,2,4682,-1,20250930,99991231,1,1,20260316
2943338,"8914061138","8914061138","1000843",TND,"6500","2017-02-14 00:00:00.0","2017-02-14 00:00:00.0",,"11119.01","8914061138","201",,,,,,,AC11100,"08046020014001122203",,A,2878682,932372,858,2,4682,-1,20250930,99991231,1,1,20260316
3131197,"8918297422","8918297422","1000843",TND,"3089","2019-04-24 00:00:00.0","2019-04-24 00:00:00.0",,,"8918297422","201",,,,,,,AC11100,,,,0,932372,858,2,4847,0,20250930,99991231,1,1,20260316
2943334,"8914061076","8914061076","1000845",TND,"6003","2017-02-14 00:00:00.0","2017-02-14 00:00:00.0",,"11119.01","8914061076","294",,,,,,,AC11100,"08123029044500072658",,A,2878682,942489,858,2,4023,-1,20250930,99991231,1,1,20260316
2943333,"8914061041","8914061041","1000846",TND,"6500","2017-02-14 00:00:00.0","2017-02-14 00:00:00.0",,"11119.01","8914061041","238",,,,,,,AC11100,"08081023084001951425",,A,2878682,944389,858,2,4682,-1,20250930,99991231,1,1,20260316
2448444,"8904400767","8904400767","100085",TND,"1010","1980-05-26 00:00:00.0","1980-05-26 00:00:00.0",,"11112.01","8904400767","108",,,,,,,AC11100,"08005010082000384066",,A,2878682,377644,858,2,3803,-1,20250930,99991231,1,1,20260316
2943336,"8914061106","8914061106","1000850",TND,"6500","2017-02-14 00:00:00.0","2017-02-14 00:00:00.0",,"11119.01","8914061106","258",,,,,,,AC11100,"08090025084001618404",,A,2878682,941367,858,2,4682,-1,20250930,99991231,1,1,20260316
2942244,"8914061203","8914061203","1000851",TND,"1010","2017-02-14 00:00:00.0","2017-02-14 00:00:00.0",,"11112.01","8914061203","14",,,,,,,AC11100,"08906000142003465963",,A,2878682,941164,858,2,3803,-1,20250930,99991231,1,1,20260316
3097072,"8914492948","8914492948","1000851",TND,"3439","2017-05-02 00:00:00.0","2017-05-02 00:00:00.0",,"11180.01","8914492948","14",,,,,,,AC43900,,,A,2878682,941164,859,2,4854,0,20250930,99991231,1,1,20260316
2943337,"8914061122","8914061122","1000854",TND,"6500","2017-02-14 00:00:00.0","2017-02-14 00:00:00.0",,"11119.01","8914061122","216",,,,,,,AC11100,"08062021064004552854",,A,2878682,945973,858,2,4682,-1,20250930,99991231,1,1,20260316
3244560,"8917126497","8917126497","1000855",TND,"1010","2018-08-23 00:00:00.0","2018-08-23 00:00:00.0",,"11112.01","8917126497","216",,,,,,,AC11100,"08062021062006107153",,A,2878682,945404,858,2,3803,-1,20250930,99991231,1,1,20260316
3209658,"8918531988","8918531988","1000855",TND,"3439","2019-07-01 00:00:00.0","2019-07-01 00:00:00.0",,"11180.01","8918531988","216",,,,,,,AC43900,,,A,2878682,945404,859,2,4854,0,20250930,99991231,1,1,20260316
3153661,"8918801082","8918801082","1000855",TND,"6500","2019-09-09 00:00:00.0","2019-09-09 00:00:00.0",,"11119.01","8918801082","216",,,,,,,AC11100,"08062021064007263034",,A,2878682,945404,858,2,4682,-1,20250930,99991231,1,1,20260316
2942243,"8914061197","8914061197","1000857",TND,"1010","2017-02-14 00:00:00.0","2017-02-14 00:00:00.0",,"11112.01","8914061197","255",,,,,,,AC11100,"08084025052001920753",,A,2878682,942693,858,2,3803,-1,20250930,99991231,1,1,20260316
3091838,"8914295379","8914295379","1000857",TND,"6500","2017-03-28 00:00:00.0","2017-03-28 00:00:00.0",,"11119.01","8914295379","255",,,,,,,AC11100,"08084025054002096158",,A,2878682,942693,858,2,4682,-1,20250930,99991231,1,1,20260316
2942242,"8914061165","8914061165","1000858",TND,"6500","2017-02-14 00:00:00.0","2017-02-14 00:00:00.0",,"11119.01","8914061165","109",,,,,,,AC11100,"08018010094004771935",,A,2878682,947167,858,2,4682,-1,20250930,99991231,1,1,20260316
2942245,"8914061211","8914061211","1000859",TND,"1010","2017-02-14 00:00:00.0","2017-02-14 00:00:00.0",,"11112.01","8914061211","106",,,,,,,AC11100,"08015010062002276960",,A,2878682,943606,858,2,3803,-1,20250930,99991231,1,1,20260316
2953482,"8914080143","8914080143","1000860",TND,"6500","2017-02-16 00:00:00.0","2017-02-16 00:00:00.0",,"11119.01","8914080143","272",,,,,,,AC11100,"08092027024002056172",,A,2878682,944092,858,2,4682,-1,20250930,99991231,1,1,20260316
2944805,"8914061289","8914061289","1000861",TND,"1010","2018-06-25 00:00:00.0","2018-06-25 00:00:00.0",,"11112.01","8914061289","41",,,,,,,AC11100,"08705000412012726321",,A,2878682,946529,858,2,3803,-1,20250930,99991231,1,1,20260316
92168,MG2418000114,MG2418000114,"1000863",TND,"25007","2024-06-28 00:00:00.0","2024-06-28 00:00:00.0","2029-08-01 00:00:00.0","55159.01","8914061238","314",,"13.793",,"7.97","4.75","12.72",TF57701,"90241800011400814223","28000.000",DC2417300144,-1,945321,676,2,4914,138714,20250930,99991231,1,1,20260316
2942246,"8914061238","8914061238","1000863",TND,"1010","2017-02-14 00:00:00.0","2017-02-14 00:00:00.0",,"11113.01","8914061238","314",,,,,,,AC11100,"08142031042000473659",,A,2878682,945321,858,2,3803,-1,20250930,99991231,1,1,20260316
3103471,"8914367396","8914367396","1000863",TND,"3439","2017-04-10 00:00:00.0","2017-04-10 00:00:00.0",,"11180.01","8914367396","314",,,,,,,AC43900,,,A,2878682,945321,859,2,4854,0,20250930,99991231,1,1,20260316
3333487,"8921679921","8921679921","1000863",TND,"6500","2020-07-24 00:00:00.0","2020-07-24 00:00:00.0",,"11119.01","8921679921","314",,,,,,,AC11100,"08142031044001383936",,A,2878682,945321,858,2,4682,-1,20250930,99991231,1,1,20260316
2942250,"8914061278","8914061278","1000864",TND,"6500","2017-02-14 00:00:00.0","2017-02-14 00:00:00.0",,"11119.01","8914061278","3",,,,,,,AC11100,"08109000034005145964",,A,2878682,945902,858,2,4682,-1,20250930,99991231,1,1,20260316
2942249,"8914061262","8914061262","1000865",TND,"6500","2017-02-14 00:00:00.0","2017-02-14 00:00:00.0",,"11119.01","8914061262","274",,,,,,,AC11100,"08094027044000690321",,A,2878682,942165,858,2,4682,-1,20250930,99991231,1,1,20260316
2670328,"8908531788","8908531788","100087",TND,"3997","2014-02-25 00:00:00.0","2014-02-25 00:00:00.0",,"11119.01","8908531788","108",,,,,,,AC11100,,,A,2878682,237669,858,2,4100,0,20250930,99991231,1,1,20260316
3448362,"8925036723","8925036723","100087",TND,"6500","2023-04-07 00:00:00.0","2023-04-07 00:00:00.0",,"11119.01","8925036723","75",,,,,,,AC11100,"08105000754011204049",,A,2878682,237669,858,2,4682,-1,20250930,99991231,1,1,20260316
3440666,"8925086461","8925086461","100087",TND,"1010","2023-04-28 00:00:00.0","2023-04-28 00:00:00.0",,"11113.01","8925086461","75",,,,,,,AC11100,"08105000752011812210",,A,2878682,237669,858,2,3803,-1,20250930,99991231,1,1,20260316
3639862,"8926640152","8926640152","1000871",TND,"6500","2024-08-26 00:00:00.0","2024-08-26 00:00:00.0",,"11119.01","8926640152","214",,,,,,,AC11100,"08058021044003763649",,A,2878682,946632,858,2,4682,-1,20250930,99991231,1,1,20260316
2953485,"8914080208","8914080208","1000872",TND,"6500","2017-02-16 00:00:00.0","2017-02-16 00:00:00.0",,"11119.01","8914080208","272",,,,,,,AC11100,"08092027024002057045",,A,2878682,940219,858,2,4682,-1,20250930,99991231,1,1,20260316
2955061,"8914158592","8914158592","1000873",TND,"1000","2017-03-02 00:00:00.0","2017-03-02 00:00:00.0",,"11111.01","8914158592","131",,,,,,,AC11100,"08036013011000419370",,A,2878682,1354357,858,2,4133,-1,20250930,99991231,1,1,20260316
3075996,"8915144943","8915144943","1000873",EUR,"1250","2017-07-26 00:00:00.0","2017-07-26 00:00:00.0",,"11119.01","8915144943","131",,,,,,,AC11100,"08036013015900090839",,A,2878682,1354357,858,7,3424,-1,20250930,99991231,1,1,20260316
2942255,"8914061408","8914061408","1000878",TND,"6500","2017-02-14 00:00:00.0","2017-02-14 00:00:00.0",,"11119.01","8914061408","3",,,,,,,AC11100,"08109000034005146740",,A,2878682,939747,858,2,4682,-1,20250930,99991231,1,1,20260316
2447680,"8904411397","8904411397","100088",TND,"1010","2005-04-14 00:00:00.0","2005-04-14 00:00:00.0",,"11113.01","8904411397","108",,,,,,,AC11100,"08005010082012823540",,A,2878682,242186,858,2,3803,-1,20250930,99991231,1,1,20260316
2944583,"8914077398","8914077398","1000880",TND,"6500","2017-02-16 00:00:00.0","2017-02-16 00:00:00.0",,"11119.01","8914077398","272",,,,,,,AC11100,"08092027024002046472",,A,2878682,946568,858,2,4682,-1,20250930,99991231,1,1,20260316
2942256,"8914061432","8914061432","1000881",TND,"6500","2017-02-14 00:00:00.0","2017-02-14 00:00:00.0",,"11119.01","8914061432","7",,,,,,,AC11100,"08306000074004542390",,A,2878682,948094,858,2,4682,-1,20250930,99991231,1,1,20260316
3459127,"8924396564","8924396564","1000881",TND,"1010","2022-09-08 00:00:00.0","2022-09-08 00:00:00.0",,"11112.01","8924396564","7",,,,,,,AC11100,"08306000072006035385",,A,2878682,948094,858,2,3803,-1,20250930,99991231,1,1,20260316
3441651,"8925049361","8925049361","1000881",TND,"3439","2023-04-13 00:00:00.0","2023-04-13 00:00:00.0",,"11180.01","8925049361","7",,,,,,,AC43900,,,A,2878682,948094,859,2,4854,0,20250930,99991231,1,1,20260316
2942258,"8914061483","8914061483","1000884",TND,"6500","2017-02-14 00:00:00.0","2017-02-14 00:00:00.0",,"11119.01","8914061483","211",,,,,,,AC11100,"08056021014001251877",,A,2878682,947570,858,2,4682,-1,20250930,99991231,1,1,20260316
3096253,"8914263717","8914263717","1000887",TND,"6500","2017-03-22 00:00:00.0","2017-03-22 00:00:00.0",,"11119.01","8914263717","258",,,,,,,AC11100,"08090025084001651675",,A,2878682,945274,858,2,4682,-1,20250930,99991231,1,1,20260316
86721,MG2311400091,MG2311400091,"1000888",TND,"25007","2023-04-24 00:00:00.0","2023-04-24 00:00:00.0","2028-05-25 00:00:00.0","55159.01","8914061556","314",,"13.27",,"8.05","5","13.05",TF57701,"90231140009100814228","5000.000",DC2309700067,-1,943050,676,2,4914,46882,20250930,99991231,1,1,20260316
2183302,PDMG2311400091,MG2311400091,"1000888",TND,"25007","2023-06-23 00:00:00.0","2023-06-23 00:00:00.0","2028-05-25 00:00:00.0","9997.01","8914061556","314","21",,"5",,"5",,TF57701,,,,0,943050,676,2,4914,0,20250930,99991231,1,1,20260325
2943343,"8914061556","8914061556","1000888",TND,"1010","2017-02-14 00:00:00.0","2017-02-14 00:00:00.0",,"11112.01","8914061556","314",,,,,,,AC11100,"08142031042000474435",,A,2878682,943050,858,2,3803,-1,20250930,99991231,1,1,20260316
3086127,"8914305908","8914305908","1000888",TND,"3439","2017-03-29 00:00:00.0","2017-03-29 00:00:00.0",,"11180.01","8914305908","314",,,,,,,AC43900,,,A,2878682,943050,859,2,4854,0,20250930,99991231,1,1,20260316
3087326,"8914319669","8914319669","1000888",TND,"6500","2017-03-31 00:00:00.0","2017-03-31 00:00:00.0",,"11119.01","8914319669","314",,,,,,,AC11100,"08142031044000651489",,A,2878682,943050,858,2,4682,-1,20250930,99991231,1,1,20260316
2944586,"8914077428","8914077428","1000889",TND,"6500","2017-02-16 00:00:00.0","2017-02-16 00:00:00.0",,"11119.01","8914077428","272",,,,,,,AC11100,"08092027024002047248",,A,2878682,942152,858,2,4682,-1,20250930,99991231,1,1,20260316
2447779,"8904412814","8904412814","100089",TND,"1010","2006-05-12 00:00:00.0","2006-05-12 00:00:00.0",,"11112.01","8904412814","108",,,,,,,AC11100,"08005010082013157026",,A,2878682,242266,858,2,3803,-1,20250930,99991231,1,1,20260316
2708177,"8910005422","8910005422","100089",TND,"6500","2014-12-25 00:00:00.0","2014-12-25 00:00:00.0",,"11119.01","8910005422","66",,,,,,,AC11100,"08006000664013016249",,A,2878682,242266,858,2,4682,-1,20250930,99991231,1,1,20260316
2943342,"8914061548","8914061548","1000890",TND,"6500","2017-02-14 00:00:00.0","2017-02-14 00:00:00.0",,"11119.01","8914061548","213",,,,,,,AC11100,"08059021034001523632",,A,2878682,944117,858,2,4682,-1,20250930,99991231,1,1,20260316
2943344,"8914061572","8914061572","1000892",TND,"6500","2017-02-14 00:00:00.0","2017-02-14 00:00:00.0",,"11119.01","8914061572","215",,,,,,,AC11100,"08060021054001703909",,A,2878682,931447,858,2,4682,-1,20250930,99991231,1,1,20260316
2943346,"8914061637","8914061637","1000893",TND,"6500","2017-02-14 00:00:00.0","2017-02-14 00:00:00.0",,"11119.01","8914061637","127",,,,,,,AC11100,"08033012074003466414",,A,2878682,946508,858,2,4682,-1,20250930,99991231,1,1,20260316
84705,MG2436600323,MG2436600323,"1000894",TND,"25007","2024-12-31 00:00:00.0","2024-12-31 00:00:00.0","2030-01-28 00:00:00.0","55159.01","8927016843","116",,"13.782",,"7.99","4.75","12.74",TF57701,"90243660032300802361","30000.000",DC2436600049,-1,939693,676,2,4914,208696,20250930,99991231,1,1,20260316
2213323,PDMG2436600323,MG2436600323,"1000894",TND,"25007","2025-09-29 00:00:00.0","2025-09-29 00:00:00.0","2030-01-28 00:00:00.0","9997.01",,"116","21",,"5",,"5",,TF57701,,,,0,939693,676,2,4914,0,20250930,99991231,1,1,20260325
3547533,"8927016843","8927016843","1000894",TND,"1010","2024-12-23 00:00:00.0","2024-12-23 00:00:00.0",,"11112.01","8927016843","116",,,,,,,AC11100,"08023011062021299705",,A,2878682,939693,858,2,3803,-1,20250930,99991231,1,1,20260316
3742885,"8927221455","8927221455","1000894",TND,"6500","2025-02-24 00:00:00.0","2025-02-24 00:00:00.0",,"11119.01","8927221455","116",,,,,,,AC11100,"08023011064016369030",,A,2878682,939693,858,2,4682,-1,20250930,99991231,1,1,20260316
2945695,"8914077622","8914077622","1000896",TND,"6500","2017-02-16 00:00:00.0","2017-02-16 00:00:00.0",,"11119.01","8914077622","272",,,,,,,AC11100,"08092027024002048024",,A,2878682,940180,858,2,4682,-1,20250930,99991231,1,1,20260316
3221945,"8917487295","8917487295","1000897",TND,"3439","2018-11-01 00:00:00.0","2018-11-01 00:00:00.0",,"11180.01","8917487295","5",,,,,,,AC43900,,,A,2878682,940916,859,2,4854,0,20250930,99991231,1,1,20260316
3438322,"8925061318","8925061318","1000897",TND,"3992","2023-04-19 00:00:00.0","2023-04-19 00:00:00.0",,,"8925061318","5",,,,,,,AC11100,,,,0,940916,858,2,5528,0,20250930,99991231,1,1,20260316
2943355,"8914061769","8914061769","1000900",TND,"6500","2017-02-14 00:00:00.0","2017-02-14 00:00:00.0",,"11119.01","8914061769","283",,,,,,,AC11100,"08113028034001010050",,A,2878682,939853,858,2,4682,-1,20250930,99991231,1,1,20260316
2943347,"8914061645","8914061645","1000901",TND,"6500","2017-02-14 00:00:00.0","2017-02-14 00:00:00.0",,"11119.01","8914061645","48",,,,,,,AC11100,"08709000484007310123",,A,2878682,941660,858,2,4682,-1,20250930,99991231,1,1,20260316
3625084,"8925739651","8925739651","1000902",TND,"6500","2023-11-13 00:00:00.0","2023-11-13 00:00:00.0",,"11119.01","8925739651","123",,,,,,,AC11100,"08029012034002385046",,A,2878682,946447,858,2,4682,-1,20250930,99991231,1,1,20260316
2946700,"8914064849","8914064849","1000903",TND,"6500","2017-02-14 00:00:00.0","2017-02-14 00:00:00.0",,"11119.01","8914064849","225",,,,,,,AC11100,"08069022054001861855",,A,2878682,944496,858,2,4682,-1,20250930,99991231,1,1,20260316
2943351,"8914061707","8914061707","1000904",TND,"6500","2017-02-14 00:00:00.0","2017-02-14 00:00:00.0",,"11119.01","8914061707","24",,,,,,,AC11100,"08504000244015220495",,A,2878682,940003,858,2,4682,-1,20250930,99991231,1,1,20260316
2943348,"8914061653","8914061653","1000905",TND,"6500","2017-02-14 00:00:00.0","2017-02-14 00:00:00.0",,"11119.01","8914061653","258",,,,,,,AC11100,"08090025084001619277",,A,2878682,948952,858,2,4682,-1,20250930,99991231,1,1,20260316
47953,MG2417600274,MG2417600274,"1000907",TND,"25007","2024-06-26 00:00:00.0","2024-06-26 00:00:00.0","2029-07-19 00:00:00.0","55159.01","8914145016","41",,"13.787",,"7.97","4.75","12.72",TF57701,"90241760027400870581","22000.000",DC2416300027,-1,940556,676,2,4914,188134,20250930,99991231,1,1,20260316
2208228,PDMG2417600274,MG2417600274,"1000907",TND,"25007","2024-07-19 00:00:00.0","2024-07-19 00:00:00.0","2029-07-19 00:00:00.0","9997.01","8914145016","41","21",,"5",,"5",,TF57701,,,,0,940556,676,2,4914,0,20250930,99991231,1,1,20260325
2943350,"8914061688","8914061688","1000907",TND,"6500","2017-02-14 00:00:00.0","2017-02-14 00:00:00.0",,"11119.01","8914061688","41",,,,,,,AC11100,"08705000414092139086",,A,2878682,940556,858,2,4682,-1,20250930,99991231,1,1,20260316
2943932,"8914145016","8914145016","1000907",TND,"1010","2017-02-28 00:00:00.0","2017-02-28 00:00:00.0",,"11112.01","8914145016","41",,,,,,,AC11100,"08705000412012748437",,A,2878682,940556,858,2,3803,-1,20250930,99991231,1,1,20260316
3718350,"8927658594","8927658594","100091",TND,"1010","2025-07-14 00:00:00.0","2025-07-14 00:00:00.0",,"11112.01","8927658594","6",,,,,,,AC11100,"08305000062015418095",,A,2878682,598743,858,2,3803,-1,20250930,99991231,1,1,20260316
2943349,"8914061677","8914061677","1000910",TND,"1010","2017-02-14 00:00:00.0","2017-02-14 00:00:00.0",,"11112.01","8914061677","71",,,,,,,AC11100,"08003000712005201790",,A,2878682,942176,858,2,3803,-1,20250930,99991231,1,1,20260316
3091946,"8914326018","8914326018","1000910",TND,"6500","2017-03-31 00:00:00.0","2017-03-31 00:00:00.0",,"11119.01","8914326018","71",,,,,,,AC11100,"08003000714008384971",,A,2878682,942176,858,2,4682,-1,20250930,99991231,1,1,20260316
2943352,"8914061726","8914061726","1000911",TND,"6500","2017-02-14 00:00:00.0","2017-02-14 00:00:00.0",,"11119.01","8914061726","32",,,,,,,AC11100,"08802000324010915704",,A,2878682,943293,858,2,4682,-1,20250930,99991231,1,1,20260316
2976103,"8916645137","8916645137","1000911",TND,"1010","2018-04-18 00:00:00.0","2018-04-18 00:00:00.0",,"11113.01","8916645137","32",,,,,,,AC11100,"08802000322011717089",,A,2878682,943293,858,2,3803,-1,20250930,99991231,1,1,20260316
3466623,"8924409763","8924409763","1000911",TND,"3077","2022-09-13 00:00:00.0","2022-09-13 00:00:00.0",,"11119.01","8924409763","32",,,,,,,AC11100,,,A,2878682,943293,858,2,5968,0,20250930,99991231,1,1,20260316
3596503,"8926273777","8926273777","1000911",TND,"3077","2024-05-02 00:00:00.0","2024-05-02 00:00:00.0",,"11119.01","8926273777","32",,,,,,,AC11100,,,A,2878682,943293,858,2,5968,0,20250930,99991231,1,1,20260316
118749,MG2410700192,MG2410700192,"1000913",TND,"25001","2024-04-16 00:00:00.0","2024-04-16 00:00:00.0","2027-05-30 00:00:00.0","55103.01","8914061742","10",,"14.19",,"7.96","4.75","12.71",TF49101,"90241070019200860507","8000.000",DC2410700049,-1,942576,642,2,3863,55111,20250930,99991231,1,1,20260316
2122567,PDMG2410700192,MG2410700192,"1000913",TND,"25001","2024-10-30 00:00:00.0","2024-10-30 00:00:00.0","2027-05-30 00:00:00.0","9997.01","8914061742","10","21",,"5",,"5",,TF49101,,,,0,942576,642,2,3863,0,20250930,99991231,1,1,20260325
2943354,"8914061742","8914061742","1000913",TND,"1010","2017-02-14 00:00:00.0","2017-02-14 00:00:00.0",,"11112.01","8914061742","10",,,,,,,AC11100,"08605000102010528015",,A,2878682,942576,858,2,3803,-1,20250930,99991231,1,1,20260316
2946696,"8914064792","8914064792","1000917",TND,"6500","2017-02-14 00:00:00.0","2017-02-14 00:00:00.0",,"11119.01","8914064792","225",,,,,,,AC11100,"08069022054001858848",,A,2878682,944238,858,2,4682,-1,20250930,99991231,1,1,20260316
2955658,"8914035717","8914035717","100092",TND,"6500","2017-02-08 00:00:00.0","2017-02-08 00:00:00.0",,"11119.01","8914035717","108",,,,,,,AC11100,"08005010084012474078",,A,2878682,246885,858,2,4682,-1,20250930,99991231,1,1,20260316
2944443,"8914061793","8914061793","1000921",TND,"6500","2017-02-14 00:00:00.0","2017-02-14 00:00:00.0",,"11119.01","8914061793","111",,,,,,,AC11100,"08020011014008339944",,A,2878682,941307,858,2,4682,-1,20250930,99991231,1,1,20260316
2944448,"8914061898","8914061898","1000922",TND,"6505","2017-02-14 00:00:00.0","2017-02-14 00:00:00.0",,"11119.01","8914061898","72",,,,,,,AC11100,"08103000724300496310",,A,2878682,941098,858,2,4706,-1,20250930,99991231,1,1,20260316
3083596,"8914850968","8914850968","1000925",TND,"1000","2017-07-07 00:00:00.0","2017-07-07 00:00:00.0",,"11111.01","8914850968","234",,,,,,,AC11100,"08078023041000069088",,A,2878682,1207181,858,2,4133,-1,20250930,99991231,1,1,20260316
2944447,"8914061882","8914061882","1000928",TND,"6500","2017-02-14 00:00:00.0","2017-02-14 00:00:00.0",,"11119.01","8914061882","277",,,,,,,AC11100,"08099027074001158556",,A,2878682,944927,858,2,4682,-1,20250930,99991231,1,1,20260316
2944444,"8914061815","8914061815","1000929",TND,"1010","2017-02-14 00:00:00.0","2017-02-14 00:00:00.0",,"11112.01","8914061815","126",,,,,,,AC11100,"08034012062002248457",,A,2878682,940451,858,2,3803,-1,20250930,99991231,1,1,20260316
2541336,"8906507871","8906507871","100093",TND,"3997","2012-12-14 00:00:00.0","2012-12-14 00:00:00.0",,"11119.01","8906507871","107",,,,,,,AC11100,,,A,2878682,238255,858,2,4100,0,20250930,99991231,1,1,20260316
2656833,"8908837477","8908837477","100093",TND,"1010","2014-05-08 00:00:00.0","2014-05-08 00:00:00.0",,"11112.01","8908837477","258",,,,,,,AC11100,"08090025082000394914",,A,2878682,238255,858,2,3803,-1,20250930,99991231,1,1,20260316
2954501,"8914030324","8914030324","100093",TND,"3439","2017-02-07 00:00:00.0","2017-02-07 00:00:00.0",,"11180.01","8914030324","258",,,,,,,AC43900,,,A,2878682,238255,859,2,4854,0,20250930,99991231,1,1,20260316
117075,MG2313700337,MG2313700337,"1000931",TND,"25007","2023-05-17 00:00:00.0","2023-05-17 00:00:00.0","2028-06-02 00:00:00.0","55159.01","8914061866","28",,"13.27",,"8.01","4.75","12.76",TF57701,"90231370033700830332","30000.000",DC2313500033,-1,941068,676,2,4914,27038,20250930,99991231,1,1,20260316
2137392,PDMG2313700337,MG2313700337,"1000931",TND,"25007","2024-12-02 00:00:00.0","2024-12-02 00:00:00.0","2028-06-02 00:00:00.0","9997.01","8914061866","28","21",,"5",,"5",,TF57701,,,,0,941068,676,2,4914,0,20250930,99991231,1,1,20260325
2944446,"8914061866","8914061866","1000931",TND,"1010","2017-02-14 00:00:00.0","2017-02-14 00:00:00.0",,"11113.01","8914061866","28",,,,,,,AC11100,"08303000282007173853",,A,2878682,941068,858,2,3803,-1,20250930,99991231,1,1,20260316
2958664,"8914208522","8914208522","1000931",TND,"3439","2017-03-10 00:00:00.0","2017-03-10 00:00:00.0",,"11180.01","8914208522","28",,,,,,,AC43900,,,A,2878682,941068,859,2,4854,0,20250930,99991231,1,1,20260316
2944450,"8914061912","8914061912","1000932",EUR,"1060","2017-02-14 00:00:00.0","2017-02-14 00:00:00.0",,"11119.01","8914061912","15",,,,,,,AC11100,"08603000155102218463",,A,2878682,953279,858,7,3464,-1,20250930,99991231,1,1,20260316
3095691,"8914425965","8914425965","1000933",TND,"6500","2017-04-19 00:00:00.0","2017-04-19 00:00:00.0",,"11119.01","8914425965","225",,,,,,,AC11100,"08069022054001965742",,A,2878682,945265,858,2,4682,-1,20250930,99991231,1,1,20260316
2944453,"8914061971","8914061971","1000934",EUR,"1060","2017-02-14 00:00:00.0","2017-02-14 00:00:00.0",,"11119.01","8914061971","80",,,,,,,AC11100,"08600000805100278517",,A,2878682,939676,858,7,3464,-1,20250930,99991231,1,1,20260316
3174981,"8918001426","8918001426","1000934",EUR,"3981","2019-02-27 00:00:00.0","2019-02-27 00:00:00.0",,"11119.01","8918001426","80",,,,,,,AC11100,,,A,2878682,939676,858,7,5380,0,20250930,99991231,1,1,20260316
2944449,"8914061904","8914061904","1000935",TND,"6500","2017-02-14 00:00:00.0","2017-02-14 00:00:00.0",,"11119.01","8914061904","304",,,,,,,AC11100,"08132030044001442248",,A,2878682,942908,858,2,4682,-1,20250930,99991231,1,1,20260316
2944451,"8914061939","8914061939","1000936",TND,"6500","2017-02-14 00:00:00.0","2017-02-14 00:00:00.0",,"11119.01","8914061939","5",,,,,,,AC11100,"08208000054003707848",,A,2878682,945346,858,2,4682,-1,20250930,99991231,1,1,20260316
2946694,"8914064741","8914064741","1000939",TND,"6500","2017-02-14 00:00:00.0","2017-02-14 00:00:00.0",,"11119.01","8914064741","225",,,,,,,AC11100,"08069022054001851088",,A,2878682,947120,858,2,4682,-1,20250930,99991231,1,1,20260316
2448675,"8904393526","8904393526","100094",TND,"6500","2001-05-07 00:00:00.0","2001-05-07 00:00:00.0",,"11119.01","8904393526","107",,,,,,,AC11100,"08016010074002694674",,A,2878682,238826,858,2,4682,-1,20250930,99991231,1,1,20260316
148979,MG2327800084,MG2327800084,"1000945",TND,"25007","2023-10-13 00:00:00.0","2023-10-13 00:00:00.0","2028-11-05 00:00:00.0","55159.01","8914913161","138",,"13.27",,"8","4.75","12.75",TF57701,"90232780008400804478","15000.000",DC2324400005,-1,944916,676,2,4914,42639,20250930,99991231,1,1,20260316
2177210,PDMG2327800084,MG2327800084,"1000945",TND,"25007","2023-12-05 00:00:00.0","2023-12-05 00:00:00.0","2028-11-05 00:00:00.0","9997.01","8914913161","138","21",,"5",,"5",,TF57701,,,,0,944916,676,2,4914,0,20250930,99991231,1,1,20260325
2944456,"8914062056","8914062056","1000945",TND,"6500","2017-02-14 00:00:00.0","2017-02-14 00:00:00.0",,"11119.01","8914062056","138",,,,,,,AC11100,"08044013084002217042",,A,2878682,944916,858,2,4682,-1,20250930,99991231,1,1,20260316
3074668,"8914913161","8914913161","1000945",TND,"1010","2017-07-20 00:00:00.0","2017-07-20 00:00:00.0",,"11113.01","8914913161","138",,,,,,,AC11100,"08044013082001869074",,A,2878682,944916,858,2,3803,-1,20250930,99991231,1,1,20260316
3373305,"8921974672","8921974672","1000945",TND,"3439","2020-10-12 00:00:00.0","2020-10-12 00:00:00.0",,"11180.01","8921974672","138",,,,,,,AC43900,,,A,2878682,944916,859,2,4854,0,20250930,99991231,1,1,20260316
2944455,"8914062021","8914062021","1000948",TND,"1010","2017-02-14 00:00:00.0","2017-02-14 00:00:00.0",,"11112.01","8914062021","279",,,,,,,AC11100,"08098027092000714408",,A,2878682,932533,858,2,3803,-1,20250930,99991231,1,1,20260316
3103295,"8914322708","8914322708","1000948",TND,"3439","2017-03-31 00:00:00.0","2017-03-31 00:00:00.0",,"11180.01","8914322708","279",,,,,,,AC43900,,,A,2878682,932533,859,2,4854,0,20250930,99991231,1,1,20260316
2444619,"8904381293","8904381293","100095",TND,"6500","2011-05-16 00:00:00.0","2011-05-16 00:00:00.0",,"11119.01","8904381293","107",,,,,,,AC11100,"08016010074003736066",,A,2878682,1388578,858,2,4682,-1,20250930,99991231,1,1,20260316
2944457,"8914062072","8914062072","1000951",EUR,"1060","2017-02-14 00:00:00.0","2017-02-14 00:00:00.0",,"11119.01","8914062072","15",,,,,,,AC11100,"08603000155102219239",,A,2878682,945994,858,7,3464,-1,20250930,99991231,1,1,20260316
3158889,"8919027283","8919027283","1000951",EUR,"3981","2019-10-28 00:00:00.0","2019-10-28 00:00:00.0",,"11119.01","8919027283","15",,,,,,,AC11100,,,A,2878682,945994,858,7,5380,0,20250930,99991231,1,1,20260316
2945572,"8914063109","8914063109","1000956",TND,"6003","2017-02-14 00:00:00.0","2017-02-14 00:00:00.0",,"11119.01","8914063109","286",,,,,,,AC11100,"08118028064500133072",,A,2878682,942098,858,2,4023,-1,20250930,99991231,1,1,20260316
2944458,"8914062088","8914062088","1000958",TND,"6500","2017-02-14 00:00:00.0","2017-02-14 00:00:00.0",,"11119.01","8914062088","119",,,,,,,AC11100,"08025011094001055112",,A,2878682,946189,858,2,4682,-1,20250930,99991231,1,1,20260316
3668040,"8925583309","8925583309","100096",TND,"1010","2023-10-03 00:00:00.0","2023-10-03 00:00:00.0",,"11112.01","8925583309","309",,,,,,,AC11100,"08138030092001561596",,A,2878682,621150,858,2,3803,-1,20250930,99991231,1,1,20260316
2944459,"8914062102","8914062102","1000960",TND,"6003","2017-02-14 00:00:00.0","2017-02-14 00:00:00.0",,"11119.01","8914062102","66",,,,,,,AC11100,"08006000664500747478",,A,2878682,945889,858,2,4023,-1,20250930,99991231,1,1,20260316
2942260,"8914062153","8914062153","1000964",TND,"6500","2017-02-14 00:00:00.0","2017-02-14 00:00:00.0",,"11119.01","8914062153","276",,,,,,,AC11100,"08097027064001291682",,A,2878682,941938,858,2,4682,-1,20250930,99991231,1,1,20260316
89808,MG2311000232,MG2311000232,"1000965",TND,"25007","2023-04-20 00:00:00.0","2023-04-20 00:00:00.0","2028-05-25 00:00:00.0","55159.01","8922334146","304",,"13.27",,"8.05","5","13.05",TF57701,"90231100023200813246","28000.000",DC2310300164,-1,944297,676,2,4914,84668,20250930,99991231,1,1,20260316
2127538,PDMG2311000232,MG2311000232,"1000965",TND,"25007","2023-12-25 00:00:00.0","2023-12-25 00:00:00.0","2028-05-25 00:00:00.0","9997.01","8922334146","304","21",,"5",,"5",,TF57701,,,,0,944297,676,2,4914,0,20250930,99991231,1,1,20260325
3317962,"8922334146","8922334146","1000965",TND,"1010","2021-01-07 00:00:00.0","2021-01-07 00:00:00.0",,"11112.01","8922334146","304",,,,,,,AC11100,"08132030042002225979",,A,2878682,944297,858,2,3803,-1,20250930,99991231,1,1,20260316
2942262,"8914062196","8914062196","1000966",EUR,"1060","2017-02-14 00:00:00.0","2017-02-14 00:00:00.0",,"11119.01","8914062196","15",,,,,,,AC11100,"08603000155102220694",,A,2878682,947053,858,7,3464,-1,20250930,99991231,1,1,20260316
3078555,"8915233989","8915233989","1000967",TND,"1000","2017-08-15 00:00:00.0","2017-08-15 00:00:00.0",,"11111.01","8915233989","225",,,,,,,AC11100,"08069022051000230029",,A,2878682,1334682,858,2,4133,-1,20250930,99991231,1,1,20260316
2942264,"8914062226","8914062226","1000968",TND,"6500","2017-02-14 00:00:00.0","2017-02-14 00:00:00.0",,"11119.01","8914062226","277",,,,,,,AC11100,"08099027074001159332",,A,2878682,947544,858,2,4682,-1,20250930,99991231,1,1,20260316
62094,MG2408800249,MG2408800249,"1000969",TND,"25007","2024-03-28 00:00:00.0","2024-03-28 00:00:00.0","2029-05-15 00:00:00.0","55171.01","8916758139","41",,"12.615",,"7.97","4","11.97",TF57799,"90240880024900870531","50000.000",DC2408200025,-1,941386,677,2,4914,95671,20250930,99991231,1,1,20260316
2942265,"8914062234","8914062234","1000969",TND,"6500","2017-02-14 00:00:00.0","2017-02-14 00:00:00.0",,"11119.01","8914062234","41",,,,,,,AC11100,"08705000414092140347",,A,2878682,941386,858,2,4682,-1,20250930,99991231,1,1,20260316
2967476,"8916758139","8916758139","1000969",TND,"1010","2018-05-15 00:00:00.0","2018-05-15 00:00:00.0",,"11113.01","8916758139","41",,,,,,,AC11100,"08705000412013268260",,A,2878682,941386,858,2,3803,-1,20250930,99991231,1,1,20260316
3178770,"8917249513","8917249513","1000969",TND,"3439","2018-09-18 00:00:00.0","2018-09-18 00:00:00.0",,"11180.01","8917249513","41",,,,,,,AC43900,,,A,2878682,941386,859,2,4854,0,20250930,99991231,1,1,20260316
215696,LD1825380008,LD1825380008,"100097",TND,"21062","2018-09-10 00:00:00.0","2018-09-10 00:00:00.0","2028-08-28 00:00:00.0","55172.01","8904385825","543","29",,"3",null,null,,,,"27000",CRP1819046077.T01,-1,252171,0,2,3977,0,20250930,99991231,1,1,20260316
350259,LD2107460324,LD2107460324,"100097",TND,"21062","2021-03-01 00:00:00.0","2021-03-01 00:00:00.0","2029-03-28 00:00:00.0","5800.01","8904385825","543","28",,"3",null,null,,,,"2723.875",,0,252171,0,2,3977,0,20250930,99991231,1,1,20260316
150910,MG2218800021,MG2218800021,"100097",TND,"25007","2022-07-07 00:00:00.0","2022-07-07 00:00:00.0","2027-08-01 00:00:00.0","55159.01","8904385825","543",,"12.7",,"7.01","5","12.01",TF57701,"90221880002100800517","5000.000",DC2217900244,-1,252171,676,2,4914,104012,20250930,99991231,1,1,20260316
2194649,PDLD1825380008,LD1825380008,"100097",TND,"21062","2020-01-28 00:00:00.0","2020-01-28 00:00:00.0","2028-08-28 00:00:00.0","9997.00","8904385825","543","21",,"5",,"5",,NP72499,,,,0,252171,182,2,3977,0,20250930,99991231,1,1,20260325
2183622,PDMG2218800021,MG2218800021,"100097",TND,"25007","2022-11-01 00:00:00.0","2022-11-01 00:00:00.0","2027-08-01 00:00:00.0","9997.00","8904385825","543","21",,"5",,"5",,TF57701,,,,0,252171,676,2,4914,0,20250930,99991231,1,1,20260325
2443556,"8904385825","8904385825","100097",TND,"1010","2001-08-28 00:00:00.0","2001-08-28 00:00:00.0",,"11112.01","8904385825","108",,,,,,,AC11100,"08005010082010943583",,A,2878682,252171,858,2,3803,-1,20250930,99991231,1,1,20260316
3732975,"8927743893","8927743893","100097",TND,"3992","2025-08-04 00:00:00.0","2025-08-04 00:00:00.0",,,"8927743893","108",,,,,,,AC11100,,,,0,252171,858,2,5528,0,20250930,99991231,1,1,20260316
2942267,"8914062277","8914062277","1000972",TND,"1010","2017-02-14 00:00:00.0","2017-02-14 00:00:00.0",,"11112.01","8914062277","228",,,,,,,AC11100,"08072022082003194615",,A,2878682,1392962,858,2,3803,-1,20250930,99991231,1,1,20260316
3031573,"8914641692","8914641692","1000972",TND,"3439","2017-05-25 00:00:00.0","2017-05-25 00:00:00.0",,"11180.01","8914641692","228",,,,,,,AC43900,,,A,2878682,1392962,859,2,4854,0,20250930,99991231,1,1,20260316
3258653,"8923269348","8923269348","1000972",TND,"1000","2021-10-21 00:00:00.0","2021-10-21 00:00:00.0",,"11111.01","8923269348","228",,,,,,,AC11100,"08072022081000172032",,A,2878682,1392962,858,2,4133,-1,20250930,99991231,1,1,20260316
3208732,"8918635627","8918635627","1000973",TND,"6500","2019-07-29 00:00:00.0","2019-07-29 00:00:00.0",,"11119.01","8918635627","257",,,,,,,AC11100,"08089025074003300672",,A,2878682,947489,858,2,4682,-1,20250930,99991231,1,1,20260316
2942268,"8914062307","8914062307","1000974",TND,"1010","2017-02-14 00:00:00.0","2017-02-14 00:00:00.0",,"11112.01","8914062307","60",,,,,,,AC11100,"08000000602038888721",,A,2878682,946379,858,2,3803,-1,20250930,99991231,1,1,20260316
3195470,"8917430951","8917430951","1000974",TND,"6500","2018-10-23 00:00:00.0","2018-10-23 00:00:00.0",,"11119.01","8917430951","60",,,,,,,AC11100,"08000000604002057656",,A,2878682,946379,858,2,4682,-1,20250930,99991231,1,1,20260316
3669694,"8925487911","8925487911","1000978",TND,"1010","2023-09-06 00:00:00.0","2023-09-06 00:00:00.0",,"11112.01","8925487911","275",,,,,,,AC11100,"08096027052003397908",,A,2878682,948131,858,2,3803,-1,20250930,99991231,1,1,20260316
2443549,"8904385857","8904385857","100098",TND,"1010","2001-07-11 00:00:00.0","2001-07-11 00:00:00.0",,"11113.01","8904385857","108",,,,,,,AC11100,"08005010082010950858",,A,2878682,579920,858,2,3803,-1,20250930,99991231,1,1,20260316
89003,MG2517800237,MG2517800237,"1000980",TND,"25007","2025-06-27 00:00:00.0","2025-06-27 00:00:00.0","2030-08-22 00:00:00.0","55159.01","8914062331","222",,"13.344",,"7.5","4.75","12.25",TF57701,"90251780023700806653","25000.000",DC2516300203,-1,942582,676,2,4914,6672,20250930,99991231,1,1,20260316
2942270,"8914062331","8914062331","1000980",TND,"1010","2017-02-14 00:00:00.0","2017-02-14 00:00:00.0",,"11112.01","8914062331","222",,,,,,,AC11100,"08066022022004194861",,A,2878682,942582,858,2,3803,-1,20250930,99991231,1,1,20260316
89039,MG2106700782,MG2106700782,"1000981",TND,"25007","2021-03-08 00:00:00.0","2021-03-08 00:00:00.0","2026-04-22 00:00:00.0","55159.01","8914062323","235","21","9.0841","2.50","6.23","2.5","10",NP57701,"90210670078200807780","25000.000",DC2106700281,-1,941599,826,2,4914,160396,20250930,99991231,1,1,20260316
2199222,PDMG2106700782,MG2106700782,"1000981",TND,"25007","2021-09-22 00:00:00.0","2021-09-22 00:00:00.0","2026-04-22 00:00:00.0","9997.01","8914062323","235","21",,"5",,"5",,NP57701,,,,0,941599,826,2,4914,0,20250930,99991231,1,1,20260325
2942269,"8914062323","8914062323","1000981",TND,"1010","2017-02-14 00:00:00.0","2017-02-14 00:00:00.0",,"11112.01","8914062323","235",,,,,,,AC11100,"08077023052002421882",,A,2878682,941599,858,2,3803,-1,20250930,99991231,1,1,20260316
2952331,"8914076642","8914076642","1000981",TND,"3439","2017-02-16 00:00:00.0","2017-02-16 00:00:00.0",,"11180.01","8914076642","235",,,,,,,AC43900,,,A,2878682,941599,859,2,4854,0,20250930,99991231,1,1,20260316
2942271,"8914062366","8914062366","1000982",TND,"6500","2017-02-14 00:00:00.0","2017-02-14 00:00:00.0",,"11119.01","8914062366","9",,,,,,,AC11100,"08905000094005174646",,A,2878682,943575,858,2,4682,-1,20250930,99991231,1,1,20260316
3002167,"8916436999","8916436999","1000982",TND,"6500","2018-03-07 00:00:00.0","2018-03-07 00:00:00.0",,"11119.01","8916436999","309",,,,,,,AC11100,"08138030094000808905",,A,2878682,943575,858,2,4682,-1,20250930,99991231,1,1,20260316
79896,MG2512700204,MG2512700204,"1000983",TND,"25001","2025-05-07 00:00:00.0","2025-05-07 00:00:00.0","2026-11-30 00:00:00.0","55103.01","8914062398","131",,"14.35",,"7.5","4.75","12.25",TF49103,"90251270020400803689","5000.000",DC2512600330,-1,941512,644,2,3863,77947,20250930,99991231,1,1,20260316
2942273,"8914062398","8914062398","1000983",TND,"1010","2017-02-14 00:00:00.0","2017-02-14 00:00:00.0",,"11112.01","8914062398","131",,,,,,,AC11100,"08036013012002193272",,A,2878682,941512,858,2,3803,-1,20250930,99991231,1,1,20260316
2942274,"8914062404","8914062404","1000983",TND,"6500","2017-02-14 00:00:00.0","2017-02-14 00:00:00.0",,"11119.01","8914062404","131",,,,,,,AC11100,"08036013014001298088",,A,2878682,941512,858,2,4682,-1,20250930,99991231,1,1,20260316
2951699,"8914173745","8914173745","1000983",TND,"3439","2017-03-06 00:00:00.0","2017-03-06 00:00:00.0",,"11180.01","8914173745","131",,,,,,,AC43900,,,A,2878682,941512,859,2,4854,0,20250930,99991231,1,1,20260316
2943358,"8914062447","8914062447","1000984",TND,"1010","2017-02-14 00:00:00.0","2017-02-14 00:00:00.0",,"11112.01","8914062447","108",,,,,,,AC11100,"08005010082024303490",,A,2878682,908303,858,2,3803,-1,20250930,99991231,1,1,20260316
3096844,"8914437858","8914437858","1000984",TND,"3439","2017-04-21 00:00:00.0","2017-04-21 00:00:00.0",,"11180.01","8914437858","108",,,,,,,AC43900,,,A,2878682,908303,859,2,4854,0,20250930,99991231,1,1,20260316
2943368,"8914062706","8914062706","1000988",TND,"6500","2017-02-14 00:00:00.0","2017-02-14 00:00:00.0",,"11119.01","8914062706","236",,,,,,,AC11100,"08079023064002444082",,A,2878682,946507,858,2,4682,-1,20250930,99991231,1,1,20260316
2945582,"8914063249","8914063249","1000989",TND,"6500","2017-02-14 00:00:00.0","2017-02-14 00:00:00.0",,"11119.01","8914063249","228",,,,,,,AC11100,"08072022084003297367",,A,2878682,940054,858,2,4682,-1,20250930,99991231,1,1,20260316
2943361,"8914062517","8914062517","1000994",TND,"1010","2017-02-14 00:00:00.0","2017-02-14 00:00:00.0",,"11112.01","8914062517","139",,,,,,,AC11100,"08045013092003495185",,A,2878682,943341,858,2,3803,-1,20250930,99991231,1,1,20260316
2943362,"8914062552","8914062552","1000996",TND,"6500","2017-02-14 00:00:00.0","2017-02-14 00:00:00.0",,"11119.01","8914062552","223",,,,,,,AC11100,"08068022034004284088",,A,2878682,944753,858,2,4682,-1,20250930,99991231,1,1,20260316
2943363,"8914062579","8914062579","1000998",TND,"6500","2017-02-14 00:00:00.0","2017-02-14 00:00:00.0",,"11119.01","8914062579","136",,,,,,,AC11100,"08039013064002965041",,A,2878682,942089,858,2,4682,-1,20250930,99991231,1,1,20260316
319587,LD1809550082,LD1809550082,"100100",TND,"21062","2018-04-05 00:00:00.0","2018-04-05 00:00:00.0","2033-03-28 00:00:00.0","55172.01","8916161299","32","21",,"2.50",null,null,,,,"65000",CRP1805241811.T01,-1,250991,0,2,3977,0,20250930,99991231,1,1,20260316
204699,LD1813083129,LD1813083129,"100100",TND,"21062","2018-05-10 00:00:00.0","2018-05-10 00:00:00.0","2033-03-28 00:00:00.0","55172.01","8916161299","32","21",,"2.50",null,null,,,,"70000",CRP1805241811.T02,-1,250991,0,2,3977,0,20250930,99991231,1,1,20260316
355409,LD2034906059,LD2034906059,"100100",TND,"21062","2020-12-01 00:00:00.0","2020-12-01 00:00:00.0","2033-06-28 00:00:00.0","5800.01","8916161299","32","28",,"2.5",null,null,,,,"2370.923",,0,250991,0,2,3977,0,20250930,99991231,1,1,20260316
365530,LD2034957340,LD2034957340,"100100",TND,"21062","2020-12-01 00:00:00.0","2020-12-01 00:00:00.0","2033-06-28 00:00:00.0","5800.01","8916161299","32","28",,"2.5",null,null,,,,"2214.555",,0,250991,0,2,3977,0,20250930,99991231,1,1,20260316
166587,LD2236445606,LD2236445606,"100100",TND,"21062","2022-12-30 00:00:00.0","2022-12-30 00:00:00.0","2037-12-28 00:00:00.0","55178.01","8916161299","32",,,,null,null,,,,"35000",CRP2234083940.T01,-1,250991,0,2,3977,0,20250930,99991231,1,1,20260316
2449117,"8904449416","8904449416","100100",TND,"6500","2011-12-20 00:00:00.0","2011-12-20 00:00:00.0",,"11119.01","8904449416","108",,,,,,,AC11100,"08005010084010470737",,A,2878682,250991,858,2,4682,-1,20250930,99991231,1,1,20260316
3054182,"8916161299","8916161299","100100",TND,"1010","2018-01-19 00:00:00.0","2018-01-19 00:00:00.0",,"11113.01","8916161299","32",,,,,,,AC11100,"08802000322011638616",,A,2878682,250991,858,2,3803,-1,20250930,99991231,1,1,20260316
2962279,"8916606053","8916606053","100100",TND,"3439","2018-04-10 00:00:00.0","2018-04-10 00:00:00.0",,"11180.01","8916606053","32",,,,,,,AC43900,,,A,2878682,250991,859,2,4854,0,20250930,99991231,1,1,20260316
2947131,"8914144297","8914144297","1001000",TND,"6500","2017-02-28 00:00:00.0","2017-02-28 00:00:00.0",,"11119.01","8914144297","128",,,,,,,AC11100,"08035012084002534493",,A,2878682,937403,858,2,4682,-1,20250930,99991231,1,1,20260316
2952775,"8914187673","8914187673","1001000",TND,"3439","2017-03-08 00:00:00.0","2017-03-08 00:00:00.0",,"11180.01","8914187673","128",,,,,,,AC43900,,,A,2878682,937403,859,2,4854,0,20250930,99991231,1,1,20260316
3040464,"8914763445","8914763445","1001000",TND,"1010","2017-06-19 00:00:00.0","2017-06-19 00:00:00.0",,"11112.01","8914763445","9",,,,,,,AC11100,"08905000092006085447",,A,2878682,937403,858,2,3803,-1,20250930,99991231,1,1,20260316
3071996,"8915268103","8915268103","1001000",TND,"3439","2017-08-22 00:00:00.0","2017-08-22 00:00:00.0",,"11180.01","8915268103","9",,,,,,,AC43900,,,A,2878682,937403,859,2,4854,0,20250930,99991231,1,1,20260316
2953471,"8914079994","8914079994","1001002",TND,"6500","2017-02-16 00:00:00.0","2017-02-16 00:00:00.0",,"11119.01","8914079994","272",,,,,,,AC11100,"08092027024002050255",,A,2878682,942493,858,2,4682,-1,20250930,99991231,1,1,20260316
3088886,"8914325553","8914325553","1001004",TND,"3439","2017-03-31 00:00:00.0","2017-03-31 00:00:00.0",,"11180.01","8914325553","74",,,,,,,AC43900,,,A,2878682,945698,859,2,4854,0,20250930,99991231,1,1,20260316
3652441,"8926036058","8926036058","1001004",TND,"3992","2024-02-08 00:00:00.0","2024-02-08 00:00:00.0",,,"8926036058","74",,,,,,,AC11100,,,,0,945698,858,2,5528,0,20250930,99991231,1,1,20260316
2944661,"8914092729","8914092729","1001005",TND,"6003","2017-02-20 00:00:00.0","2017-02-20 00:00:00.0",,"11119.01","8914092729","26",,,,,,,AC11100,"08507000264500306689",,A,2878682,943179,858,2,4023,-1,20250930,99991231,1,1,20260316
2943370,"8914062738","8914062738","1001007",TND,"1010","2017-02-14 00:00:00.0","2017-02-14 00:00:00.0",,"11112.01","8914062738","256",,,,,,,AC11100,"08088025062001334644",,A,2878682,943699,858,2,3803,-1,20250930,99991231,1,1,20260316
3038312,"8914568847","8914568847","1001007",TND,"3439","2017-05-15 00:00:00.0","2017-05-15 00:00:00.0",,"11180.01","8914568847","256",,,,,,,AC43900,,,A,2878682,943699,859,2,4854,0,20250930,99991231,1,1,20260316
3054484,"8915983139","8915983139","1001007",TND,"6500","2017-12-19 00:00:00.0","2017-12-19 00:00:00.0",,"11119.01","8915983139","256",,,,,,,AC11100,"08088025064000867521",,A,2878682,943699,858,2,4682,-1,20250930,99991231,1,1,20260316
160264,LD1836225096,LD1836225096,"1001009",TND,"21062","2018-12-28 00:00:00.0","2018-12-28 00:00:00.0","2033-12-17 00:00:00.0","55172.01","8914062862","45","29",,"2.72",null,null,,,,"45000",CRP1832749383.T01,-1,941651,0,2,3977,0,20250930,99991231,1,1,20260316
125140,MG2132000215,MG2132000215,"1001009",TND,"25007","2021-11-26 00:00:00.0","2021-11-26 00:00:00.0","2026-12-17 00:00:00.0","55159.01","8914062862","45","21","10.0","3","6.24","3","10.5",NP57701,"90213200021500870476","12000.000",DC2131600235,-1,941651,826,2,4914,19108,20250930,99991231,1,1,20260316
2136868,PDMG2132000215,MG2132000215,"1001009",TND,"25007","2022-04-18 00:00:00.0","2022-04-18 00:00:00.0","2026-12-17 00:00:00.0","9997.01","8914062862","45","21",,"5",,"5",,NP57701,,,,0,941651,826,2,4914,0,20250930,99991231,1,1,20260325
2944463,"8914062862","8914062862","1001009",TND,"1010","2017-02-14 00:00:00.0","2017-02-14 00:00:00.0",,"11112.01","8914062862","45",,,,,,,AC11100,"08704000452007485163",,A,2878682,941651,858,2,3803,-1,20250930,99991231,1,1,20260316
2951878,"8914191875","8914191875","1001009",TND,"3439","2017-03-08 00:00:00.0","2017-03-08 00:00:00.0",,"11180.01","8914191875","45",,,,,,,AC43900,,,A,2878682,941651,859,2,4854,0,20250930,99991231,1,1,20260316
3173918,"8917771139","8917771139","1001009",TND,"6500","2019-01-02 00:00:00.0","2019-01-02 00:00:00.0",,"11119.01","8917771139","45",,,,,,,AC11100,"08704000454007195647",,A,2878682,941651,858,2,4682,-1,20250930,99991231,1,1,20260316
168952,LD2412756900,LD2412756900,"1001010",TND,"21009","2024-05-06 00:00:00.0","2024-05-06 00:00:00.0","2026-05-06 00:00:00.0","9100.01","8923098063","6",,,,null,null,,,,"160000",,0,955454,0,2,3170,0,20250930,99991231,1,1,20260316
2944461,"8914062838","8914062838","1001010",TND,"6500","2017-02-14 00:00:00.0","2017-02-14 00:00:00.0",,"11119.01","8914062838","6",,,,,,,AC11100,"08305000064004551505",,A,2878682,955454,858,2,4682,-1,20250930,99991231,1,1,20260316
3300811,"8923098063","8923098063","1001010",TND,"3997","2021-09-06 00:00:00.0","2021-09-06 00:00:00.0",,"11119.01","8923098063","6",,,,,,,AC11100,,,A,2878682,955454,858,2,4100,0,20250930,99991231,1,1,20260316
3595541,"8926284712","8926284712","1001010",TND,"1010","2024-05-06 00:00:00.0","2024-05-06 00:00:00.0",,"11112.01","8926284712","6",,,,,,,AC11100,"08305000062015004584",,A,2878682,955454,858,2,3803,-1,20250930,99991231,1,1,20260316
2943371,"8914062765","8914062765","1001011",TND,"6500","2017-02-14 00:00:00.0","2017-02-14 00:00:00.0",,"11119.01","8914062765","221",,,,,,,AC11100,"08065022014001999292",,A,2878682,945958,858,2,4682,-1,20250930,99991231,1,1,20260316
111318,MG2129300522,MG2129300522,"1001013",TND,"25007","2021-10-20 00:00:00.0","2021-10-20 00:00:00.0","2026-11-01 00:00:00.0","55159.01","8914062811","74","21","9.5597","2.75","6.25","2.75","10.25",NP57701,"90212930052200810415","15000.000",DC2129200051,-1,940585,826,2,4914,66818,20250930,99991231,1,1,20260316
2139448,PDMG2129300522,MG2129300522,"1001013",TND,"25007","2022-12-01 00:00:00.0","2022-12-01 00:00:00.0","2026-11-01 00:00:00.0","9997.01","8914062811","74","21",,"5",,"5",,NP57701,,,,0,940585,826,2,4914,0,20250930,99991231,1,1,20260325
2943373,"8914062811","8914062811","1001013",TND,"1010","2017-02-14 00:00:00.0","2017-02-14 00:00:00.0",,"11112.01","8914062811","74",,,,,,,AC11100,"08104000742008033087",,A,2878682,940585,858,2,3803,-1,20250930,99991231,1,1,20260316
3084287,"8915267727","8915267727","1001013",TND,"6500","2017-08-22 00:00:00.0","2017-08-22 00:00:00.0",,"11119.01","8915267727","74",,,,,,,AC11100,"08104000744006861259",,A,2878682,940585,858,2,4682,-1,20250930,99991231,1,1,20260316
3310876,"8922239313","8922239313","1001013",TND,"3439","2020-12-16 00:00:00.0","2020-12-16 00:00:00.0",,"11180.01","8922239313","74",,,,,,,AC43900,,,A,2878682,940585,859,2,4854,0,20250930,99991231,1,1,20260316
2944470,"8914062951","8914062951","1001017",TND,"6500","2017-02-14 00:00:00.0","2017-02-14 00:00:00.0",,"11119.01","8914062951","301",,,,,,,AC11100,"08130030014000640101",,A,2878682,948351,858,2,4682,-1,20250930,99991231,1,1,20260316
2946203,"8914183775","8914183775","1001018",TND,"6500","2017-03-07 00:00:00.0","2017-03-07 00:00:00.0",,"11119.01","8914183775","56",,,,,,,AC11100,"08205000564003893664",,A,2878682,945405,858,2,4682,-1,20250930,99991231,1,1,20260316
2944473,"8914063028","8914063028","1001019",TND,"6003","2017-02-14 00:00:00.0","2017-02-14 00:00:00.0",,"11119.01","8914063028","286",,,,,,,AC11100,"08118028064500132296",,A,2878682,943061,858,2,4023,-1,20250930,99991231,1,1,20260316
2445992,"8904450977","8904450977","100102",TND,"6500","2011-03-09 00:00:00.0","2011-03-09 00:00:00.0",,"11119.01","8904450977","108",,,,,,,AC11100,"08005010084011111810",,A,2878682,241760,858,2,4682,-1,20250930,99991231,1,1,20260316
2502128,"8905724801","8905724801","100102",TND,"1010","2012-03-13 00:00:00.0","2012-03-13 00:00:00.0",,"11112.01","8905724801","108",,,,,,,AC11100,"08005010082015693091",,A,2878682,241760,858,2,3803,-1,20250930,99991231,1,1,20260316
2944468,"8914062935","8914062935","1001020",EUR,"1060","2017-02-14 00:00:00.0","2017-02-14 00:00:00.0",,"11119.01","8914062935","1",,,,,,,AC11100,"08301000015100850004",,A,2878682,944327,858,7,3464,-1,20250930,99991231,1,1,20260316
3091451,"8914493887","8914493887","1001020",EUR,"3981","2017-05-02 00:00:00.0","2017-05-02 00:00:00.0",,"11119.01","8914493887","1",,,,,,,AC11100,,,A,2878682,944327,858,7,5380,0,20250930,99991231,1,1,20260316
2944465,"8914062889","8914062889","1001021",TND,"6500","2017-02-14 00:00:00.0","2017-02-14 00:00:00.0",,"11119.01","8914062889","126",,,,,,,AC11100,"08034012064001860292",,A,2878682,942998,858,2,4682,-1,20250930,99991231,1,1,20260316
2944469,"8914062943","8914062943","1001022",TND,"6500","2017-02-14 00:00:00.0","2017-02-14 00:00:00.0",,"11119.01","8914062943","20",,,,,,,AC11100,"08500000204013039244",,A,2878682,945981,858,2,4682,-1,20250930,99991231,1,1,20260316
2944474,"8914063044","8914063044","1001023",TND,"6500","2017-02-14 00:00:00.0","2017-02-14 00:00:00.0",,"11119.01","8914063044","235",,,,,,,AC11100,"08077023054002725618",,A,2878682,944249,858,2,4682,-1,20250930,99991231,1,1,20260316
3010171,"8916377267","8916377267","1001023",TND,"3439","2018-02-23 00:00:00.0","2018-02-23 00:00:00.0",,"11180.01","8916377267","235",,,,,,,AC43900,,,A,2878682,944249,859,2,4854,0,20250930,99991231,1,1,20260316
2944472,"8914063001","8914063001","1001024",TND,"6500","2017-02-14 00:00:00.0","2017-02-14 00:00:00.0",,"11119.01","8914063001","71",,,,,,,AC11100,"08003000714008321048",,A,2878682,942197,858,2,4682,-1,20250930,99991231,1,1,20260316
2945570,"8914063079","8914063079","1001024",TND,"1010","2017-02-14 00:00:00.0","2017-02-14 00:00:00.0",,"11112.01","8914063079","71",,,,,,,AC11100,"08003000712005195970",,A,2878682,942197,858,2,3803,-1,20250930,99991231,1,1,20260316
3159738,"8917876558","8917876558","1001024",TND,"3439","2019-01-28 00:00:00.0","2019-01-28 00:00:00.0",,"11180.01","8917876558","71",,,,,,,AC43900,,,A,2878682,942197,859,2,4854,0,20250930,99991231,1,1,20260316
2944471,"8914062978","8914062978","1001025",TND,"6500","2017-02-14 00:00:00.0","2017-02-14 00:00:00.0",,"11119.01","8914062978","111",,,,,,,AC11100,"08020011014008340235",,A,2878682,946311,858,2,4682,-1,20250930,99991231,1,1,20260316
2945574,"8914063133","8914063133","1001026",TND,"6500","2017-02-14 00:00:00.0","2017-02-14 00:00:00.0",,"11119.01","8914063133","5",,,,,,,AC11100,"08208000054003704356",,A,2878682,945416,858,2,4682,-1,20250930,99991231,1,1,20260316
2945571,"8914063095","8914063095","1001027",TND,"6500","2017-02-14 00:00:00.0","2017-02-14 00:00:00.0",,"11119.01","8914063095","70",,,,,,,AC11100,"08101000704003523529",,A,2878682,946901,858,2,4682,-1,20250930,99991231,1,1,20260316
312387,LD1723038928,LD1723038928,"1001028",TND,"21062","2017-08-18 00:00:00.0","2017-08-18 00:00:00.0","2032-08-15 00:00:00.0","55172.01","8914071683","67","21",,"2.50",null,null,,,,"165000",CRP1705529182.T01,-1,945772,0,2,3977,0,20250930,99991231,1,1,20260316
357859,LD2034903698,LD2034903698,"1001028",TND,"21062","2020-12-01 00:00:00.0","2020-12-01 00:00:00.0","2032-11-15 00:00:00.0","5800.01","8914071683","67","28",,"2.5",null,null,,,,"5686.885",,0,945772,0,2,3977,0,20250930,99991231,1,1,20260316
2132795,PDLD1723038928,LD1723038928,"1001028",TND,"21062","2018-02-15 00:00:00.0","2018-02-15 00:00:00.0","2032-08-15 00:00:00.0","9997.01","8914071683","67","21",,"5",,"5",,NP72499,,,,0,945772,182,2,3977,0,20250930,99991231,1,1,20260325
2944548,"8914071683","8914071683","1001028",TND,"1010","2017-02-15 00:00:00.0","2017-02-15 00:00:00.0",,"11112.01","8914071683","67",,,,,,,AC11100,"08008000672012728670",,A,2878682,945772,858,2,3803,-1,20250930,99991231,1,1,20260316
2945577,"8914063176","8914063176","1001030",TND,"6500","2017-02-14 00:00:00.0","2017-02-14 00:00:00.0",,"11119.01","8914063176","211",,,,,,,AC11100,"08056021014001252653",,A,2878682,928118,858,2,4682,-1,20250930,99991231,1,1,20260316
2945576,"8914063168","8914063168","1001032",TND,"6500","2017-02-14 00:00:00.0","2017-02-14 00:00:00.0",,"11119.01","8914063168","70",,,,,,,AC11100,"08101000704003524305",,A,2878682,758247,858,2,4682,-1,20250930,99991231,1,1,20260316
3365510,"8922018268","8922018268","1001032",TND,"1010","2020-10-23 00:00:00.0","2020-10-23 00:00:00.0",,"11112.01","8922018268","70",,,,,,,AC11100,"08101000702005366015",,A,2878682,758247,858,2,3803,-1,20250930,99991231,1,1,20260316
3309156,"8922117398","8922117398","1001032",TND,"3439","2020-11-18 00:00:00.0","2020-11-18 00:00:00.0",,"11180.01","8922117398","70",,,,,,,AC43900,,,A,2878682,758247,859,2,4854,0,20250930,99991231,1,1,20260316
76760,MG2511100614,MG2511100614,"1001035",TND,"25007","2025-04-21 00:00:00.0","2025-04-21 00:00:00.0","2030-05-26 00:00:00.0","55159.01","8914063184","284",,"13.732",,"7.91","4.75","12.66",TF57701,"90251110061400811556","18000.000",DC2509700033,-1,942637,676,2,4914,147205,20250930,99991231,1,1,20260316
2122096,PDMG2511100614,MG2511100614,"1001035",TND,"25007","2025-05-26 00:00:00.0","2025-05-26 00:00:00.0","2030-05-26 00:00:00.0","9997.01","8914063184","284","21",,"5",,"5",,TF57701,,,,0,942637,676,2,4914,0,20250930,99991231,1,1,20260325
2945578,"8914063184","8914063184","1001035",TND,"1010","2017-02-14 00:00:00.0","2017-02-14 00:00:00.0",,"11112.01","8914063184","284",,,,,,,AC11100,"08115028042001037333",,A,2878682,942637,858,2,3803,-1,20250930,99991231,1,1,20260316
2949380,"8914216797","8914216797","1001035",TND,"3439","2017-03-13 00:00:00.0","2017-03-13 00:00:00.0",,"11180.01","8914216797","284",,,,,,,AC43900,,,A,2878682,942637,859,2,4854,0,20250930,99991231,1,1,20260316
2945581,"8914063238","8914063238","1001036",TND,"1010","2017-02-14 00:00:00.0","2017-02-14 00:00:00.0",,"11113.01","8914063238","226",,,,,,,AC11100,"08070022062001467233",,A,2878682,942774,858,2,3803,-1,20250930,99991231,1,1,20260316
2987542,"8915796711","8915796711","1001036",TND,"3439","2017-11-16 00:00:00.0","2017-11-16 00:00:00.0",,"11180.01","8915796711","226",,,,,,,AC43900,,,A,2878682,942774,859,2,4854,0,20250930,99991231,1,1,20260316
38069,MG2332500150,MG2332500150,"1001037",TND,"25007","2023-11-21 00:00:00.0","2023-11-21 00:00:00.0","2028-12-01 00:00:00.0","55159.01","8914063257","227",,"10.861",,"7.99","2.5","10.49",TF57701,"90233250015000807157","30000.000",DC2332500040,-1,940475,676,2,4914,46518,20250930,99991231,1,1,20260316
2149282,PDMG2332500150,MG2332500150,"1001037",TND,"25007","2024-09-02 00:00:00.0","2024-09-02 00:00:00.0","2028-12-01 00:00:00.0","9997.01","8914063257","227","21",,"5",,"5",,TF57701,,,,0,940475,676,2,4914,0,20250930,99991231,1,1,20260325
2945583,"8914063257","8914063257","1001037",TND,"1010","2017-02-14 00:00:00.0","2017-02-14 00:00:00.0",,"11112.01","8914063257","227",,,,,,,AC11100,"08071022072001828464",,A,2878682,940475,858,2,3803,-1,20250930,99991231,1,1,20260316
3037128,"8914568577","8914568577","1001037",TND,"3439","2017-05-15 00:00:00.0","2017-05-15 00:00:00.0",,"11180.01","8914568577","227",,,,,,,AC43900,,,A,2878682,940475,859,2,4854,0,20250930,99991231,1,1,20260316
3076597,"8915258957","8915258957","1001037",TND,"6500","2017-08-21 00:00:00.0","2017-08-21 00:00:00.0",,"11119.01","8915258957","227",,,,,,,AC11100,"08071022074001235532",,A,2878682,940475,858,2,4682,-1,20250930,99991231,1,1,20260316
2945580,"8914063222","8914063222","1001038",TND,"6003","2017-02-14 00:00:00.0","2017-02-14 00:00:00.0",,"11119.01","8914063222","296",,,,,,,AC11100,"08128029064500114045",,A,2878682,943600,858,2,4023,-1,20250930,99991231,1,1,20260316
2942278,"8914063338","8914063338","1001039",TND,"1010","2017-02-14 00:00:00.0","2017-02-14 00:00:00.0",,"11112.01","8914063338","127",,,,,,,AC11100,"08033012072002805621",,A,2878682,942629,858,2,3803,-1,20250930,99991231,1,1,20260316
3231998,"8917735558","8917735558","1001039",TND,"3439","2018-12-24 00:00:00.0","2018-12-24 00:00:00.0",,"11180.01","8917735558","127",,,,,,,AC43900,,,A,2878682,942629,859,2,4854,0,20250930,99991231,1,1,20260316
2945585,"8914063273","8914063273","1001040",EUR,"1060","2017-02-14 00:00:00.0","2017-02-14 00:00:00.0",,"11119.01","8914063273","15",,,,,,,AC11100,"08603000155103057804",,A,2878682,1551997,858,7,3464,-1,20250930,99991231,1,1,20260316
3079026,"8914849978","8914849978","1001040",EUR,"3981","2017-07-06 00:00:00.0","2017-07-06 00:00:00.0",,"11119.01","8914849978","15",,,,,,,AC11100,,,A,2878682,1551997,858,7,5380,0,20250930,99991231,1,1,20260316
3081180,"8915324844","8915324844","1001040",USD,"1060","2017-09-04 00:00:00.0","2017-09-04 00:00:00.0",,"11119.01","8915324844","15",,,,,,,AC11100,"08603000155103110863",,A,2878682,1551997,858,18,3464,-1,20250930,99991231,1,1,20260316
3147701,"8919034913","8919034913","1001040",USD,"3981","2019-10-29 00:00:00.0","2019-10-29 00:00:00.0",,"11119.01","8919034913","15",,,,,,,AC11100,,,A,2878682,1551997,858,18,5380,0,20250930,99991231,1,1,20260316
2942276,"8914063303","8914063303","1001043",TND,"1010","2017-02-14 00:00:00.0","2017-02-14 00:00:00.0",,"11112.01","8914063303","106",,,,,,,AC11100,"08015010062002277736",,A,2878682,943070,858,2,3803,-1,20250930,99991231,1,1,20260316
2945584,"8914063265","8914063265","1001044",EUR,"1060","2017-02-14 00:00:00.0","2017-02-14 00:00:00.0",,"11119.01","8914063265","71",,,,,,,AC11100,"08003000715117188091",,A,2878682,940603,858,7,3464,-1,20250930,99991231,1,1,20260316
2942282,"8914063397","8914063397","1001045",TND,"6500","2017-02-14 00:00:00.0","2017-02-14 00:00:00.0",,"11119.01","8914063397","5",,,,,,,AC11100,"08208000054003708624",,A,2878682,940374,858,2,4682,-1,20250930,99991231,1,1,20260316
2942283,"8914063408","8914063408","1001050",TND,"6003","2017-02-14 00:00:00.0","2017-02-14 00:00:00.0",,"11119.01","8914063408","31",,,,,,,AC11100,"08801000314500240058",,A,2878682,943853,858,2,4023,-1,20250930,99991231,1,1,20260316
2954712,"8914123478","8914123478","1001051",TND,"3439","2017-02-24 00:00:00.0","2017-02-24 00:00:00.0",,"11180.01","8914123478","78",,,,,,,AC43900,,,A,2878682,941121,859,2,4854,0,20250930,99991231,1,1,20260316
3267552,"8923336967","8923336967","1001051",TND,"6500","2021-11-05 00:00:00.0","2021-11-05 00:00:00.0",,"11119.01","8923336967","78",,,,,,,AC11100,"08001000784009876675",,A,2878682,941121,858,2,4682,-1,20250930,99991231,1,1,20260316
2942280,"8914063362","8914063362","1001052",TND,"6500","2017-02-14 00:00:00.0","2017-02-14 00:00:00.0",,"11119.01","8914063362","254",,,,,,,AC11100,"08086025044001578234",,A,2878682,946580,858,2,4682,-1,20250930,99991231,1,1,20260316
2942284,"8914063427","8914063427","1001056",EUR,"1060","2017-02-14 00:00:00.0","2017-02-14 00:00:00.0",,"11119.01","8914063427","71",,,,,,,AC11100,"08003000715117189837",,A,2878682,947590,858,7,3464,-1,20250930,99991231,1,1,20260316
2942285,"8914063443","8914063443","1001059",TND,"6500","2017-02-14 00:00:00.0","2017-02-14 00:00:00.0",,"11119.01","8914063443","281",,,,,,,AC11100,"08111028014000929922",,A,2878682,948222,858,2,4682,-1,20250930,99991231,1,1,20260316
2445504,"8904456177","8904456177","100106",TND,"6003","2010-09-29 00:00:00.0","2010-09-29 00:00:00.0",,"11119.01","8904456177","108",,,,,,,AC11100,"08005010084500258948",,A,2878682,245280,858,2,4023,-1,20250930,99991231,1,1,20260316
3500451,"8924966646","8924966646","1001062",TND,"1010","2023-03-08 00:00:00.0","2023-03-08 00:00:00.0",,"11112.01","8924966646","20",,,,,,,AC11100,"08500000202003008154",,A,2878682,948218,858,2,3803,-1,20250930,99991231,1,1,20260316
2942288,"8914063532","8914063532","1001064",TND,"1010","2017-02-14 00:00:00.0","2017-02-14 00:00:00.0",,"11113.01","8914063532","131",,,,,,,AC11100,"08036013012002194048",,A,2878682,942226,858,2,3803,-1,20250930,99991231,1,1,20260316
2942289,"8914063548","8914063548","1001064",TND,"6500","2017-02-14 00:00:00.0","2017-02-14 00:00:00.0",,"11119.01","8914063548","131",,,,,,,AC11100,"08036013014001299931",,A,2878682,942226,858,2,4682,-1,20250930,99991231,1,1,20260316
2947120,"8914138419","8914138419","1001064",TND,"3439","2017-02-27 00:00:00.0","2017-02-27 00:00:00.0",,"11180.01","8914138419","131",,,,,,,AC43900,,,A,2878682,942226,859,2,4854,0,20250930,99991231,1,1,20260316
3629837,"8926652339","8926652339","1001064",TND,"1019","2024-08-28 00:00:00.0","2024-08-28 00:00:00.0",,"11119.01","8926652339","131",,,,,,,AC11100,"08036013011301797012",,A,2878682,942226,858,2,4677,-1,20250930,99991231,1,1,20260316
2943375,"8914063688","8914063688","1001065",TND,"6500","2017-02-14 00:00:00.0","2017-02-14 00:00:00.0",,"11119.01","8914063688","118",,,,,,,AC11100,"08026011084006386042",,A,2878682,942003,858,2,4682,-1,20250930,99991231,1,1,20260316
2942290,"8914063575","8914063575","1001067",TND,"6500","2017-02-14 00:00:00.0","2017-02-14 00:00:00.0",,"11119.01","8914063575","1",,,,,,,AC11100,"08301000014094756304",,A,2878682,948076,858,2,4682,-1,20250930,99991231,1,1,20260316
2942292,"8914063591","8914063591","1001071",TND,"6500","2017-02-14 00:00:00.0","2017-02-14 00:00:00.0",,"11119.01","8914063591","227",,,,,,,AC11100,"08071022074001112051",,A,2878682,940212,858,2,4682,-1,20250930,99991231,1,1,20260316
2943377,"8914063737","8914063737","1001073",TND,"6003","2017-02-14 00:00:00.0","2017-02-14 00:00:00.0",,"11119.01","8914063737","52",,,,,,,AC11100,"08203000524500307455",,A,2878682,946426,858,2,4023,-1,20250930,99991231,1,1,20260316
2943374,"8914063672","8914063672","1001074",TND,"6500","2017-02-14 00:00:00.0","2017-02-14 00:00:00.0",,"11119.01","8914063672","286",,,,,,,AC11100,"08118028064001027720",,A,2878682,941084,858,2,4682,-1,20250930,99991231,1,1,20260316
2943376,"8914063729","8914063729","1001076",TND,"1010","2017-02-14 00:00:00.0","2017-02-14 00:00:00.0",,"11112.01","8914063729","213",,,,,,,AC11100,"08059021032001201078",,A,2878682,945908,858,2,3803,-1,20250930,99991231,1,1,20260316
3023590,"8915458697","8915458697","1001076",TND,"3439","2017-09-26 00:00:00.0","2017-09-26 00:00:00.0",,"11180.01","8915458697","213",,,,,,,AC43900,,,A,2878682,945908,859,2,4854,0,20250930,99991231,1,1,20260316
2453758,"8904480925","8904480925","100108",EUR,"1060","2011-06-15 00:00:00.0","2011-06-15 00:00:00.0",,"11119.01","8904480925","108",,,,,,,AC11100,"08005010085102400416",,A,2878682,242907,858,7,3464,-1,20250930,99991231,1,1,20260316
2451586,"8904483568","8904483568","100108",USD,"1060","2011-03-10 00:00:00.0","2011-03-10 00:00:00.0",,"11119.01","8904483568","108",,,,,,,AC11100,"08005010085102168489",,A,2878682,242907,858,18,3464,-1,20250930,99991231,1,1,20260316
3104178,"8914254699","8914254699","1001085",TND,"3439","2017-03-21 00:00:00.0","2017-03-21 00:00:00.0",,"11180.01","8914254699","238",,,,,,,AC43900,,,A,2878682,945669,859,2,4854,0,20250930,99991231,1,1,20260316
3085854,"8915320377","8915320377","1001085",TND,"6500","2017-08-31 00:00:00.0","2017-08-31 00:00:00.0",,"11119.01","8915320377","238",,,,,,,AC11100,"08081023084002181024",,A,2878682,945669,858,2,4682,-1,20250930,99991231,1,1,20260316
2943380,"8914063807","8914063807","1001086",TND,"6500","2017-02-14 00:00:00.0","2017-02-14 00:00:00.0",,"11119.01","8914063807","4",,,,,,,AC11100,"08206000044005880981",,A,2878682,944656,858,2,4682,-1,20250930,99991231,1,1,20260316
2943381,"8914063818","8914063818","1001087",TND,"6500","2017-02-14 00:00:00.0","2017-02-14 00:00:00.0",,"11119.01","8914063818","42",,,,,,,AC11100,"08701000424024661458",,A,2878682,945438,858,2,4682,-1,20250930,99991231,1,1,20260316
455015,MD2200614448,MD2200614448,"1001089",TND,"28050","2022-01-06 00:00:00.0","2022-01-06 00:00:00.0","2022-07-05 00:00:00.0","11246.01","8914239738","66",,,,,,,NA23500,,"3000.000",,0,945846,872,2,3748,0,20250930,99991231,1,1,20260316
429313,MD2332032164,MD2332032164,"1001089",TND,"28050","2023-11-13 00:00:00.0","2023-11-16 00:00:00.0","2024-04-02 00:00:00.0","11246.01","8914239738","66",,,,,,,NA23500,,"2000.000",,0,945846,872,2,3748,0,20250930,99991231,1,1,20260316
386154,MD2410320398,MD2410320398,"1001089",TND,"28050","2024-04-12 00:00:00.0","2024-04-12 00:00:00.0","2024-10-14 00:00:00.0","11246.01","8914239738","66",,,,,,,NA23500,,"600.000",,0,945846,872,2,3748,0,20250930,99991231,1,1,20260316
454074,MD2411040017,MD2411040017,"1001089",TND,"28050","2024-04-19 00:00:00.0","2024-04-19 00:00:00.0","2024-09-18 00:00:00.0","11246.01","8914239738","66",,,,,,,NA23500,,"3000.000",,0,945846,872,2,3748,0,20250930,99991231,1,1,20260316
447401,MD2411054831,MD2411054831,"1001089",TND,"28050","2024-04-19 00:00:00.0","2024-04-19 00:00:00.0","2024-10-17 00:00:00.0","11246.01","8914239738","66",,,,,,,NA23500,,"2400.000",,0,945846,872,2,3748,0,20250930,99991231,1,1,20260316
452879,MD2411066893,MD2411066893,"1001089",TND,"28050","2024-04-19 00:00:00.0","2024-04-19 00:00:00.0","2024-10-17 00:00:00.0","11246.01","8914239738","66",,,,,,,NA23500,,"400.000",,0,945846,872,2,3748,0,20250930,99991231,1,1,20260316
408528,MD2411538586,MD2411538586,"1001089",TND,"28050","2024-04-24 00:00:00.0","2024-04-24 00:00:00.0","2024-08-05 00:00:00.0","11246.01","8914239738","66",,,,,,,NA23500,,"1400.000",,0,945846,872,2,3748,0,20250930,99991231,1,1,20260316
438335,MD2411575344,MD2411575344,"1001089",TND,"28050","2024-04-24 00:00:00.0","2024-04-24 00:00:00.0","2024-10-17 00:00:00.0","11246.01","8914239738","66",,,,,,,NA23500,,"540.000",,0,945846,872,2,3748,0,20250930,99991231,1,1,20260316
501776,MD2434580797,MD2434580797,"1001089",TND,"28057","2024-12-10 00:00:00.0","2024-12-10 00:00:00.0","2025-04-21 00:00:00.0","11256.01","8914239738","66",,,,,,,NA23100,,"2000.000",,0,945846,868,2,3855,0,20250930,99991231,1,1,20260316
408322,MD2435337458,MD2435337458,"1001089",TND,"28050","2024-12-18 00:00:00.0","2024-12-18 00:00:00.0","2025-06-17 00:00:00.0","11246.01","8914239738","66",,,,,,,NA23500,,"100.000",,0,945846,872,2,3748,0,20250930,99991231,1,1,20260316
419742,MD2511176642,MD2511176642,"1001089",TND,"28050","2025-04-21 00:00:00.0","2025-04-21 00:00:00.0","2025-10-20 00:00:00.0","11246.01","8914239738","66",,,,,,,NA23500,,"6600.000",,0,945846,872,2,3748,0,20250930,99991231,1,1,20260316
414535,MD2513950499,MD2513950499,"1001089",TND,"28050","2025-05-19 00:00:00.0","2025-05-19 00:00:00.0","2025-08-21 00:00:00.0","11246.01","8914239738","66",,,,,,,NA23500,,"1500.000",,0,945846,872,2,3748,0,20250930,99991231,1,1,20260316
422567,MD2523285530,MD2523285530,"1001089",TND,"28050","2025-08-20 00:00:00.0","2025-08-20 00:00:00.0","2026-02-17 00:00:00.0","11246.01","8914239738","66",,,,,,,NA23500,,"400.000",,0,945846,872,2,3748,0,20250930,99991231,1,1,20260316
10112,TF1809600742,TF1809600742,"1001089",EUR,"23005","2018-04-11 00:00:00.0","2018-04-11 00:00:00.0","2018-07-24 00:00:00.0","11288.01","8914239738","66",,,,,,,NA21100,,"49896.00",,0,945846,903,7,3243,0,20250930,99991231,1,1,20260325
2089647,TF180960074201,TF1809600742,"1001089",EUR,"23005",,"2018-06-14 00:00:00.0",,,"8914239738","66",,,,,,,,,"49896.00",,0,0,0,0,0,0,20250930,99991231,1,1,20260316
2957165,"8914239738","8914239738","1001089",TND,"1000","2017-03-16 00:00:00.0","2017-03-16 00:00:00.0",,"11111.01","8914239738","66",,,,,,,AC11100,"08006000661006171934",,A,2878682,945846,858,2,4133,-1,20250930,99991231,1,1,20260316
3108859,"8919074327","8919074327","1001089",EUR,"1250","2019-11-06 00:00:00.0","2019-11-06 00:00:00.0",,"11119.01","8919074327","66",,,,,,,AC11100,"08006000665900361739",,A,2878682,945846,858,7,3424,-1,20250930,99991231,1,1,20260316
3532121,"8923592289","8923592289","1001089",TND,"3998","2022-01-06 00:00:00.0","2022-01-06 00:00:00.0",,"11119.01","8923592289","66",,,,,,,AC11100,,,A,2878682,945846,858,2,4437,0,20250930,99991231,1,1,20260316
3668422,"8925459276","8925459276","1001089",TND,"3077","2023-08-30 00:00:00.0","2023-08-30 00:00:00.0",,"11119.01","8925459276","66",,,,,,,AC11100,,,A,2878682,945846,858,2,5968,0,20250930,99991231,1,1,20260316
2943385,"8914063893","8914063893","1001091",TND,"6500","2017-02-14 00:00:00.0","2017-02-14 00:00:00.0",,"11119.01","8914063893","70",,,,,,,AC11100,"08101000704003819670",,A,2878682,131861,858,2,4682,-1,20250930,99991231,1,1,20260316
2943384,"8914063877","8914063877","1001092",TND,"6500","2017-02-14 00:00:00.0","2017-02-14 00:00:00.0",,"11119.01","8914063877","5",,,,,,,AC11100,"08208000054003709497",,A,2878682,944727,858,2,4682,-1,20250930,99991231,1,1,20260316
2943382,"8914063834","8914063834","1001093",TND,"1010","2017-02-14 00:00:00.0","2017-02-14 00:00:00.0",,"11112.01","8914063834","312",,,,,,,AC11100,"08141031022000470795",,A,2878682,1303069,858,2,3803,-1,20250930,99991231,1,1,20260316
2943386,"8914063923","8914063923","1001094",TND,"6500","2017-02-14 00:00:00.0","2017-02-14 00:00:00.0",,"11119.01","8914063923","127",,,,,,,AC11100,"08033012074003467287",,A,2878682,945012,858,2,4682,-1,20250930,99991231,1,1,20260316
2944476,"8914064048","8914064048","1001098",TND,"6500","2017-02-14 00:00:00.0","2017-02-14 00:00:00.0",,"11119.01","8914064048","67",,,,,,,AC11100,"08008000674008034093",,A,2878682,947373,858,2,4682,-1,20250930,99991231,1,1,20260316
123069,MG2320900356,MG2320900356,"1001101",TND,"25001","2023-07-31 00:00:00.0","2023-07-31 00:00:00.0","2026-08-30 00:00:00.0","55103.01","8914063947","133",,"13.27",,"8","4.75","12.75",TF49109,"90232090035600804142","30000.000",DC2320900066,-1,931452,648,2,3863,109484,20250930,99991231,1,1,20260316
2943387,"8914063947","8914063947","1001101",TND,"1010","2017-02-14 00:00:00.0","2017-02-14 00:00:00.0",,"11113.01","8914063947","133",,,,,,,AC11100,"08041013032002585120",,A,2878682,931452,858,2,3803,-1,20250930,99991231,1,1,20260316
3171841,"8917815241","8917815241","1001101",TND,"1010","2019-01-11 00:00:00.0","2019-01-11 00:00:00.0",,"11112.01","8917815241","133",,,,,,,AC11100,"08041013032002955563",,A,2878682,931452,858,2,3803,-1,20250930,99991231,1,1,20260316
3095364,"8914332517","8914332517","1001105",TND,"3439","2017-04-03 00:00:00.0","2017-04-03 00:00:00.0",,"11180.01","8914332517","124",,,,,,,AC43900,,,A,2878682,941209,859,2,4854,0,20250930,99991231,1,1,20260316
3726312,"8927759382","8927759382","1001105",TND,"3992","2025-08-04 00:00:00.0","2025-08-04 00:00:00.0",,,"8927759382","124",,,,,,,AC11100,,,,0,941209,858,2,5528,0,20250930,99991231,1,1,20260316
45481,MG2222200433,MG2222200433,"1001107",TND,"25007","2022-08-10 00:00:00.0","2022-08-10 00:00:00.0","2027-09-22 00:00:00.0","55171.01","8914063982","284",,"11.626",,"7.02","4","11.02",TF57799,"90222220043300811546","22000.000",DC2222100187,-1,944908,677,2,4914,165900,20250930,99991231,1,1,20260316
2200075,PDMG2222200433,MG2222200433,"1001107",TND,"25007","2022-09-22 00:00:00.0","2022-09-22 00:00:00.0","2027-09-22 00:00:00.0","9997.01","8914063982","284","21",,"5",,"5",,TF57799,,,,0,944908,677,2,4914,0,20250930,99991231,1,1,20260325
2943388,"8914063982","8914063982","1001107",TND,"1010","2017-02-14 00:00:00.0","2017-02-14 00:00:00.0",,"11112.01","8914063982","284",,,,,,,AC11100,"08115028042001038109",,A,2878682,944908,858,2,3803,-1,20250930,99991231,1,1,20260316
3112659,"8919171139","8919171139","1001107",TND,"3439","2019-11-27 00:00:00.0","2019-11-27 00:00:00.0",,"11180.01","8919171139","284",,,,,,,AC43900,,,A,2878682,944908,859,2,4854,0,20250930,99991231,1,1,20260316
2944479,"8914064105","8914064105","1001108",TND,"6500","2017-02-14 00:00:00.0","2017-02-14 00:00:00.0",,"11119.01","8914064105","46",,,,,,,AC11100,"08706000464010303097",,A,2878682,943641,858,2,4682,-1,20250930,99991231,1,1,20260316
2944475,"8914064024","8914064024","1001109",TND,"1010","2017-02-14 00:00:00.0","2017-02-14 00:00:00.0",,"11112.01","8914064024","23",,,,,,,AC11100,"08503000232013224203",,A,2878682,946300,858,2,3803,-1,20250930,99991231,1,1,20260316
3027994,"8915415602","8915415602","1001109",TND,"6500","2017-09-18 00:00:00.0","2017-09-18 00:00:00.0",,"11119.01","8915415602","23",,,,,,,AC11100,"08503000234013080769",,A,2878682,946300,858,2,4682,-1,20250930,99991231,1,1,20260316
2448249,"8904422763","8904422763","100111",TND,"1010","2003-02-05 00:00:00.0","2003-02-05 00:00:00.0",,"11112.01","8904422763","108",,,,,,,AC11100,"08005010082011777201",,A,2878682,702042,858,2,3803,-1,20250930,99991231,1,1,20260316
2733773,"8910191102","8910191102","100111",TND,"3439","2015-02-06 00:00:00.0","2015-02-06 00:00:00.0",,"11180.01","8910191102","108",,,,,,,AC43900,,,A,2878682,702042,859,2,4854,0,20250930,99991231,1,1,20260316
3711295,"8927463254","8927463254","100111",TND,"6500","2025-05-16 00:00:00.0","2025-05-16 00:00:00.0",,"11119.01","8927463254","108",,,,,,,AC11100,"08005010084026745203",,A,2878682,702042,858,2,4682,-1,20250930,99991231,1,1,20260316
2943390,"8914064016","8914064016","1001110",TND,"6500","2017-02-14 00:00:00.0","2017-02-14 00:00:00.0",,"11119.01","8914064016","3",,,,,,,AC11100,"08109000034005148389",,A,2878682,946908,858,2,4682,-1,20250930,99991231,1,1,20260316
2943389,"8914064008","8914064008","1001111",TND,"6500","2017-02-14 00:00:00.0","2017-02-14 00:00:00.0",,"11119.01","8914064008","298",,,,,,,AC11100,"08127029084001006409",,A,2878682,940366,858,2,4682,-1,20250930,99991231,1,1,20260316
3362717,"8921869305","8921869305","1001111",TND,"1010","2020-09-16 00:00:00.0","2020-09-16 00:00:00.0",,"11112.01","8921869305","298",,,,,,,AC11100,"08127029082002715714",,A,2878682,940366,858,2,3803,-1,20250930,99991231,1,1,20260316
2958339,"8914178291","8914178291","1001112",TND,"1010","2017-03-07 00:00:00.0","2017-03-07 00:00:00.0",,"11113.01","8914178291","43",,,,,,,AC11100,"08702000432008424020",,A,2878682,940701,858,2,3803,-1,20250930,99991231,1,1,20260316
2959562,"8914206759","8914206759","1001112",TND,"3439","2017-03-10 00:00:00.0","2017-03-10 00:00:00.0",,"11180.01","8914206759","43",,,,,,,AC43900,,,A,2878682,940701,859,2,4854,0,20250930,99991231,1,1,20260316
2944478,"8914064083","8914064083","1001114",TND,"6500","2017-02-14 00:00:00.0","2017-02-14 00:00:00.0",,"11119.01","8914064083","37",,,,,,,AC11100,"08508000374011502153",,A,2878682,945166,858,2,4682,-1,20250930,99991231,1,1,20260316
86992,MG2031600265,MG2031600265,"1001119",TND,"25007","2020-11-12 00:00:00.0","2020-11-12 00:00:00.0","2025-12-02 00:00:00.0","55159.01","8914064334","543","21","9.597","2.75","6.3","2.75","10.25",NP57701,"90203160026500804371","20000.000",DC2031600110,-1,945742,826,2,4914,77022,20250930,99991231,1,1,20260316
2182724,PDMG2031600265,MG2031600265,"1001119",TND,"25007","2021-06-02 00:00:00.0","2021-06-02 00:00:00.0","2025-12-02 00:00:00.0","9997.01","8914064334","543","21",,"5",,"5",,NP57701,,,,0,945742,826,2,4914,0,20250930,99991231,1,1,20260325
2944488,"8914064334","8914064334","1001119",TND,"1010","2017-02-14 00:00:00.0","2017-02-14 00:00:00.0",,"11112.01","8914064334","137",,,,,,,AC11100,"08043013072001684383",,A,2878682,945742,858,2,3803,-1,20250930,99991231,1,1,20260316
3087355,"8914323534","8914323534","1001119",TND,"3439","2017-03-31 00:00:00.0","2017-03-31 00:00:00.0",,"11180.01","8914323534","137",,,,,,,AC43900,,,A,2878682,945742,859,2,4854,0,20250930,99991231,1,1,20260316
3735480,"8927761808","8927761808","1001119",TND,"3992","2025-08-04 00:00:00.0","2025-08-04 00:00:00.0",,,"8927761808","137",,,,,,,AC11100,,,,0,945742,858,2,5528,0,20250930,99991231,1,1,20260316
115590,MG2315100119,MG2315100119,"100112",TND,"25007","2023-05-31 00:00:00.0","2023-05-31 00:00:00.0","2028-06-29 00:00:00.0","55159.01","8904427617","108",,"10.21",,"8.01","2","10.01",TF57701,"90231510011900800541","40000.000",DC2314200135,-1,246860,676,2,4914,14307,20250930,99991231,1,1,20260316
2447735,"8904427617","8904427617","100112",TND,"1010","2004-03-02 00:00:00.0","2004-03-02 00:00:00.0",,"11113.01","8904427617","108",,,,,,,AC11100,"08005010082012292077",,A,2878682,246860,858,2,3803,-1,20250930,99991231,1,1,20260316
2447998,"8904428214","8904428214","100112",TND,"6500","2010-02-10 00:00:00.0","2010-02-10 00:00:00.0",,"11119.01","8904428214","108",,,,,,,AC11100,"08005010084009049881",,A,2878682,246860,858,2,4682,-1,20250930,99991231,1,1,20260316
2676028,"8909193417","8909193417","100112",TND,"3439","2014-07-08 00:00:00.0","2014-07-08 00:00:00.0",,"11180.01","8909193417","108",,,,,,,AC43900,,,A,2878682,246860,859,2,4854,0,20250930,99991231,1,1,20260316
2944480,"8914064148","8914064148","1001120",TND,"6500","2017-02-14 00:00:00.0","2017-02-14 00:00:00.0",,"11119.01","8914064148","3",,,,,,,AC11100,"08109000034005147516",,A,2878682,940726,858,2,4682,-1,20250930,99991231,1,1,20260316
2944481,"8914064164","8914064164","1001121",TND,"6500","2017-02-14 00:00:00.0","2017-02-14 00:00:00.0",,"11119.01","8914064164","295",,,,,,,AC11100,"08121029054001176091",,A,2878682,945214,858,2,4682,-1,20250930,99991231,1,1,20260316
3284507,"8922519146","8922519146","1001121",TND,"1010","2021-03-11 00:00:00.0","2021-03-11 00:00:00.0",,"11113.01","8922519146","295",,,,,,,AC11100,"08121029052001384709",,A,2878682,945214,858,2,3803,-1,20250930,99991231,1,1,20260316
3343149,"8922672548","8922672548","1001121",TND,"3439","2021-04-26 00:00:00.0","2021-04-26 00:00:00.0",,"11180.01","8922672548","295",,,,,,,AC43900,,,A,2878682,945214,859,2,4854,0,20250930,99991231,1,1,20260316
2952379,"8914083355","8914083355","1001125",TND,"1000","2017-02-17 00:00:00.0","2017-02-17 00:00:00.0",,"11111.01","8914083355","124",,,,,,,AC11100,"08032012041001427671",,A,2878682,1346224,858,2,4133,-1,20250930,99991231,1,1,20260316
3199734,"8918604187","8918604187","1001126",TND,"6500","2019-07-19 00:00:00.0","2019-07-19 00:00:00.0",,"11119.01","8918604187","258",,,,,,,AC11100,"08090025084002341539",,A,2878682,943660,858,2,4682,-1,20250930,99991231,1,1,20260316
173059,LD1918435972,LD1918435972,"1001129",TND,"21062","2019-07-03 00:00:00.0","2019-07-03 00:00:00.0","2035-06-30 00:00:00.0","55172.01","8914075506","239",,,,null,null,,,,"145000",CRP1912753468.T01,-1,942155,0,2,3977,0,20250930,99991231,1,1,20260316
360476,LD2034934005,LD2034934005,"1001129",TND,"21062","2020-12-01 00:00:00.0","2020-12-01 00:00:00.0","2035-09-30 00:00:00.0","5800.01","8914075506","239",,,,null,null,,,,"4960.605",,0,942155,0,2,3977,0,20250930,99991231,1,1,20260316
147603,MG2320100367,MG2320100367,"1001129",TND,"25007","2023-07-20 00:00:00.0","2023-07-20 00:00:00.0","2028-07-30 00:00:00.0","55159.01","8914075506","239",,"11.099",,"8","2.5","10.50",TF57701,"90232010036700808318","22000.000",DC2320100091,-1,942155,676,2,4914,40093,20250930,99991231,1,1,20260316
2209875,PDLD1918435972,LD1918435972,"1001129",TND,"21062","2020-01-30 00:00:00.0","2020-01-30 00:00:00.0","2035-06-30 00:00:00.0","9997.01","8914075506","239","21",,"5",,"5",,TF72499,,,,0,942155,272,2,3977,0,20250930,99991231,1,1,20260325
2141254,PDMG2320100367,MG2320100367,"1001129",TND,"25007","2023-10-30 00:00:00.0","2023-10-30 00:00:00.0","2028-07-30 00:00:00.0","9997.01","8914075506","239","21",,"5",,"5",,TF57701,,,,0,942155,676,2,4914,0,20250930,99991231,1,1,20260325
2946793,"8914075506","8914075506","1001129",TND,"1010","2017-02-16 00:00:00.0","2017-02-16 00:00:00.0",,"11113.01","8914075506","239",,,,,,,AC11100,"08083023092001338023",,A,2878682,942155,858,2,3803,-1,20250930,99991231,1,1,20260316
3080702,"8915193081","8915193081","1001129",TND,"3439","2017-08-07 00:00:00.0","2017-08-07 00:00:00.0",,"11180.01","8915193081","239",,,,,,,AC43900,,,A,2878682,942155,859,2,4854,0,20250930,99991231,1,1,20260316
2445933,"8904431142","8904431142","100113",TND,"6500","1987-02-05 00:00:00.0","1987-02-05 00:00:00.0",,"11119.01","8904431142","108",,,,,,,AC11100,"08005010084002386369",,A,2878682,245852,858,2,4682,-1,20250930,99991231,1,1,20260316
236916,LD2520201770,LD2520201770,"1001130",TND,"21050","2025-07-21 00:00:00.0","2025-07-21 00:00:00.0","2026-02-02 00:00:00.0","11453.01","8914064326","43",,,,null,null,,,,"3460.786",,0,1540352,0,2,3241,0,20250930,99991231,1,1,20260316
197255,LD2520217148,LD2520217148,"1001130",TND,"21050","2025-07-21 00:00:00.0","2025-07-21 00:00:00.0","2026-02-02 00:00:00.0","11453.01","8914064326","43",,,,null,null,,,,"6439.524",,0,1540352,0,2,3241,0,20250930,99991231,1,1,20260316
152899,LD2520229070,LD2520229070,"1001130",TND,"21050","2025-07-21 00:00:00.0","2025-07-21 00:00:00.0","2026-02-02 00:00:00.0","11453.01","8914064326","43",,,,null,null,,,,"1519.094",,0,1540352,0,2,3241,0,20250930,99991231,1,1,20260316
236252,LD2520231194,LD2520231194,"1001130",TND,"21050","2025-07-21 00:00:00.0","2025-07-21 00:00:00.0","2026-02-02 00:00:00.0","11453.01","8914064326","43",,,,null,null,,,,"3000",,0,1540352,0,2,3241,0,20250930,99991231,1,1,20260316
272093,LD2520242431,LD2520242431,"1001130",TND,"21050","2025-07-21 00:00:00.0","2025-07-21 00:00:00.0","2026-02-02 00:00:00.0","11453.01","8914064326","43",,,,null,null,,,,"1820.695",,0,1540352,0,2,3241,0,20250930,99991231,1,1,20260316
177264,LD2520244225,LD2520244225,"1001130",TND,"21050","2025-07-21 00:00:00.0","2025-07-21 00:00:00.0","2026-02-02 00:00:00.0","11453.01","8914064326","43",,,,null,null,,,,"1774.925",,0,1540352,0,2,3241,0,20250930,99991231,1,1,20260316
235375,LD2520276848,LD2520276848,"1001130",TND,"21050","2025-07-21 00:00:00.0","2025-07-21 00:00:00.0","2025-09-23 00:00:00.0","11453.01","8914064326","43",,,,null,null,,,,"3623.113",,0,1540352,0,2,3241,0,20250930,99991231,1,1,20260316
155185,LD2520291085,LD2520291085,"1001130",TND,"21050","2025-07-21 00:00:00.0","2025-07-21 00:00:00.0","2026-02-02 00:00:00.0","11453.01","8914064326","43",,,,null,null,,,,"4940.88",,0,1540352,0,2,3241,0,20250930,99991231,1,1,20260316
176376,LD2520301574,LD2520301574,"1001130",TND,"21050","2025-07-22 00:00:00.0","2025-07-22 00:00:00.0","2025-09-29 00:00:00.0","11453.01","8914064326","43",,,,null,null,,,,"27382.99",,0,1540352,0,2,3241,0,20250930,99991231,1,1,20260316
180284,LD2520323303,LD2520323303,"1001130",TND,"21050","2025-07-22 00:00:00.0","2025-07-22 00:00:00.0","2026-02-02 00:00:00.0","11453.01","8914064326","43",,,,null,null,,,,"7363.197",,0,1540352,0,2,3241,0,20250930,99991231,1,1,20260316
188498,LD2520324150,LD2520324150,"1001130",TND,"21050","2025-07-22 00:00:00.0","2025-07-22 00:00:00.0","2025-09-23 00:00:00.0","11453.01","8914064326","43",,,,null,null,,,,"2347.551",,0,1540352,0,2,3241,0,20250930,99991231,1,1,20260316
181556,LD2520385907,LD2520385907,"1001130",TND,"21050","2025-07-22 00:00:00.0","2025-07-22 00:00:00.0","2025-09-16 00:00:00.0","11453.01","8914064326","43",,,,null,null,,,,"2238.916",,0,1540352,0,2,3241,0,20250930,99991231,1,1,20260316
2096802,PDLD2520301574,LD2520301574,"1001130",TND,"21050","2025-09-29 00:00:00.0","2025-09-29 00:00:00.0","2025-09-29 00:00:00.0","11453.01",,"43","21",,"5",,"5",,NP31102,,,,0,1540352,575,2,3241,0,20250930,99991231,1,1,20260325
2944487,"8914064326","8914064326","1001130",TND,"1000","2017-02-14 00:00:00.0","2017-02-14 00:00:00.0",,"11111.01","8914064326","43",,,,,,,AC11100,"08702000431001653066",,A,2878682,1540352,858,2,4133,-1,20250930,99991231,1,1,20260316
2944482,"8914064261","8914064261","1001133",TND,"1010","2017-02-14 00:00:00.0","2017-02-14 00:00:00.0",,"11112.01","8914064261","111",,,,,,,AC11100,"08020011012010736494",,A,2878682,940988,858,2,3803,-1,20250930,99991231,1,1,20260316
2944489,"8914064342","8914064342","1001135",TND,"1010","2023-12-27 00:00:00.0","2023-12-27 00:00:00.0",,"11112.01","8914064342","122",,,,,,,AC11100,"08030012022004702060",,A,2878682,945170,858,2,3803,-1,20250930,99991231,1,1,20260316
3085613,"8915304247","8915304247","1001135",TND,"6500","2017-08-29 00:00:00.0","2017-08-29 00:00:00.0",,"11119.01","8915304247","122",,,,,,,AC11100,"08030012024004620803",,A,2878682,945170,858,2,4682,-1,20250930,99991231,1,1,20260316
3653629,"8926049802","8926049802","1001135",TND,"3439","2024-02-13 00:00:00.0","2024-02-13 00:00:00.0",,"11180.01","8926049802","122",,,,,,,AC43900,,,A,2878682,945170,859,2,4854,0,20250930,99991231,1,1,20260316
2944484,"8914064288","8914064288","1001136",TND,"1010","2017-02-14 00:00:00.0","2017-02-14 00:00:00.0",,"11112.01","8914064288","76",,,,,,,AC11100,"08106000762010126062",,A,2878682,120823,858,2,3803,-1,20250930,99991231,1,1,20260316
3394773,"8919620766","8919620766","1001136",TND,"3439","2020-03-16 00:00:00.0","2020-03-16 00:00:00.0",,"11180.01","8919620766","76",,,,,,,AC43900,,,A,2878682,120823,859,2,4854,0,20250930,99991231,1,1,20260316
3330940,"8921575948","8921575948","1001136",TND,"6500","2020-06-22 00:00:00.0","2020-06-22 00:00:00.0",,"11119.01","8921575948","76",,,,,,,AC11100,"08106000764028007168",,A,2878682,120823,858,2,4682,-1,20250930,99991231,1,1,20260316
2944485,"8914064296","8914064296","1001137",TND,"6003","2017-02-14 00:00:00.0","2017-02-14 00:00:00.0",,"11119.01","8914064296","112",,,,,,,AC11100,"08019011024500404450",,A,2878682,944161,858,2,4023,-1,20250930,99991231,1,1,20260316
3100531,"8914543569","8914543569","1001138",TND,"3439","2017-05-10 00:00:00.0","2017-05-10 00:00:00.0",,"11180.01","8914543569","312",,,,,,,AC43900,,,A,2878682,789924,859,2,4854,0,20250930,99991231,1,1,20260316
3558520,"8926365291","8926365291","1001138",TND,"1010","2024-05-29 00:00:00.0","2024-05-29 00:00:00.0",,"11112.01","8926365291","271",,,,,,,AC11100,"08093027012002090873",,A,2878682,789924,858,2,3803,-1,20250930,99991231,1,1,20260316
2944491,"8914064377","8914064377","1001141",TND,"6003","2017-02-14 00:00:00.0","2017-02-14 00:00:00.0",,"11119.01","8914064377","307",,,,,,,AC11100,"08136030074500050245",,A,2878682,554725,858,2,4023,-1,20250930,99991231,1,1,20260316
2945591,"8914064482","8914064482","1001144",TND,"6500","2017-02-14 00:00:00.0","2017-02-14 00:00:00.0",,"11119.01","8914064482","253",,,,,,,AC11100,"08087025034002001061",,A,2878682,947352,858,2,4682,-1,20250930,99991231,1,1,20260316
2945596,"8914064587","8914064587","1001144",TND,"3997","2017-02-14 00:00:00.0","2017-02-14 00:00:00.0",,"11119.01","8914064587","253",,,,,,,AC11100,,,A,2878682,947352,858,2,4100,0,20250930,99991231,1,1,20260316
2945593,"8914064504","8914064504","1001147",TND,"1000","2017-02-14 00:00:00.0","2017-02-14 00:00:00.0",,"11111.01","8914064504","43",,,,,,,AC11100,"08702000431001654909",,A,2878682,943303,858,2,4133,-1,20250930,99991231,1,1,20260316
48530,MG2232800425,MG2232800425,"1001149",TND,"25007","2022-11-25 00:00:00.0","2022-11-25 00:00:00.0","2025-09-09 00:00:00.0","55159.01","8914064528","44",,"12.67",,"7.230","5","12.23",TF57701,"90223280042500870356","10000.000",DC2231400082,-1,944506,676,2,4914,-1,20250930,99991231,1,1,20260316
2945594,"8914064528","8914064528","1001149",TND,"1010","2017-02-14 00:00:00.0","2017-02-14 00:00:00.0",,"11112.01","8914064528","44",,,,,,,AC11100,"08703000442012611028",,A,2878682,944506,858,2,3803,-1,20250930,99991231,1,1,20260316
2945592,"8914064498","8914064498","1001151",TND,"6003","2017-02-14 00:00:00.0","2017-02-14 00:00:00.0",,"11119.01","8914064498","307",,,,,,,AC11100,"08136030074500051021",,A,2878682,943177,858,2,4023,-1,20250930,99991231,1,1,20260316
2945595,"8914064563","8914064563","1001154",TND,"6500","2017-02-14 00:00:00.0","2017-02-14 00:00:00.0",,"11119.01","8914064563","1",,,,,,,AC11100,"08301000014094757177",,A,2878682,941283,858,2,4682,-1,20250930,99991231,1,1,20260316
2955793,"8914091827","8914091827","1001156",TND,"3439","2017-02-20 00:00:00.0","2017-02-20 00:00:00.0",,"11180.01","8914091827","1",,,,,,,AC43900,,,A,2878682,1042035,859,2,4854,0,20250930,99991231,1,1,20260316
3023570,"8915453636","8915453636","1001156",TND,"1010","2017-09-26 00:00:00.0","2017-09-26 00:00:00.0",,"11112.01","8915453636","298",,,,,,,AC11100,"08127029082001800034",,A,2878682,1042035,858,2,3803,-1,20250930,99991231,1,1,20260316
2945602,"8914064679","8914064679","1001157",TND,"6500","2017-02-14 00:00:00.0","2017-02-14 00:00:00.0",,"11119.01","8914064679","225",,,,,,,AC11100,"08069022054001839157",,A,2878682,942540,858,2,4682,-1,20250930,99991231,1,1,20260316
2945600,"8914064644","8914064644","1001158",TND,"6500","2017-02-14 00:00:00.0","2017-02-14 00:00:00.0",,"11119.01","8914064644","225",,,,,,,AC11100,"08069022054001837508",,A,2878682,941524,858,2,4682,-1,20250930,99991231,1,1,20260316
2449391,"8904455793","8904455793","100116",TND,"6500","1989-08-17 00:00:00.0","1989-08-17 00:00:00.0",,"11119.01","8904455793","108",,,,,,,AC11100,"08005010084003694996",,A,2878682,293104,858,2,4682,-1,20250930,99991231,1,1,20260316
306989,LD2233349164,LD2233349164,"1001160",TND,"21062","2022-11-29 00:00:00.0","2022-11-29 00:00:00.0","2037-11-18 00:00:00.0","55173.01","8914072426","1","29",,"1.75",null,null,,,,"50000",CRP2229282677.T01,-1,943850,0,2,3977,0,20250930,99991231,1,1,20260316
2186402,PDLD2233349164,LD2233349164,"1001160",TND,"21062","2023-12-18 00:00:00.0","2023-12-18 00:00:00.0","2037-11-18 00:00:00.0","9997.01","8914072426","1","21",,"5",,"5",,PN72411,,,,0,943850,479,2,3977,0,20250930,99991231,1,1,20260325
2946769,"8914072426","8914072426","1001160",TND,"1010","2017-02-15 00:00:00.0","2017-02-15 00:00:00.0",,"11140.01","8914072426","1",,,,,,,AC11100,"08301000012009377069",,A,2878682,943850,858,2,3803,-1,20250930,99991231,1,1,20260316
2948992,"8914073252","8914073252","1001160",TND,"6004","2017-02-15 00:00:00.0","2017-02-15 00:00:00.0",,"11140.01","8914073252","1",,,,,,,AC11100,"08301000014109377017",,A,2878682,943850,858,2,3614,-1,20250930,99991231,1,1,20260316
2956925,"8914092001","8914092001","1001160",TND,"3439","2017-02-20 00:00:00.0","2017-02-20 00:00:00.0",,"11180.01","8914092001","1",,,,,,,AC43900,,,A,2878682,943850,859,2,4854,0,20250930,99991231,1,1,20260316
2942455,"8914092133","8914092133","1001162",TND,"3439","2017-02-20 00:00:00.0","2017-02-20 00:00:00.0",,"11180.01","8914092133","1",,,,,,,AC43900,,,A,2878682,937772,859,2,4854,0,20250930,99991231,1,1,20260316
3218493,"8917481912","8917481912","1001162",TND,"1010","2018-10-31 00:00:00.0","2018-10-31 00:00:00.0",,"11112.01","8917481912","252",,,,,,,AC11100,"08085025022002745355",,A,2878682,937772,858,2,3803,-1,20250930,99991231,1,1,20260316
2945676,"8914072345","8914072345","1001164",TND,"1010","2017-02-15 00:00:00.0","2017-02-15 00:00:00.0",,"11112.01","8914072345","1",,,,,,,AC11100,"08301000012009373868",,A,2878682,945966,858,2,3803,-1,20250930,99991231,1,1,20260316
2955783,"8914091722","8914091722","1001164",TND,"3439","2017-02-20 00:00:00.0","2017-02-20 00:00:00.0",,"11180.01","8914091722","1",,,,,,,AC43900,,,A,2878682,945966,859,2,4854,0,20250930,99991231,1,1,20260316
2945675,"8914072337","8914072337","1001165",TND,"1010","2017-02-15 00:00:00.0","2017-02-15 00:00:00.0",,"11140.01","8914072337","1",,,,,,,AC11100,"08301000012009372025",,A,2878682,943687,858,2,3803,-1,20250930,99991231,1,1,20260316
2948986,"8914073082","8914073082","1001165",TND,"6004","2017-02-15 00:00:00.0","2017-02-15 00:00:00.0",,"11140.01","8914073082","1",,,,,,,AC11100,"08301000014109372070",,A,2878682,943687,858,2,3614,-1,20250930,99991231,1,1,20260316
2955791,"8914091803","8914091803","1001165",TND,"3439","2017-02-20 00:00:00.0","2017-02-20 00:00:00.0",,"11180.01","8914091803","1",,,,,,,AC43900,,,A,2878682,943687,859,2,4854,0,20250930,99991231,1,1,20260316
2945671,"8914072272","8914072272","1001168",TND,"1010","2017-02-15 00:00:00.0","2017-02-15 00:00:00.0",,"11112.01","8914072272","1",,,,,,,AC11100,"08301000012009369018",,A,2878682,944399,858,2,3803,-1,20250930,99991231,1,1,20260316
2956923,"8914091986","8914091986","1001168",TND,"3439","2017-02-20 00:00:00.0","2017-02-20 00:00:00.0",,"11180.01","8914091986","1",,,,,,,AC43900,,,A,2878682,944399,859,2,4854,0,20250930,99991231,1,1,20260316
2446672,"8904420922","8904420922","100117",TND,"1010","2001-03-02 00:00:00.0","2001-03-02 00:00:00.0",,"11113.01","8904420922","108",,,,,,,AC11100,"08005010082010756470",,A,2878682,591631,858,2,3803,-1,20250930,99991231,1,1,20260316
3545778,"8927109221","8927109221","100117",TND,"6500","2025-01-21 00:00:00.0","2025-01-21 00:00:00.0",,"11119.01","8927109221","108",,,,,,,AC11100,"08005010084026177268",,A,2878682,591631,858,2,4682,-1,20250930,99991231,1,1,20260316
70301,MG2329200074,MG2329200074,"1001171",TND,"25007","2023-10-19 00:00:00.0","2023-10-19 00:00:00.0","2028-11-24 00:00:00.0","55159.01","8914066965","1",,"10.621",,"8","2.25","10.25",TF57701,"90232920007400830104","21000.000",DC2328400103,-1,864708,676,2,4914,112025,20250930,99991231,1,1,20260316
2092929,PDMG2329200074,MG2329200074,"1001171",TND,"25007","2023-11-24 00:00:00.0","2023-11-24 00:00:00.0","2028-11-24 00:00:00.0","9997.01","8914066965","1","21",,"5",,"5",,TF57701,,,,0,864708,676,2,4914,0,20250930,99991231,1,1,20260325
2942312,"8914066965","8914066965","1001171",TND,"1010","2017-02-15 00:00:00.0","2017-02-15 00:00:00.0",,"11140.01","8914066965","1",,,,,,,AC11100,"08301000012009395984",,A,2878682,864708,858,2,3803,-1,20250930,99991231,1,1,20260316
2942314,"8914066997","8914066997","1001171",TND,"6004","2017-02-15 00:00:00.0","2017-02-15 00:00:00.0",,"11140.01","8914066997","1",,,,,,,AC11100,"08301000014109395932",,A,2878682,864708,858,2,3614,-1,20250930,99991231,1,1,20260316
2946942,"8914107041","8914107041","1001171",TND,"3439","2017-02-22 00:00:00.0","2017-02-22 00:00:00.0",,"11180.01","8914107041","1",,,,,,,AC43900,,,A,2878682,864708,859,2,4854,0,20250930,99991231,1,1,20260316
3179515,"8917367947","8917367947","1001171",TND,"6500","2018-10-10 00:00:00.0","2018-10-10 00:00:00.0",,"11119.01","8917367947","1",,,,,,,AC11100,"08301000014095881601",,A,2878682,864708,858,2,4682,-1,20250930,99991231,1,1,20260316
2946704,"8914064927","8914064927","1001172",TND,"6003","2017-02-15 00:00:00.0","2017-02-15 00:00:00.0",,"11119.01","8914064927","136",,,,,,,AC11100,"08039013064500242428",,A,2878682,885319,858,2,4023,-1,20250930,99991231,1,1,20260316
2946707,"8914064954","8914064954","1001174",TND,"6003","2017-02-15 00:00:00.0","2017-02-15 00:00:00.0",,"11119.01","8914064954","136",,,,,,,AC11100,"08039013064500243204",,A,2878682,941545,858,2,4023,-1,20250930,99991231,1,1,20260316
2947845,"8914066876","8914066876","1001175",TND,"1010","2017-02-15 00:00:00.0","2017-02-15 00:00:00.0",,"11140.01","8914066876","1",,,,,,,AC11100,"08301000012009393268",,A,2878682,941442,858,2,3803,-1,20250930,99991231,1,1,20260316
2942318,"8914067082","8914067082","1001175",TND,"6004","2017-02-15 00:00:00.0","2017-02-15 00:00:00.0",,"11140.01","8914067082","1",,,,,,,AC11100,"08301000014109393216",,A,2878682,941442,858,2,3614,-1,20250930,99991231,1,1,20260316
2952535,"8914123934","8914123934","1001175",TND,"3439","2017-02-24 00:00:00.0","2017-02-24 00:00:00.0",,"11180.01","8914123934","1",,,,,,,AC43900,,,A,2878682,941442,859,2,4854,0,20250930,99991231,1,1,20260316
2946708,"8914064978","8914064978","1001176",TND,"6003","2017-02-15 00:00:00.0","2017-02-15 00:00:00.0",,"11119.01","8914064978","136",,,,,,,AC11100,"08039013064500244077",,A,2878682,17965,858,2,4023,-1,20250930,99991231,1,1,20260316
2946706,"8914064946","8914064946","1001177",TND,"1010","2017-02-15 00:00:00.0","2017-02-15 00:00:00.0",,"11112.01","8914064946","124",,,,,,,AC11100,"08032012042004652402",,A,2878682,940990,858,2,3803,-1,20250930,99991231,1,1,20260316
3055680,"8915997277","8915997277","1001177",TND,"3439","2017-12-21 00:00:00.0","2017-12-21 00:00:00.0",,"11180.01","8915997277","124",,,,,,,AC43900,,,A,2878682,940990,859,2,4854,0,20250930,99991231,1,1,20260316
2946705,"8914064938","8914064938","1001178",TND,"6003","2017-02-15 00:00:00.0","2017-02-15 00:00:00.0",,"11119.01","8914064938","213",,,,,,,AC11100,"08059021034500231090",,A,2878682,945264,858,2,4023,-1,20250930,99991231,1,1,20260316
2447313,"8904459519","8904459519","100118",EUR,"1060","2002-06-13 00:00:00.0","2002-06-13 00:00:00.0",,"11119.01","8904459519","108",,,,,,,AC11100,"08005010085100578659",,A,2878682,300286,858,7,3464,-1,20250930,99991231,1,1,20260316
2450620,"8904477436","8904477436","100118",USD,"1060","2000-06-14 00:00:00.0","2000-06-14 00:00:00.0",,"11119.01","8904477436","108",,,,,,,AC11100,"08005010085100034295",,A,2878682,300286,858,18,3464,-1,20250930,99991231,1,1,20260316
2946709,"8914064989","8914064989","1001185",TND,"1010","2017-02-15 00:00:00.0","2017-02-15 00:00:00.0",,"11112.01","8914064989","124",,,,,,,AC11100,"08032012042004653275",,A,2878682,943372,858,2,3803,-1,20250930,99991231,1,1,20260316
3055681,"8915997288","8915997288","1001185",TND,"3439","2017-12-21 00:00:00.0","2017-12-21 00:00:00.0",,"11180.01","8915997288","124",,,,,,,AC43900,,,A,2878682,943372,859,2,4854,0,20250930,99991231,1,1,20260316
2942294,"8914065055","8914065055","1001186",TND,"1010","2017-02-15 00:00:00.0","2017-02-15 00:00:00.0",,"11112.01","8914065055","122",,,,,,,AC11100,"08030012022004703806",,A,2878682,943092,858,2,3803,-1,20250930,99991231,1,1,20260316
3183081,"8917177571","8917177571","1001186",TND,"3439","2018-09-03 00:00:00.0","2018-09-03 00:00:00.0",,"11180.01","8917177571","122",,,,,,,AC43900,,,A,2878682,943092,859,2,4854,0,20250930,99991231,1,1,20260316
3302991,"8923121607","8923121607","1001186",TND,"6500","2021-09-14 00:00:00.0","2021-09-14 00:00:00.0",,"11119.01","8923121607","122",,,,,,,AC11100,"08030012024006145255",,A,2878682,943092,858,2,4682,-1,20250930,99991231,1,1,20260316
2452949,"8904485738","8904485738","100119",TNC,"1100","2004-10-06 00:00:00.0","2004-10-06 00:00:00.0",,"11119.01","8904485738","108",,,,,,,AC11100,"08005010085400101370",,A,2878682,306519,858,21,4670,-1,20250930,99991231,1,1,20260316
3528360,"8923487736","8923487736","1001190",TND,"3439","2021-12-09 00:00:00.0","2021-12-09 00:00:00.0",,"11180.01","8923487736","237",,,,,,,AC43900,,,A,2878682,946814,859,2,4854,0,20250930,99991231,1,1,20260316
3653358,"8926010795","8926010795","1001190",TND,"6500","2024-01-31 00:00:00.0","2024-01-31 00:00:00.0",,"11119.01","8926010795","237",,,,,,,AC11100,"08080023074002136886",,A,2878682,946814,858,2,4682,-1,20250930,99991231,1,1,20260316
2942296,"8914065098","8914065098","1001191",TND,"1010","2017-02-15 00:00:00.0","2017-02-15 00:00:00.0",,"11112.01","8914065098","139",,,,,,,AC11100,"08045013092004257120",,A,2878682,944203,858,2,3803,-1,20250930,99991231,1,1,20260316
3563878,"8926540387","8926540387","1001191",TND,"3439","2024-07-22 00:00:00.0","2024-07-22 00:00:00.0",,"11180.01","8926540387","139",,,,,,,AC43900,,,A,2878682,944203,859,2,4854,0,20250930,99991231,1,1,20260316
3195743,"8917204579","8917204579","1001192",TND,"3439","2018-09-07 00:00:00.0","2018-09-07 00:00:00.0",,"11180.01","8917204579","108",,,,,,,AC43900,,,A,2878682,947919,859,2,4854,0,20250930,99991231,1,1,20260316
3397207,"8925348806","8925348806","1001192",TND,"3992","2023-07-27 00:00:00.0","2023-07-27 00:00:00.0",,,"8925348806","108",,,,,,,AC11100,,,,0,947919,858,2,5528,0,20250930,99991231,1,1,20260316
2946922,"8914106797","8914106797","1001193",TND,"3439","2017-02-22 00:00:00.0","2017-02-22 00:00:00.0",,"11180.01","8914106797","1",,,,,,,AC43900,,,A,2878682,947657,859,2,4854,0,20250930,99991231,1,1,20260316
3052184,"8916194936","8916194936","1001193",TND,"6500","2018-01-25 00:00:00.0","2018-01-25 00:00:00.0",,"11119.01","8916194936","1",,,,,,,AC11100,"08301000014095498548",,A,2878682,947657,858,2,4682,-1,20250930,99991231,1,1,20260316
2942299,"8914065144","8914065144","1001194",TND,"6500","2017-02-15 00:00:00.0","2017-02-15 00:00:00.0",,"11119.01","8914065144","8",,,,,,,AC11100,"08309000084002122056",,A,2878682,948224,858,2,4682,-1,20250930,99991231,1,1,20260316
164473,LD1726914866,LD1726914866,"1001195",TND,"21062","2017-09-26 00:00:00.0","2017-09-26 00:00:00.0","2030-10-05 00:00:00.0","55172.01","8914065117","52","21",,"2.75",null,null,,,,"40800",CRP1709530740.T01,-1,945979,0,2,3977,0,20250930,99991231,1,1,20260316
364729,LD2035034325,LD2035034325,"1001195",TND,"21062","2020-12-01 00:00:00.0","2020-12-01 00:00:00.0","2031-01-05 00:00:00.0","5800.01","8914065117","52","28",,"2.75",null,null,,,,"1531.138",,0,945979,0,2,3977,0,20250930,99991231,1,1,20260316
261995,LD2129229097,LD2129229097,"1001195",TND,"21062","2021-10-19 00:00:00.0","2021-10-19 00:00:00.0","2036-10-17 00:00:00.0","55173.01","8914065117","52","29",,"2.75",null,null,,,,"14000",CRP2123872100.T01,-1,945979,0,2,3977,0,20250930,99991231,1,1,20260316
2205671,PDLD1726914866,LD1726914866,"1001195",TND,"21062","2018-04-05 00:00:00.0","2018-04-05 00:00:00.0","2030-10-05 00:00:00.0","9998.01","8914065117","52","21",,"5",,"5",,NP72101,,,,0,945979,51,2,3977,0,20250930,99991231,1,1,20260325
2204382,PDLD2129229097,LD2129229097,"1001195",TND,"21062","2022-02-17 00:00:00.0","2022-02-17 00:00:00.0","2036-10-17 00:00:00.0","9997.01","8914065117","52","21",,"5",,"5",,NP72401,,,,0,945979,180,2,3977,0,20250930,99991231,1,1,20260325
2942297,"8914065117","8914065117","1001195",TND,"1010","2017-02-15 00:00:00.0","2017-02-15 00:00:00.0",,"11112.01","8914065117","52",,,,,,,AC11100,"08203000522010054779",,A,2878682,945979,858,2,3803,-1,20250930,99991231,1,1,20260316
3087146,"8914271402","8914271402","1001195",TND,"3439","2017-03-23 00:00:00.0","2017-03-23 00:00:00.0",,"11180.01","8914271402","52",,,,,,,AC43900,,,A,2878682,945979,859,2,4854,0,20250930,99991231,1,1,20260316
2942300,"8914065152","8914065152","1001197",TND,"6500","2017-02-15 00:00:00.0","2017-02-15 00:00:00.0",,"11119.01","8914065152","257",,,,,,,AC11100,"08089025074001496666",,A,2878682,955466,858,2,4682,-1,20250930,99991231,1,1,20260316
150796,MG2514000383,MG2514000383,"10012",TND,"25001","2025-05-20 00:00:00.0","2025-05-20 00:00:00.0","2028-06-29 00:00:00.0","55103.01","8900711566","16",,"13.791",,"7.5","4.75","12.25",TF49103,"90251400038300890263","8000.000",DC2514000167,-1,76072,644,2,3863,108862,20250930,99991231,1,1,20260316
2259987,"8900711566","8900711566","10012",TND,"1010","2010-04-26 00:00:00.0","2010-04-26 00:00:00.0",,"11112.01","8900711566","16",,,,,,,AC11100,"08902000162005438734",,A,2878682,76072,858,2,3803,-1,20250930,99991231,1,1,20260316
2584868,"8907698228","8907698228","10012",TND,"3439","2013-11-11 00:00:00.0","2013-11-11 00:00:00.0",,"11180.01","8907698228","16",,,,,,,AC43900,,,A,2878682,76072,859,2,4854,0,20250930,99991231,1,1,20260316
2942298,"8914065136","8914065136","1001202",TND,"6500","2017-02-15 00:00:00.0","2017-02-15 00:00:00.0",,"11119.01","8914065136","257",,,,,,,AC11100,"08089025074001495890",,A,2878682,941620,858,2,4682,-1,20250930,99991231,1,1,20260316
2942301,"8914065168","8914065168","1001203",TND,"6500","2017-02-15 00:00:00.0","2017-02-15 00:00:00.0",,"11119.01","8914065168","10",,,,,,,AC11100,"08605000104013584320",,A,2878682,945860,858,2,4682,-1,20250930,99991231,1,1,20260316
2942302,"8914065179","8914065179","1001204",TND,"1010","2017-02-15 00:00:00.0","2017-02-15 00:00:00.0",,"11112.01","8914065179","215",,,,,,,AC11100,"08060021052001962094",,A,2878682,947359,858,2,3803,-1,20250930,99991231,1,1,20260316
2943394,"8914065397","8914065397","1001206",TND,"6003","2017-02-15 00:00:00.0","2017-02-15 00:00:00.0",,"11119.01","8914065397","276",,,,,,,AC11100,"08097027064500097595",,A,2878682,941902,858,2,4023,-1,20250930,99991231,1,1,20260316
149746,MG2230600218,MG2230600218,"1001207",TND,"25007","2022-11-03 00:00:00.0","2022-11-03 00:00:00.0","2027-12-30 00:00:00.0","55159.01","8914065233","72",,"10.312",,"7.23","2.50","9.73",TF57701,"90223060021800810338","5000.000",DC2230400196,-1,940863,676,2,4914,147331,20250930,99991231,1,1,20260316
125926,MG2301600339,MG2301600339,"1001207",TND,"25007","2023-01-16 00:00:00.0","2023-01-16 00:00:00.0","2028-01-28 00:00:00.0","55159.01","8914065233","72",,"10.322",,"7.26","2.50","9.76",TF57701,"90230160033900810354","4000.000",DC2301300079,-1,940863,676,2,4914,107089,20250930,99991231,1,1,20260316
133692,MG2313900240,MG2313900240,"1001207",TND,"25007","2023-05-19 00:00:00.0","2023-05-19 00:00:00.0","2028-06-30 00:00:00.0","55159.01","8914065233","72",,"11.116",,"8.01","2.50","10.51",TF57701,"90231390024000810320","26000.000",DC2313500020,-1,940863,676,2,4914,14802,20250930,99991231,1,1,20260316
2101042,PDMG2230600218,MG2230600218,"1001207",TND,"25007","2022-12-30 00:00:00.0","2022-12-30 00:00:00.0","2027-12-30 00:00:00.0","9997.01","8914065233","72","21",,"5",,"5",,TF57701,,,,0,940863,676,2,4914,0,20250930,99991231,1,1,20260325
2185636,PDMG2301600339,MG2301600339,"1001207",TND,"25007","2023-01-27 00:00:00.0","2023-01-27 00:00:00.0","2028-01-28 00:00:00.0","9997.01","8914065233","72","21",,"5",,"5",,TF57701,,,,0,940863,676,2,4914,0,20250930,99991231,1,1,20260325
2181809,PDMG2313900240,MG2313900240,"1001207",TND,"25007","2023-06-30 00:00:00.0","2023-06-30 00:00:00.0","2028-06-30 00:00:00.0","9997.01","8914065233","72","21",,"5",,"5",,TF57701,,,,0,940863,676,2,4914,0,20250930,99991231,1,1,20260325
2942305,"8914065233","8914065233","1001207",TND,"1010","2017-02-15 00:00:00.0","2017-02-15 00:00:00.0",,"11112.01","8914065233","72",,,,,,,AC11100,"08103000722012058342",,A,2878682,940863,858,2,3803,-1,20250930,99991231,1,1,20260316
2989672,"8915745963","8915745963","1001207",TND,"3439","2017-11-08 00:00:00.0","2017-11-08 00:00:00.0",,"11180.01","8915745963","72",,,,,,,AC43900,,,A,2878682,940863,859,2,4854,0,20250930,99991231,1,1,20260316
2943392,"8914065373","8914065373","1001210",TND,"6500","2017-02-15 00:00:00.0","2017-02-15 00:00:00.0",,"11119.01","8914065373","277",,,,,,,AC11100,"08099027074001160787",,A,2878682,946380,858,2,4682,-1,20250930,99991231,1,1,20260316
2943398,"8914065446","8914065446","1001212",TND,"6003","2017-02-15 00:00:00.0","2017-02-15 00:00:00.0",,"11119.01","8914065446","276",,,,,,,AC11100,"08097027064500098371",,A,2878682,947628,858,2,4023,-1,20250930,99991231,1,1,20260316
2942307,"8914065276","8914065276","1001214",TND,"1010","2017-02-15 00:00:00.0","2017-02-15 00:00:00.0",,"11112.01","8914065276","124",,,,,,,AC11100,"08032012042004654051",,A,2878682,943787,858,2,3803,-1,20250930,99991231,1,1,20260316
2951222,"8914076553","8914076553","1001214",TND,"3439","2017-02-16 00:00:00.0","2017-02-16 00:00:00.0",,"11180.01","8914076553","124",,,,,,,AC43900,,,A,2878682,943787,859,2,4854,0,20250930,99991231,1,1,20260316
303869,LD1723697196,LD1723697196,"1001215",TND,"21062","2017-08-24 00:00:00.0","2017-08-24 00:00:00.0","2032-08-22 00:00:00.0","55173.01","8916715685","102","21",,"2.25",null,null,,,,"50000",CRP1706929683.T01,-1,943275,0,2,3977,0,20250930,99991231,1,1,20260316
173694,LD1732883083,LD1732883083,"1001215",TND,"21062","2017-11-24 00:00:00.0","2017-11-24 00:00:00.0","2032-08-22 00:00:00.0","55173.01","8916715685","102","21",,"2.25",null,null,,,,"50000",CRP1706929683.T02,-1,943275,0,2,3977,0,20250930,99991231,1,1,20260316
232471,LD1821273292,LD1821273292,"1001215",TND,"21062","2018-07-31 00:00:00.0","2018-07-31 00:00:00.0","2033-07-30 00:00:00.0","55173.01","8916715685","102","29",,"2.25",null,null,,,,"35000",CRP1814944989.T02,-1,943275,0,2,3977,0,20250930,99991231,1,1,20260316
362133,LD2034927755,LD2034927755,"1001215",TND,"21062","2020-12-01 00:00:00.0","2020-12-01 00:00:00.0","2033-10-30 00:00:00.0","5800.01","8916715685","102","28",,"2.25",null,null,,,,"1163.992",,0,943275,0,2,3977,0,20250930,99991231,1,1,20260316
360011,LD2034971469,LD2034971469,"1001215",TND,"21062","2020-12-01 00:00:00.0","2020-12-01 00:00:00.0","2032-11-22 00:00:00.0","5800.01","8916715685","102","28",,"2.25",null,null,,,,"1705.116",,0,943275,0,2,3977,0,20250930,99991231,1,1,20260316
365817,LD2034984085,LD2034984085,"1001215",TND,"21062","2020-12-01 00:00:00.0","2020-12-01 00:00:00.0","2032-11-22 00:00:00.0","5800.01","8916715685","102","28",,"2.25",null,null,,,,"1702.133",,0,943275,0,2,3977,0,20250930,99991231,1,1,20260316
34795,MG2120800164,MG2120800164,"1001215",TND,"25005","2021-07-27 00:00:00.0","2021-07-27 00:00:00.0","2026-08-27 00:00:00.0","55133.01","8916715685","102","21","8.8473","2.25","6.26","2.25","9.75",NP54801,"90212080016400811006","29300.000",DC2120800066,-1,943275,818,2,4913,75504,20250930,99991231,1,1,20260316
2202534,PDLD1723697196,LD1723697196,"1001215",TND,"21062","2018-05-22 00:00:00.0","2018-05-22 00:00:00.0","2032-08-22 00:00:00.0","9998.01","8916715685","102","21",,"5",,"5",,NP72402,,,,0,943275,181,2,3977,0,20250930,99991231,1,1,20260325
2213589,PDLD1732883083,LD1732883083,"1001215",TND,"21062","2018-05-22 00:00:00.0","2018-05-22 00:00:00.0","2032-08-22 00:00:00.0","9998.01","8916715685","102","21",,"5",,"5",,NP72402,,,,0,943275,181,2,3977,0,20250930,99991231,1,1,20260325
3093243,"8914376948","8914376948","1001215",TND,"3439","2017-04-11 00:00:00.0","2017-04-11 00:00:00.0",,"11180.01","8914376948","70",,,,,,,AC43900,,,A,2878682,943275,859,2,4854,0,20250930,99991231,1,1,20260316
2970578,"8916715685","8916715685","1001215",TND,"1010","2018-05-04 00:00:00.0","2018-05-04 00:00:00.0",,"11113.01","8916715685","102",,,,,,,AC11100,"08110010022005504824",,A,2878682,943275,858,2,3803,-1,20250930,99991231,1,1,20260316
3189691,"8917369896","8917369896","1001215",TND,"3439","2018-10-10 00:00:00.0","2018-10-10 00:00:00.0",,"11180.01","8917369896","102",,,,,,,AC43900,,,A,2878682,943275,859,2,4854,0,20250930,99991231,1,1,20260316
3433639,"8925023362","8925023362","1001216",TND,"6500","2023-04-03 00:00:00.0","2023-04-03 00:00:00.0",,"11119.01","8925023362","61",,,,,,,AC11100,"08003000614028485607",,A,2878682,941699,858,2,4682,-1,20250930,99991231,1,1,20260316
3432556,"8925033597","8925033597","1001216",TND,"3997","2023-04-06 00:00:00.0","2023-04-06 00:00:00.0",,"11119.01","8925033597","61",,,,,,,AC11100,,,A,2878682,941699,858,2,4100,0,20250930,99991231,1,1,20260316
3678573,"8925679578","8925679578","1001216",TND,"3089","2023-10-26 00:00:00.0","2023-10-26 00:00:00.0",,,"8925679578","61",,,,,,,AC11100,,,,0,941699,858,2,4847,0,20250930,99991231,1,1,20260316
3607717,"8926295285","8926295285","1001216",TND,"1010","2024-05-08 00:00:00.0","2024-05-08 00:00:00.0",,"11112.01","8926295285","61",,,,,,,AC11100,"08003000612074459116",,A,2878682,941699,858,2,3803,-1,20250930,99991231,1,1,20260316
2943393,"8914065381","8914065381","1001217",TND,"6500","2017-02-15 00:00:00.0","2017-02-15 00:00:00.0",,"11119.01","8914065381","212",,,,,,,AC11100,"08057021024001703706",,A,2878682,945451,858,2,4682,-1,20250930,99991231,1,1,20260316
2943395,"8914065403","8914065403","1001219",TND,"1010","2017-02-15 00:00:00.0","2017-02-15 00:00:00.0",,"11113.01","8914065403","116",,,,,,,AC11100,"08023011062006825074",,A,2878682,945763,858,2,3803,-1,20250930,99991231,1,1,20260316
3089556,"8914293309","8914293309","1001219",TND,"3439","2017-03-27 00:00:00.0","2017-03-27 00:00:00.0",,"11180.01","8914293309","116",,,,,,,AC43900,,,A,2878682,945763,859,2,4854,0,20250930,99991231,1,1,20260316
3081273,"8915335129","8915335129","1001219",TND,"6500","2017-09-05 00:00:00.0","2017-09-05 00:00:00.0",,"11119.01","8915335129","116",,,,,,,AC11100,"08023011064006377739",,A,2878682,945763,858,2,4682,-1,20250930,99991231,1,1,20260316
2947848,"8914066922","8914066922","1001220",TND,"6500","2017-02-15 00:00:00.0","2017-02-15 00:00:00.0",,"11119.01","8914066922","225",,,,,,,AC11100,"08069022054001870779",,A,2878682,942992,858,2,4682,-1,20250930,99991231,1,1,20260316
2943397,"8914065427","8914065427","1001221",TND,"6500","2017-02-15 00:00:00.0","2017-02-15 00:00:00.0",,"11119.01","8914065427","76",,,,,,,AC11100,"08106000764024730993",,A,2878682,945289,858,2,4682,-1,20250930,99991231,1,1,20260316
2943399,"8914065454","8914065454","1001223",TND,"6500","2017-02-15 00:00:00.0","2017-02-15 00:00:00.0",,"11119.01","8914065454","29",,,,,,,AC11100,"08509000294005391112",,A,2878682,945971,858,2,4682,-1,20250930,99991231,1,1,20260316
2943402,"8914065519","8914065519","1001225",TND,"6500","2017-02-15 00:00:00.0","2017-02-15 00:00:00.0",,"11119.01","8914065519","237",,,,,,,AC11100,"08080023074001059507",,A,2878682,947955,858,2,4682,-1,20250930,99991231,1,1,20260316
2943400,"8914065462","8914065462","1001226",TND,"1010","2017-02-15 00:00:00.0","2017-02-15 00:00:00.0",,"11112.01","8914065462","215",,,,,,,AC11100,"08060021052001963937",,A,2878682,945815,858,2,3803,-1,20250930,99991231,1,1,20260316
3096975,"8914483687","8914483687","1001226",TND,"1010","2017-04-28 00:00:00.0","2017-04-28 00:00:00.0",,"11112.01","8914483687","239",,,,,,,AC11100,"08083023092001496327",,A,2878682,945815,858,2,3803,-1,20250930,99991231,1,1,20260316
3000215,"8916445297","8916445297","1001226",TND,"3439","2018-03-08 00:00:00.0","2018-03-08 00:00:00.0",,"11180.01","8916445297","239",,,,,,,AC43900,,,A,2878682,945815,859,2,4854,0,20250930,99991231,1,1,20260316
2943401,"8914065508","8914065508","1001228",TND,"6500","2017-02-15 00:00:00.0","2017-02-15 00:00:00.0",,"11119.01","8914065508","273",,,,,,,AC11100,"08095027034001818144",,A,2878682,944856,858,2,4682,-1,20250930,99991231,1,1,20260316
146006,MG2411000426,MG2411000426,"1001229",TND,"25007","2024-04-19 00:00:00.0","2024-04-19 00:00:00.0","2029-06-30 00:00:00.0","55159.01","8916506636","10",,"11.072",,"7.96","2.5","10.46",TF57701,"90241100042600860520","25000.000",DC2410900155,-1,943317,676,2,4914,135372,20250930,99991231,1,1,20260316
2165200,PDMG2411000426,MG2411000426,"1001229",TND,"25007","2024-07-30 00:00:00.0","2024-07-30 00:00:00.0","2029-06-30 00:00:00.0","9997.01","8916506636","10","21",,"5",,"5",,TF57701,,,,0,943317,676,2,4914,0,20250930,99991231,1,1,20260325
2952538,"8914123977","8914123977","1001229",TND,"3439","2017-02-24 00:00:00.0","2017-02-24 00:00:00.0",,"11180.01","8914123977","1",,,,,,,AC43900,,,A,2878682,943317,859,2,4854,0,20250930,99991231,1,1,20260316
3005586,"8916506636","8916506636","1001229",TND,"1010","2018-03-21 00:00:00.0","2018-03-21 00:00:00.0",,"11112.01","8916506636","10",,,,,,,AC11100,"08605000102011324094",,A,2878682,943317,858,2,3803,-1,20250930,99991231,1,1,20260316
2972893,"8916732784","8916732784","1001229",TND,"3439","2018-05-09 00:00:00.0","2018-05-09 00:00:00.0",,"11180.01","8916732784","10",,,,,,,AC43900,,,A,2878682,943317,859,2,4854,0,20250930,99991231,1,1,20260316
2947847,"8914066906","8914066906","1001230",TND,"6500","2017-02-15 00:00:00.0","2017-02-15 00:00:00.0",,"11119.01","8914066906","225",,,,,,,AC11100,"08069022054001869324",,A,2878682,941802,858,2,4682,-1,20250930,99991231,1,1,20260316
83666,MG2422000202,MG2422000202,"1001231",TND,"25007","2024-08-07 00:00:00.0","2024-08-07 00:00:00.0","2029-10-05 00:00:00.0","55159.01","8914065551","313",,"11.347",,"7.98","2.75","10.73",TF57701,"90242200020200814061","30000.000",DC2419300154,-1,945485,676,2,4914,138379,20250930,99991231,1,1,20260316
2943404,"8914065551","8914065551","1001231",TND,"1010","2017-02-15 00:00:00.0","2017-02-15 00:00:00.0",,"11112.01","8914065551","313",,,,,,,AC11100,"08140031032000315591",,A,2878682,945485,858,2,3803,-1,20250930,99991231,1,1,20260316
2954751,"8914126852","8914126852","1001231",TND,"3439","2017-02-24 00:00:00.0","2017-02-24 00:00:00.0",,"11180.01","8914126852","313",,,,,,,AC43900,,,A,2878682,945485,859,2,4854,0,20250930,99991231,1,1,20260316
3681076,"8925501067","8925501067","1001231",TND,"6500","2023-09-08 00:00:00.0","2023-09-08 00:00:00.0",,"11119.01","8925501067","313",,,,,,,AC11100,"08140031034001190172",,A,2878682,945485,858,2,4682,-1,20250930,99991231,1,1,20260316
66356,MG2214400416,MG2214400416,"1001232",TND,"25007","2022-05-24 00:00:00.0","2022-05-24 00:00:00.0","2027-07-23 00:00:00.0","55159.01","8914066701","1",,"8.8734",,"6.26","2.25","8.51",TF57701,"90221440041600830195","20000.000",DC2214400114,-1,947900,676,2,4914,21588,20250930,99991231,1,1,20260316
2210242,PDMG2214400416,MG2214400416,"1001232",TND,"25007","2022-08-23 00:00:00.0","2022-08-23 00:00:00.0","2027-07-23 00:00:00.0","9997.01","8914066701","1","21",,"5",,"5",,TF57701,,,,0,947900,676,2,4914,0,20250930,99991231,1,1,20260325
2947837,"8914066701","8914066701","1001232",TND,"1010","2017-02-15 00:00:00.0","2017-02-15 00:00:00.0",,"11112.01","8914066701","1",,,,,,,AC11100,"08301000012009386090",,A,2878682,947900,858,2,3803,-1,20250930,99991231,1,1,20260316
2942715,"8914123969","8914123969","1001232",TND,"3439","2017-02-24 00:00:00.0","2017-02-24 00:00:00.0",,"11180.01","8914123969","1",,,,,,,AC43900,,,A,2878682,947900,859,2,4854,0,20250930,99991231,1,1,20260316
3216841,"8917628492","8917628492","1001232",TND,"6500","2018-11-29 00:00:00.0","2018-11-29 00:00:00.0",,"11119.01","8917628492","1",,,,,,,AC11100,"08301000014095944845",,A,2878682,947900,858,2,4682,-1,20250930,99991231,1,1,20260316
2943406,"8914065578","8914065578","1001234",TND,"6500","2017-02-15 00:00:00.0","2017-02-15 00:00:00.0",,"11119.01","8914065578","56",,,,,,,AC11100,"08205000564003874070",,A,2878682,946876,858,2,4682,-1,20250930,99991231,1,1,20260316
2943403,"8914065543","8914065543","1001238",TND,"6500","2017-02-15 00:00:00.0","2017-02-15 00:00:00.0",,"11119.01","8914065543","139",,,,,,,AC11100,"08045013094004276452",,A,2878682,947666,858,2,4682,-1,20250930,99991231,1,1,20260316
2943405,"8914065567","8914065567","1001240",TND,"1010","2017-02-15 00:00:00.0","2017-02-15 00:00:00.0",,"11112.01","8914065567","301",,,,,,,AC11100,"08130030012000281754",,A,2878682,953816,858,2,3803,-1,20250930,99991231,1,1,20260316
2944494,"8914065691","8914065691","1001246",USD,"1060","2017-02-15 00:00:00.0","2017-02-15 00:00:00.0",,"11119.01","8914065691","74",,,,,,,AC11100,"08104000745100783609",,A,2878682,946342,858,18,3464,-1,20250930,99991231,1,1,20260316
3078983,"8915250921","8915250921","1001246",USD,"3981","2017-08-18 00:00:00.0","2017-08-18 00:00:00.0",,"11119.01","8915250921","74",,,,,,,AC11100,,,A,2878682,946342,858,18,5380,0,20250930,99991231,1,1,20260316
2944501,"8914065788","8914065788","1001247",TND,"1010","2017-02-15 00:00:00.0","2017-02-15 00:00:00.0",,"11112.01","8914065788","20",,,,,,,AC11100,"08500000202029052072",,A,2878682,947991,858,2,3803,-1,20250930,99991231,1,1,20260316
2950153,"8914082693","8914082693","1001247",TND,"6505","2017-02-17 00:00:00.0","2017-02-17 00:00:00.0",,"11119.01","8914082693","20",,,,,,,AC11100,"08500000204301520930",,A,2878682,947991,858,2,4706,-1,20250930,99991231,1,1,20260316
2449556,"8904424359","8904424359","100125",TND,"1010","2004-02-19 00:00:00.0","2004-02-19 00:00:00.0",,"11112.01","8904424359","108",,,,,,,AC11100,"08005010082012252016",,A,2878682,386620,858,2,3803,-1,20250930,99991231,1,1,20260316
2447072,"8904463157","8904463157","100125",TND,"6500","2011-04-07 00:00:00.0","2011-04-07 00:00:00.0",,"11119.01","8904463157","108",,,,,,,AC11100,"08005010084010130946",,A,2878682,386620,858,2,4682,-1,20250930,99991231,1,1,20260316
2944499,"8914065764","8914065764","1001254",TND,"1010","2017-02-15 00:00:00.0","2017-02-15 00:00:00.0",,"11112.01","8914065764","274",,,,,,,AC11100,"08094027042000870518",,A,2878682,569054,858,2,3803,-1,20250930,99991231,1,1,20260316
3113284,"8919364182","8919364182","1001254",TND,"6500","2020-01-08 00:00:00.0","2020-01-08 00:00:00.0",,"11119.01","8919364182","274",,,,,,,AC11100,"08094027044001415978",,A,2878682,569054,858,2,4682,-1,20250930,99991231,1,1,20260316
3079419,"8915141178","8915141178","1001255",TND,"1010","2017-07-26 00:00:00.0","2017-07-26 00:00:00.0",,"11113.01","8915141178","224",,,,,,,AC11100,"08067022042002796657",,A,2878682,939701,858,2,3803,-1,20250930,99991231,1,1,20260316
3071920,"8915231757","8915231757","1001255",TND,"3439","2017-08-15 00:00:00.0","2017-08-15 00:00:00.0",,"11180.01","8915231757","224",,,,,,,AC43900,,,A,2878682,939701,859,2,4854,0,20250930,99991231,1,1,20260316
3656579,"8925998584","8925998584","1001255",TND,"1019","2024-01-29 00:00:00.0","2024-01-29 00:00:00.0",,"11119.01","8925998584","224",,,,,,,AC11100,"08067022041302796933",,A,2878682,939701,858,2,4677,-1,20250930,99991231,1,1,20260316
2944495,"8914065705","8914065705","1001256",TND,"1010","2017-02-15 00:00:00.0","2017-02-15 00:00:00.0",,"11112.01","8914065705","11",,,,,,,AC11100,"08606000112004249887",,A,2878682,943716,858,2,3803,-1,20250930,99991231,1,1,20260316
2944496,"8914065713","8914065713","1001257",TND,"1010","2017-02-15 00:00:00.0","2017-02-15 00:00:00.0",,"11112.01","8914065713","49",,,,,,,AC11100,"08800000492006632770",,A,2878682,943340,858,2,3803,-1,20250930,99991231,1,1,20260316
148816,MG2021700094,MG2021700094,"1001258",TND,"25007","2020-08-12 00:00:00.0","2020-08-12 00:00:00.0","2025-09-18 00:00:00.0","55159.01","8914066434","1","21","9.4209","2.25","6.82","2.25","9.75",NP57701,"90202170009400830183","21000.000",DC2021600058,-1,937210,826,2,4914,103453,20250930,99991231,1,1,20260316
2119317,PDMG2021700094,MG2021700094,"1001258",TND,"25007","2021-03-18 00:00:00.0","2021-03-18 00:00:00.0","2025-09-18 00:00:00.0","9997.01","8914066434","1","21",,"5",,"5",,NP57701,,,,0,937210,826,2,4914,0,20250930,99991231,1,1,20260325
2946720,"8914066434","8914066434","1001258",TND,"1010","2017-02-15 00:00:00.0","2017-02-15 00:00:00.0",,"11140.01","8914066434","1",,,,,,,AC11100,"08301000012009383568",,A,2878682,937210,858,2,3803,-1,20250930,99991231,1,1,20260316
2943412,"8914067341","8914067341","1001258",TND,"6004","2017-02-15 00:00:00.0","2017-02-15 00:00:00.0",,"11140.01","8914067341","1",,,,,,,AC11100,"08301000014109383516",,A,2878682,937210,858,2,3614,-1,20250930,99991231,1,1,20260316
2943881,"8914135479","8914135479","1001258",TND,"3439","2017-02-27 00:00:00.0","2017-02-27 00:00:00.0",,"11180.01","8914135479","1",,,,,,,AC43900,,,A,2878682,937210,859,2,4854,0,20250930,99991231,1,1,20260316
148353,MG2520500245,MG2520500245,"100126",TND,"25007","2025-07-24 00:00:00.0","2025-07-24 00:00:00.0","2030-08-28 00:00:00.0","55171.01","8904427366","108",,"10.197",,"7.5","2.50","10",TF57799,"90252050024500800556","50000.000",DC2520300232,-1,292549,677,2,4914,166412,20250930,99991231,1,1,20260316
2102175,PDMG2520500245,MG2520500245,"100126",TND,"25007","2025-09-26 00:00:00.0","2025-09-26 00:00:00.0","2030-08-28 00:00:00.0","9997.00",,"108","21",,"5",,"5",,TF57799,,,,0,292549,677,2,4914,0,20250930,99991231,1,1,20260325
2447473,"8904427366","8904427366","100126",TND,"1010","2005-02-18 00:00:00.0","2005-02-18 00:00:00.0",,"11113.01","8904427366","108",,,,,,,AC11100,"08005010082012783285",,A,2878682,292549,858,2,3803,-1,20250930,99991231,1,1,20260316
2449175,"8904471648","8904471648","100126",TND,"6500","2010-12-27 00:00:00.0","2010-12-27 00:00:00.0",,"11119.01","8904471648","108",,,,,,,AC11100,"08005010084009983506",,A,2878682,292549,858,2,4682,-1,20250930,99991231,1,1,20260316
2627793,"8908015666","8908015666","100126",TND,"3439","2013-11-11 00:00:00.0","2013-11-11 00:00:00.0",,"11180.01","8908015666","108",,,,,,,AC43900,,,A,2878682,292549,859,2,4854,0,20250930,99991231,1,1,20260316
2944500,"8914065772","8914065772","1001261",TND,"1010","2017-02-15 00:00:00.0","2017-02-15 00:00:00.0",,"11112.01","8914065772","277",,,,,,,AC11100,"08099027072001028062",,A,2878682,948157,858,2,3803,-1,20250930,99991231,1,1,20260316
2944502,"8914065799","8914065799","1001263",TND,"6500","2017-02-15 00:00:00.0","2017-02-15 00:00:00.0",,"11119.01","8914065799","304",,,,,,,AC11100,"08132030044001444964",,A,2878682,948245,858,2,4682,-1,20250930,99991231,1,1,20260316
134579,MG2308300284,MG2308300284,"1001264",TND,"25007","2023-03-24 00:00:00.0","2023-03-24 00:00:00.0","2028-05-02 00:00:00.0","55159.01","8914065861","213",,"10.511",,"8.02","2","10.02",TF57701,"90230830028400805947","32000.000",DC2308300093,-1,931432,676,2,4914,66008,20250930,99991231,1,1,20260316
67655,MG2406600428,MG2406600428,"1001264",TND,"25007","2024-03-06 00:00:00.0","2024-03-06 00:00:00.0","2029-04-04 00:00:00.0","55159.01","8914065861","213",,"10.44",,"7.97","2","9.97",TF57701,"90240660042800805922","8000.000",DC2406500125,-1,931432,676,2,4914,151735,20250930,99991231,1,1,20260316
2194161,PDMG2308300284,MG2308300284,"1001264",TND,"25007","2023-05-02 00:00:00.0","2023-05-02 00:00:00.0","2028-05-02 00:00:00.0","9997.01","8914065861","213","21",,"5",,"5",,TF57701,,,,0,931432,676,2,4914,0,20250930,99991231,1,1,20260325
2207849,PDMG2406600428,MG2406600428,"1001264",TND,"25007","2024-04-04 00:00:00.0","2024-04-04 00:00:00.0","2029-04-04 00:00:00.0","9997.01","8914065861","213","21",,"5",,"5",,TF57701,,,,0,931432,676,2,4914,0,20250930,99991231,1,1,20260325
2944505,"8914065861","8914065861","1001264",TND,"1010","2017-02-15 00:00:00.0","2017-02-15 00:00:00.0",,"11113.01","8914065861","213",,,,,,,AC11100,"08059021032001202824",,A,2878682,931432,858,2,3803,-1,20250930,99991231,1,1,20260316
3029459,"8915672637","8915672637","1001264",TND,"3439","2017-10-26 00:00:00.0","2017-10-26 00:00:00.0",,"11180.01","8915672637","213",,,,,,,AC43900,,,A,2878682,931432,859,2,4854,0,20250930,99991231,1,1,20260316
2944504,"8914065853","8914065853","1001265",TND,"6500","2017-02-15 00:00:00.0","2017-02-15 00:00:00.0",,"11119.01","8914065853","238",,,,,,,AC11100,"08081023084001953074",,A,2878682,1197357,858,2,4682,-1,20250930,99991231,1,1,20260316
3108852,"8919074249","8919074249","1001265",TND,"1000","2019-11-06 00:00:00.0","2019-11-06 00:00:00.0",,"11111.01","8919074249","238",,,,,,,AC11100,"08081023081000125405",,A,2878682,1197357,858,2,4133,-1,20250930,99991231,1,1,20260316
2944506,"8914065896","8914065896","1001267",TND,"6500","2017-02-15 00:00:00.0","2017-02-15 00:00:00.0",,"11119.01","8914065896","56",,,,,,,AC11100,"08205000564003875816",,A,2878682,946765,858,2,4682,-1,20250930,99991231,1,1,20260316
2942321,"8914067187","8914067187","1001268",TND,"6500","2017-02-15 00:00:00.0","2017-02-15 00:00:00.0",,"11119.01","8914067187","225",,,,,,,AC11100,"08069022054001874077",,A,2878682,941395,858,2,4682,-1,20250930,99991231,1,1,20260316
2946718,"8914066418","8914066418","1001269",TND,"1010","2017-02-15 00:00:00.0","2017-02-15 00:00:00.0",,"11140.01","8914066418","1",,,,,,,AC11100,"08301000012009382792",,A,2878682,946454,858,2,3803,-1,20250930,99991231,1,1,20260316
2943414,"8914067384","8914067384","1001269",TND,"6004","2017-02-15 00:00:00.0","2017-02-15 00:00:00.0",,"11140.01","8914067384","1",,,,,,,AC11100,"08301000014109382740",,A,2878682,946454,858,2,3614,-1,20250930,99991231,1,1,20260316
2953665,"8914135468","8914135468","1001269",TND,"3439","2017-02-27 00:00:00.0","2017-02-27 00:00:00.0",,"11180.01","8914135468","1",,,,,,,AC43900,,,A,2878682,946454,859,2,4854,0,20250930,99991231,1,1,20260316
2827776,"8911800099","8911800099","100127",TND,"1010","2016-01-06 00:00:00.0","2016-01-06 00:00:00.0",,"11112.01","8911800099","312",,,,,,,AC11100,"08141031022000019163",,A,2878682,307137,858,2,3803,-1,20250930,99991231,1,1,20260316
3453896,"8924249097","8924249097","1001273",USD,"1060","2022-07-28 00:00:00.0","2022-07-28 00:00:00.0",,"11119.01","8924249097","79",,,,,,,AC11100,"08108000795100232612",,A,2878682,944310,858,18,3464,-1,20250930,99991231,1,1,20260316
120725,MG2406400435,MG2406400435,"1001274",TND,"25007","2024-03-05 00:00:00.0","2024-03-05 00:00:00.0","2029-04-01 00:00:00.0","55159.01","8914066043","227",,"11.058",,"7.97","2.5","10.47",TF57701,"90240640043500807131","20000.000",DC2406400080,-1,944088,676,2,4914,153770,20250930,99991231,1,1,20260316
2114841,PDMG2406400435,MG2406400435,"1001274",TND,"25007","2024-08-01 00:00:00.0","2024-08-01 00:00:00.0","2029-04-01 00:00:00.0","9997.01","8914066043","227","21",,"5",,"5",,TF57701,,,,0,944088,676,2,4914,0,20250930,99991231,1,1,20260325
2945606,"8914066043","8914066043","1001274",TND,"1010","2017-02-15 00:00:00.0","2017-02-15 00:00:00.0",,"11112.01","8914066043","227",,,,,,,AC11100,"08071022072001829240",,A,2878682,944088,858,2,3803,-1,20250930,99991231,1,1,20260316
3040134,"8914725427","8914725427","1001274",TND,"6500","2017-06-12 00:00:00.0","2017-06-12 00:00:00.0",,"11119.01","8914725427","227",,,,,,,AC11100,"08071022074001170736",,A,2878682,944088,858,2,4682,-1,20250930,99991231,1,1,20260316
3316623,"8922311464","8922311464","1001274",TND,"3439","2020-12-31 00:00:00.0","2020-12-31 00:00:00.0",,"11180.01","8922311464","227",,,,,,,AC43900,,,A,2878682,944088,859,2,4854,0,20250930,99991231,1,1,20260316
106752,MG2417900376,MG2417900376,"1001276",TND,"25007","2024-06-28 00:00:00.0","2024-06-28 00:00:00.0","2029-08-26 00:00:00.0","55171.01","8914065977","222",,"13.055",,"7.97","4","11.97",TF57799,"90241790037600806693","24000.000",DC2417300069,-1,945419,677,2,4914,72165,20250930,99991231,1,1,20260316
2214459,PDMG2417900376,MG2417900376,"1001276",TND,"25007","2024-08-26 00:00:00.0","2024-08-26 00:00:00.0","2029-08-26 00:00:00.0","9997.01","8914065977","222","21",,"5",,"5",,TF57799,,,,0,945419,677,2,4914,0,20250930,99991231,1,1,20260325
2945603,"8914065977","8914065977","1001276",TND,"1010","2017-02-15 00:00:00.0","2017-02-15 00:00:00.0",,"11112.01","8914065977","222",,,,,,,AC11100,"08066022022004196413",,A,2878682,945419,858,2,3803,-1,20250930,99991231,1,1,20260316
2970611,"8916718722","8916718722","1001276",TND,"3439","2018-05-07 00:00:00.0","2018-05-07 00:00:00.0",,"11180.01","8916718722","222",,,,,,,AC43900,,,A,2878682,945419,859,2,4854,0,20250930,99991231,1,1,20260316
2971162,"8916763717","8916763717","1001276",TND,"6500","2018-05-16 00:00:00.0","2018-05-16 00:00:00.0",,"11119.01","8916763717","222",,,,,,,AC11100,"08066022024003545669",,A,2878682,945419,858,2,4682,-1,20250930,99991231,1,1,20260316
2945612,"8914066124","8914066124","1001277",TND,"6500","2017-02-15 00:00:00.0","2017-02-15 00:00:00.0",,"11119.01","8914066124","16",,,,,,,AC11100,"08902000164008382034",,A,2878682,941114,858,2,4682,-1,20250930,99991231,1,1,20260316
2945614,"8914066148","8914066148","1001280",TND,"6500","2017-02-15 00:00:00.0","2017-02-15 00:00:00.0",,"11119.01","8914066148","3",,,,,,,AC11100,"08109000034005149165",,A,2878682,944665,858,2,4682,-1,20250930,99991231,1,1,20260316
2945613,"8914066132","8914066132","1001284",TND,"6003","2017-02-15 00:00:00.0","2017-02-15 00:00:00.0",,"11119.01","8914066132","121",,,,,,,AC11100,"08027012014500278377",,A,2878682,940244,858,2,4023,-1,20250930,99991231,1,1,20260316
2945615,"8914066213","8914066213","1001285",TND,"6500","2017-02-15 00:00:00.0","2017-02-15 00:00:00.0",,"11119.01","8914066213","279",,,,,,,AC11100,"08098027094001231447",,A,2878682,945180,858,2,4682,-1,20250930,99991231,1,1,20260316
2954767,"8914135649","8914135649","1001287",TND,"3439","2017-02-27 00:00:00.0","2017-02-27 00:00:00.0",,"11180.01","8914135649","112",,,,,,,AC43900,,,A,2878682,946968,859,2,4854,0,20250930,99991231,1,1,20260316
3050844,"8916154535","8916154535","1001287",TND,"6500","2018-01-18 00:00:00.0","2018-01-18 00:00:00.0",,"11119.01","8916154535","112",,,,,,,AC11100,"08019011024004567222",,A,2878682,946968,858,2,4682,-1,20250930,99991231,1,1,20260316
2946716,"8914066377","8914066377","1001289",TND,"6500","2017-02-15 00:00:00.0","2017-02-15 00:00:00.0",,"11119.01","8914066377","290",,,,,,,AC11100,"08129029094000449587",,A,2878682,942220,858,2,4682,-1,20250930,99991231,1,1,20260316
2446956,"8904432319","8904432319","100129",TND,"6500","1999-07-21 00:00:00.0","1999-07-21 00:00:00.0",,"11119.01","8904432319","108",,,,,,,AC11100,"08005010084006544274",,A,2878682,292553,858,2,4682,-1,20250930,99991231,1,1,20260316
2943411,"8914067333","8914067333","1001290",TND,"6500","2017-02-15 00:00:00.0","2017-02-15 00:00:00.0",,"11119.01","8914067333","225",,,,,,,AC11100,"08069022054001878248",,A,2878682,941108,858,2,4682,-1,20250930,99991231,1,1,20260316
2946711,"8914066288","8914066288","1001291",TND,"1010","2017-02-15 00:00:00.0","2017-02-15 00:00:00.0",,"11112.01","8914066288","314",,,,,,,AC11100,"08142031042000476084",,A,2878682,947992,858,2,3803,-1,20250930,99991231,1,1,20260316
2946712,"8914066302","8914066302","1001292",TND,"6500","2017-02-15 00:00:00.0","2017-02-15 00:00:00.0",,"11119.01","8914066302","237",,,,,,,AC11100,"08080023074001061738",,A,2878682,946421,858,2,4682,-1,20250930,99991231,1,1,20260316
2945618,"8914066264","8914066264","1001293",TND,"6500","2017-02-15 00:00:00.0","2017-02-15 00:00:00.0",,"11119.01","8914066264","136",,,,,,,AC11100,"08039013064002966981",,A,2878682,939728,858,2,4682,-1,20250930,99991231,1,1,20260316
2946715,"8914066337","8914066337","1001294",TND,"1010","2017-02-15 00:00:00.0","2017-02-15 00:00:00.0",,"11112.01","8914066337","10",,,,,,,AC11100,"08605000102010530149",,A,2878682,947387,858,2,3803,-1,20250930,99991231,1,1,20260316
2946722,"8914066485","8914066485","1001294",TND,"6500","2017-02-15 00:00:00.0","2017-02-15 00:00:00.0",,"11119.01","8914066485","10",,,,,,,AC11100,"08605000104013585193",,A,2878682,947387,858,2,4682,-1,20250930,99991231,1,1,20260316
2946719,"8914066426","8914066426","1001298",TND,"6500","2017-02-15 00:00:00.0","2017-02-15 00:00:00.0",,"11119.01","8914066426","3",,,,,,,AC11100,"08109000034005150523",,A,2878682,946030,858,2,4682,-1,20250930,99991231,1,1,20260316
2946725,"8914066547","8914066547","1001299",TND,"6500","2017-02-15 00:00:00.0","2017-02-15 00:00:00.0",,"11119.01","8914066547","42",,,,,,,AC11100,"08701000424024597923",,A,2878682,943194,858,2,4682,-1,20250930,99991231,1,1,20260316
2570606,"8907309577","8907309577","10013",TND,"6500","2013-08-26 00:00:00.0","2013-08-26 00:00:00.0",,"11119.01","8907309577","16",,,,,,,AC11100,"08902000164005667004",,A,2878682,61774,858,2,4682,-1,20250930,99991231,1,1,20260316
2614299,"8907727352","8907727352","10013",TND,"3439","2013-11-11 00:00:00.0","2013-11-11 00:00:00.0",,"11180.01","8907727352","16",,,,,,,AC43900,,,A,2878682,61774,859,2,4854,0,20250930,99991231,1,1,20260316
2712836,"8909965878","8909965878","10013",TND,"1019","2014-12-17 00:00:00.0","2014-12-17 00:00:00.0",,"11119.01","8909965878","16",,,,,,,AC11100,"08902000161305541636",,A,2878682,61774,858,2,4677,-1,20250930,99991231,1,1,20260316
2755880,"8910483774","8910483774","10013",TND,"6500","2015-04-02 00:00:00.0","2015-04-02 00:00:00.0",,"11119.01","8910483774","28",,,,,,,AC11100,"08303000284006495949",,A,2878682,61774,858,2,4682,-1,20250930,99991231,1,1,20260316
3351542,"8922791083","8922791083","10013",TND,"6505","2021-06-04 00:00:00.0","2021-06-04 00:00:00.0",,"11119.01","8922791083","16",,,,,,,AC11100,"08902000164305514374",,A,2878682,61774,858,2,4706,-1,20250930,99991231,1,1,20260316
41091,MG2333900484,MG2333900484,"1001301",TND,"25007","2023-12-06 00:00:00.0","2023-12-06 00:00:00.0","2029-01-03 00:00:00.0","55159.01","8914066671","26",,"13.27",,"7.99","4.75","12.74",TF57701,"90233390048400850703","15000.000",DC2333900068,-1,941074,676,2,4914,118077,20250930,99991231,1,1,20260316
2113910,PDMG2333900484,MG2333900484,"1001301",TND,"25007","2024-01-03 00:00:00.0","2024-01-03 00:00:00.0","2029-01-03 00:00:00.0","9997.01","8914066671","26","21",,"5",,"5",,TF57701,,,,0,941074,676,2,4914,0,20250930,99991231,1,1,20260325
2947836,"8914066671","8914066671","1001301",TND,"1010","2017-02-15 00:00:00.0","2017-02-15 00:00:00.0",,"11112.01","8914066671","26",,,,,,,AC11100,"08507000262005452915",,A,2878682,941074,858,2,3803,-1,20250930,99991231,1,1,20260316
3476983,"8923857711","8923857711","1001301",TND,"3439","2022-03-29 00:00:00.0","2022-03-29 00:00:00.0",,"11180.01","8923857711","26",,,,,,,AC43900,,,A,2878682,941074,859,2,4854,0,20250930,99991231,1,1,20260316
3625366,"8925831288","8925831288","1001301",TND,"6500","2023-12-07 00:00:00.0","2023-12-07 00:00:00.0",,"11119.01","8925831288","26",,,,,,,AC11100,"08507000264008912449",,A,2878682,941074,858,2,4682,-1,20250930,99991231,1,1,20260316
2944509,"8914067554","8914067554","1001304",TND,"6500","2017-02-15 00:00:00.0","2017-02-15 00:00:00.0",,"11119.01","8914067554","225",,,,,,,AC11100,"08069022054001881255",,A,2878682,943885,858,2,4682,-1,20250930,99991231,1,1,20260316
3046012,"8914755388","8914755388","1001306",TND,"6500","2017-06-16 00:00:00.0","2017-06-16 00:00:00.0",,"11119.01","8914755388","19",,,,,,,AC11100,"08601000194003585202",,A,2878682,945998,858,2,4682,-1,20250930,99991231,1,1,20260316
3049902,"8914824738","8914824738","1001306",TND,"3439","2017-07-03 00:00:00.0","2017-07-03 00:00:00.0",,"11180.01","8914824738","19",,,,,,,AC43900,,,A,2878682,945998,859,2,4854,0,20250930,99991231,1,1,20260316
2946726,"8914066598","8914066598","1001307",TND,"6500","2017-02-15 00:00:00.0","2017-02-15 00:00:00.0",,"11119.01","8914066598","234",,,,,,,AC11100,"08078023044002061075",,A,2878682,942077,858,2,4682,-1,20250930,99991231,1,1,20260316
34696,MG2524800158,MG2524800158,"1001309",TND,"25007","2025-09-05 00:00:00.0","2025-09-05 00:00:00.0","2029-10-03 00:00:00.0","55159.01","8927224478","59",,"13.476",,"7.5","4.75","12.25",TF57701,"90252480015800830723","12000.000",DC2524500095,-1,946214,676,2,4914,45680,20250930,99991231,1,1,20260316
2946727,"8914066604","8914066604","1001309",TND,"6500","2017-02-15 00:00:00.0","2017-02-15 00:00:00.0",,"11119.01","8914066604","59",,,,,,,AC11100,"08307000594004460160",,A,2878682,946214,858,2,4682,-1,20250930,99991231,1,1,20260316
3742888,"8927224478","8927224478","1001309",TND,"1010","2025-02-25 00:00:00.0","2025-02-25 00:00:00.0",,"11112.01","8927224478","59",,,,,,,AC11100,"08307000592010584129",,A,2878682,946214,858,2,3803,-1,20250930,99991231,1,1,20260316
102755,MG2128700252,MG2128700252,"100131",TND,"25007","2021-10-14 00:00:00.0","2021-10-14 00:00:00.0","2025-11-26 00:00:00.0","55159.01","8904403308","108","21","12.465","5","6.25","5","12.5",NP57701,"90212870025200800559","20000.000",DC2128400197,-1,294868,826,2,4914,35182,20250930,99991231,1,1,20260316
2140967,PDMG2128700252,MG2128700252,"100131",TND,"25007","2025-09-26 00:00:00.0","2025-09-26 00:00:00.0","2025-11-26 00:00:00.0","9997.00",,"108","21",,"5",,"5",,NP57701,,,,0,294868,826,2,4914,0,20250930,99991231,1,1,20260325
2446102,"8904403308","8904403308","100131",TND,"1010","1985-11-01 00:00:00.0","1985-11-01 00:00:00.0",,"11113.01","8904403308","108",,,,,,,AC11100,"08005010082003334030",,A,2878682,294868,858,2,3803,-1,20250930,99991231,1,1,20260316
2448804,"8904435652","8904435652","100131",TND,"6500","1999-10-20 00:00:00.0","1999-10-20 00:00:00.0",,"11119.01","8904435652","108",,,,,,,AC11100,"08005010084006593065",,A,2878682,294868,858,2,4682,-1,20250930,99991231,1,1,20260316
3014622,"8915482385","8915482385","100131",TND,"3439","2017-09-28 00:00:00.0","2017-09-28 00:00:00.0",,"11180.01","8915482385","108",,,,,,,AC43900,,,A,2878682,294868,859,2,4854,0,20250930,99991231,1,1,20260316
2951204,"8914074062","8914074062","1001312",TND,"6500","2017-02-16 00:00:00.0","2017-02-16 00:00:00.0",,"11119.01","8914074062","122",,,,,,,AC11100,"08030012024004334944",,A,2878682,943703,858,2,4682,-1,20250930,99991231,1,1,20260316
2947832,"8914066612","8914066612","1001314",TND,"6500","2017-02-15 00:00:00.0","2017-02-15 00:00:00.0",,"11119.01","8914066612","16",,,,,,,AC11100,"08902000164008122462",,A,2878682,943838,858,2,4682,-1,20250930,99991231,1,1,20260316
189750,LD2419472802,LD2419472802,"1001315",TND,"21062","2024-07-12 00:00:00.0","2024-07-12 00:00:00.0","2027-06-30 00:00:00.0","55178.01","8915358161","127",,,,null,null,,,,"50000",CRP2412395994.T01,-1,943849,0,2,3977,0,20250930,99991231,1,1,20260316
2189993,PDLD2419472802,LD2419472802,"1001315",TND,"21062","2024-10-30 00:00:00.0","2024-10-30 00:00:00.0","2027-06-30 00:00:00.0","9997.01","8915358161","127","21",,"5",,"5",,FT57891,,,,0,943849,442,2,3977,0,20250930,99991231,1,1,20260325
2947834,"8914066639","8914066639","1001315",TND,"6500","2017-02-15 00:00:00.0","2017-02-15 00:00:00.0",,"11119.01","8914066639","127",,,,,,,AC11100,"08033012074003468063",,A,2878682,943849,858,2,4682,-1,20250930,99991231,1,1,20260316
3019851,"8915358161","8915358161","1001315",TND,"1010","2017-09-08 00:00:00.0","2017-09-08 00:00:00.0",,"11112.01","8915358161","127",,,,,,,AC11100,"08033012072002996614",,A,2878682,943849,858,2,3803,-1,20250930,99991231,1,1,20260316
2947839,"8914066752","8914066752","1001319",TND,"1021","2017-02-15 00:00:00.0","2017-02-15 00:00:00.0",,"11119.01","8914066752","27",,,,,,,AC11100,"08505000276300014466",,A,2878682,941522,858,2,4115,-1,20250930,99991231,1,1,20260316
2449063,"8904435954","8904435954","100132",TND,"6500","1996-04-16 00:00:00.0","1996-04-16 00:00:00.0",,"11119.01","8904435954","108",,,,,,,AC11100,"08005010084005967124",,A,2878682,295415,858,2,4682,-1,20250930,99991231,1,1,20260316
2942317,"8914067074","8914067074","1001321",TND,"6500","2017-02-15 00:00:00.0","2017-02-15 00:00:00.0",,"11119.01","8914067074","129",,,,,,,AC11100,"08037012094001541947",,A,2878682,946855,858,2,4682,-1,20250930,99991231,1,1,20260316
2947842,"8914066833","8914066833","1001322",TND,"6500","2017-02-15 00:00:00.0","2017-02-15 00:00:00.0",,"11119.01","8914066833","47",,,,,,,AC11100,"08708000474008558704",,A,2878682,943583,858,2,4682,-1,20250930,99991231,1,1,20260316
2947841,"8914066795","8914066795","1001323",TND,"6500","2017-02-15 00:00:00.0","2017-02-15 00:00:00.0",,"11119.01","8914066795","304",,,,,,,AC11100,"08132030044001445740",,A,2878682,941898,858,2,4682,-1,20250930,99991231,1,1,20260316
2942316,"8914067023","8914067023","1001325",TND,"6500","2017-02-15 00:00:00.0","2017-02-15 00:00:00.0",,"11119.01","8914067023","42",,,,,,,AC11100,"08701000424024662234",,A,2878682,577353,858,2,4682,-1,20250930,99991231,1,1,20260316
3482592,"8923945898","8923945898","1001327",USD,"1060","2022-04-27 00:00:00.0","2022-04-27 00:00:00.0",,"11119.01","8923945898","33",,,,,,,AC11100,"08803000335103882801",,A,2878682,946848,858,18,3464,-1,20250930,99991231,1,1,20260316
2942313,"8914066981","8914066981","1001328",TND,"1010","2017-02-15 00:00:00.0","2017-02-15 00:00:00.0",,"11112.01","8914066981","75",,,,,,,AC11100,"08105000752009612929",,A,2878682,1421727,858,2,3803,-1,20250930,99991231,1,1,20260316
2942310,"8914066949","8914066949","1001329",TND,"1010","2017-02-15 00:00:00.0","2017-02-15 00:00:00.0",,"11112.01","8914066949","284",,,,,,,AC11100,"08115028042001039079",,A,2878682,946276,858,2,3803,-1,20250930,99991231,1,1,20260316
3105203,"8919253558","8919253558","1001329",TND,"3439","2019-12-11 00:00:00.0","2019-12-11 00:00:00.0",,"11180.01","8919253558","284",,,,,,,AC43900,,,A,2878682,946276,859,2,4854,0,20250930,99991231,1,1,20260316
2448293,"8904440885","8904440885","100133",TND,"6500","1994-01-20 00:00:00.0","1994-01-20 00:00:00.0",,"11119.01","8904440885","108",,,,,,,AC11100,"08005010084005300249",,A,2878682,298302,858,2,4682,-1,20250930,99991231,1,1,20260316
2571886,"8907294111","8907294111","100133",TND,"1010","2013-08-20 00:00:00.0","2013-08-20 00:00:00.0",,"11112.01","8907294111","108",,,,,,,AC11100,"08005010082019800459",,A,2878682,298302,858,2,3803,-1,20250930,99991231,1,1,20260316
2584150,"8907672299","8907672299","100133",TND,"3097","2013-11-11 00:00:00.0","2013-11-11 00:00:00.0",,,"8907672299","108",,,,,,,AC11100,,,,0,298302,858,2,4848,0,20250930,99991231,1,1,20260316
2942311,"8914066957","8914066957","1001330",TND,"6500","2017-02-15 00:00:00.0","2017-02-15 00:00:00.0",,"11119.01","8914066957","288",,,,,,,AC11100,"08119028084000943575",,A,2878682,939805,858,2,4682,-1,20250930,99991231,1,1,20260316
2942322,"8914067198","8914067198","1001333",TND,"6500","2017-02-15 00:00:00.0","2017-02-15 00:00:00.0",,"11119.01","8914067198","234",,,,,,,AC11100,"08078023044002062918",,A,2878682,945472,858,2,4682,-1,20250930,99991231,1,1,20260316
145401,MG2506500442,MG2506500442,"1001334",TND,"25007","2025-03-06 00:00:00.0","2025-03-06 00:00:00.0","2030-03-28 00:00:00.0","55159.01","8914067163","74",,"11.331",,"7.99","2.75","10.74",TF57701,"90250650044200810464","27000.000",DC2505600056,-1,947568,676,2,4914,140849,20250930,99991231,1,1,20260316
2153751,PDMG2506500442,MG2506500442,"1001334",TND,"25007","2025-08-28 00:00:00.0","2025-08-28 00:00:00.0","2030-03-28 00:00:00.0","9997.01","8914067163","74","21",,"5",,"5",,TF57701,,,,0,947568,676,2,4914,0,20250930,99991231,1,1,20260325
2942320,"8914067163","8914067163","1001334",TND,"1010","2017-02-15 00:00:00.0","2017-02-15 00:00:00.0",,"11112.01","8914067163","74",,,,,,,AC11100,"08104000742008036579",,A,2878682,947568,858,2,3803,-1,20250930,99991231,1,1,20260316
2958450,"8914189064","8914189064","1001334",TND,"3439","2017-03-08 00:00:00.0","2017-03-08 00:00:00.0",,"11180.01","8914189064","74",,,,,,,AC43900,,,A,2878682,947568,859,2,4854,0,20250930,99991231,1,1,20260316
3749905,"8927323592","8927323592","1001334",TND,"6500","2025-04-04 00:00:00.0","2025-04-04 00:00:00.0",,"11119.01","8927323592","74",,,,,,,AC11100,"08104000744009720528",,A,2878682,947568,858,2,4682,-1,20250930,99991231,1,1,20260316
2943409,"8914067295","8914067295","1001335",TND,"1010","2017-02-15 00:00:00.0","2017-02-15 00:00:00.0",,"11112.01","8914067295","102",,,,,,,AC11100,"08110010022005151453",,A,2878682,943717,858,2,3803,-1,20250930,99991231,1,1,20260316
2943415,"8914067392","8914067392","1001337",TND,"6500","2017-02-15 00:00:00.0","2017-02-15 00:00:00.0",,"11119.01","8914067392","104",,,,,,,AC11100,"08908010044001848805",,A,2878682,946414,858,2,4682,-1,20250930,99991231,1,1,20260316
2943413,"8914067357","8914067357","1001338",TND,"1010","2017-02-15 00:00:00.0","2017-02-15 00:00:00.0",,"11112.01","8914067357","296",,,,,,,AC11100,"08128029062000843376",,A,2878682,941526,858,2,3803,-1,20250930,99991231,1,1,20260316
129254,MG2125600248,MG2125600248,"1001339",TND,"25007","2021-09-13 00:00:00.0","2021-09-13 00:00:00.0","2026-10-30 00:00:00.0","55171.01","8921706236","278","21","9.8235","3","6.26","3","10.5",NP57799,"90212560024800811242","35000.000",DC2124600012,-1,946818,828,2,4914,42075,20250930,99991231,1,1,20260316
3103389,"8914348154","8914348154","1001339",TND,"3439","2017-04-05 00:00:00.0","2017-04-05 00:00:00.0",,"11180.01","8914348154","239",,,,,,,AC43900,,,A,2878682,946818,859,2,4854,0,20250930,99991231,1,1,20260316
3087615,"8914375526","8914375526","1001339",TND,"6500","2017-04-11 00:00:00.0","2017-04-11 00:00:00.0",,"11119.01","8914375526","239",,,,,,,AC11100,"08083023094001107386",,A,2878682,946818,858,2,4682,-1,20250930,99991231,1,1,20260316
3328071,"8921706236","8921706236","1001339",TND,"1010","2020-08-04 00:00:00.0","2020-08-04 00:00:00.0",,"11112.01","8921706236","278",,,,,,,AC11100,"08112027082001366055",,A,2878682,946818,858,2,3803,-1,20250930,99991231,1,1,20260316
3283790,"8922552313","8922552313","1001339",TND,"3439","2021-03-19 00:00:00.0","2021-03-19 00:00:00.0",,"11180.01","8922552313","278",,,,,,,AC43900,,,A,2878682,946818,859,2,4854,0,20250930,99991231,1,1,20260316
2448294,"8904440947","8904440947","100134",TND,"6500","1996-08-30 00:00:00.0","1996-08-30 00:00:00.0",,"11119.01","8904440947","108",,,,,,,AC11100,"08005010084006038613",,A,2878682,303150,858,2,4682,-1,20250930,99991231,1,1,20260316
122903,MG2207600588,MG2207600588,"1001342",TND,"25007","2022-03-17 00:00:00.0","2022-03-17 00:00:00.0","2026-04-28 00:00:00.0","55159.01","8914067481","6","21","9.914","3","6.25","3","10.5",NP57701,"90220760058800830572","6000.000",DC2207600168,-1,946934,826,2,4914,9653,20250930,99991231,1,1,20260316
2943421,"8914067481","8914067481","1001342",TND,"1010","2017-02-15 00:00:00.0","2017-02-15 00:00:00.0",,"11112.01","8914067481","6",,,,,,,AC11100,"08305000062007457887",,A,2878682,946934,858,2,3803,-1,20250930,99991231,1,1,20260316
2942750,"8914137048","8914137048","1001342",TND,"3439","2017-02-27 00:00:00.0","2017-02-27 00:00:00.0",,"11180.01","8914137048","6",,,,,,,AC43900,,,A,2878682,946934,859,2,4854,0,20250930,99991231,1,1,20260316
115776,MG2514900603,MG2514900603,"1001345",TND,"25007","2025-05-30 00:00:00.0","2025-05-30 00:00:00.0","2030-07-02 00:00:00.0","55159.01","8914067497","313",,"10.371",,"7.5","2.5","10",TF57701,"90251490060300814011","20000.000",DC2514600117,-1,942983,676,2,4914,126546,20250930,99991231,1,1,20260316
2943422,"8914067497","8914067497","1001345",TND,"1010","2017-02-15 00:00:00.0","2017-02-15 00:00:00.0",,"11112.01","8914067497","313",,,,,,,AC11100,"08140031032000316367",,A,2878682,942983,858,2,3803,-1,20250930,99991231,1,1,20260316
3032341,"8914741654","8914741654","1001345",TND,"3439","2017-06-14 00:00:00.0","2017-06-14 00:00:00.0",,"11180.01","8914741654","313",,,,,,,AC43900,,,A,2878682,942983,859,2,4854,0,20250930,99991231,1,1,20260316
3036799,"8914786976","8914786976","1001346",TND,"1000","2017-06-23 00:00:00.0","2017-06-23 00:00:00.0",,"11111.01","8914786976","67",,,,,,,AC11100,"08008000671002046773",,A,2878682,957254,858,2,4133,-1,20250930,99991231,1,1,20260316
2944515,"8914067708","8914067708","1001348",EUR,"1060","2017-02-15 00:00:00.0","2017-02-15 00:00:00.0",,"11119.01","8914067708","15",,,,,,,AC11100,"08603000155102222246",,A,2878682,947569,858,7,3464,-1,20250930,99991231,1,1,20260316
2944512,"8914067635","8914067635","1001350",TND,"6500","2017-02-15 00:00:00.0","2017-02-15 00:00:00.0",,"11119.01","8914067635","303",,,,,,,AC11100,"08133030034000502710",,A,2878682,946624,858,2,4682,-1,20250930,99991231,1,1,20260316
2944517,"8914067724","8914067724","1001351",TND,"6500","2017-02-15 00:00:00.0","2017-02-15 00:00:00.0",,"11119.01","8914067724","20",,,,,,,AC11100,"08500000204013040602",,A,2878682,947432,858,2,4682,-1,20250930,99991231,1,1,20260316
151771,MG2227700134,MG2227700134,"1001352",TND,"25007","2022-10-04 00:00:00.0","2022-10-04 00:00:00.0","2026-10-30 00:00:00.0","55159.01","8914067872","21",,"12.67",,"7.03","5","12.03",TF57701,"90222770013400850169","26000.000",DC2227300158,-1,940597,676,2,4914,23238,20250930,99991231,1,1,20260316
50715,MG2325500043,MG2325500043,"1001352",TND,"25001","2023-09-12 00:00:00.0","2023-09-12 00:00:00.0","2026-10-27 00:00:00.0","55103.01","8914067872","21",,"13.27",,"8","4.75","12.75",TF49102,"90232550004300850145","6000.000",DC2325400191,-1,940597,643,2,3863,13790,20250930,99991231,1,1,20260316
2139921,PDMG2227700134,MG2227700134,"1001352",TND,"25007","2023-01-30 00:00:00.0","2023-01-30 00:00:00.0","2026-10-30 00:00:00.0","9997.01","8914067872","21","21",,"5",,"5",,TF57701,,,,0,940597,676,2,4914,0,20250930,99991231,1,1,20260325
2944523,"8914067872","8914067872","1001352",TND,"1010","2017-02-15 00:00:00.0","2017-02-15 00:00:00.0",,"11113.01","8914067872","21",,,,,,,AC11100,"08501000212009818042",,A,2878682,940597,858,2,3803,-1,20250930,99991231,1,1,20260316
3091850,"8914303002","8914303002","1001352",TND,"6500","2017-03-29 00:00:00.0","2017-03-29 00:00:00.0",,"11119.01","8914303002","21",,,,,,,AC11100,"08501000214095752990",,A,2878682,940597,858,2,4682,-1,20250930,99991231,1,1,20260316
3022629,"8915510688","8915510688","1001352",TND,"3439","2017-10-03 00:00:00.0","2017-10-03 00:00:00.0",,"11180.01","8915510688","21",,,,,,,AC43900,,,A,2878682,940597,859,2,4854,0,20250930,99991231,1,1,20260316
2944518,"8914067748","8914067748","1001353",TND,"6500","2017-02-15 00:00:00.0","2017-02-15 00:00:00.0",,"11119.01","8914067748","203",,,,,,,AC11100,"08053020034003143076",,A,2878682,940926,858,2,4682,-1,20250930,99991231,1,1,20260316
2947870,"8914069937","8914069937","1001355",USD,"1060","2017-02-15 00:00:00.0","2017-02-15 00:00:00.0",,"11119.01","8914069937","116",,,,,,,AC11100,"08023011065101961311",,A,2878682,944791,858,18,3464,-1,20250930,99991231,1,1,20260316
2944521,"8914067821","8914067821","1001359",TND,"6003","2017-02-15 00:00:00.0","2017-02-15 00:00:00.0",,"11119.01","8914067821","53",,,,,,,AC11100,"08202000534500333059",,A,2878682,944214,858,2,4023,-1,20250930,99991231,1,1,20260316
133532,MG2426400204,MG2426400204,"1001360",TND,"25007","2024-09-23 00:00:00.0","2024-09-23 00:00:00.0","2029-10-27 00:00:00.0","55159.01","8914067791","13",,"11.066",,"7.99","2.5","10.49",TF57701,"90242640020400890354","17000.000",DC2426100203,-1,325679,676,2,4914,37704,20250930,99991231,1,1,20260316
2149362,PDMG2426400204,MG2426400204,"1001360",TND,"25007","2025-01-27 00:00:00.0","2025-01-27 00:00:00.0","2029-10-27 00:00:00.0","9997.01","8914067791","13","21",,"5",,"5",,TF57701,,,,0,325679,676,2,4914,0,20250930,99991231,1,1,20260325
2944520,"8914067791","8914067791","1001360",TND,"1010","2017-02-15 00:00:00.0","2017-02-15 00:00:00.0",,"11112.01","8914067791","13",,,,,,,AC11100,"08903000132006004055",,A,2878682,325679,858,2,3803,-1,20250930,99991231,1,1,20260316
2945964,"8914125608","8914125608","1001360",TND,"3439","2017-02-24 00:00:00.0","2017-02-24 00:00:00.0",,"11180.01","8914125608","13",,,,,,,AC43900,,,A,2878682,325679,859,2,4854,0,20250930,99991231,1,1,20260316
3633720,"8926734335","8926734335","1001360",TND,"6500","2024-09-20 00:00:00.0","2024-09-20 00:00:00.0",,"11119.01","8926734335","13",,,,,,,AC11100,"08903000134008446932",,A,2878682,325679,858,2,4682,-1,20250930,99991231,1,1,20260316
2944519,"8914067783","8914067783","1001361",TND,"6500","2017-02-15 00:00:00.0","2017-02-15 00:00:00.0",,"11119.01","8914067783","216",,,,,,,AC11100,"08062021064002552714",,A,2878682,939751,858,2,4682,-1,20250930,99991231,1,1,20260316
2944522,"8914067864","8914067864","1001364",TND,"6500","2017-02-15 00:00:00.0","2017-02-15 00:00:00.0",,"11119.01","8914067864","295",,,,,,,AC11100,"08121029054001180844",,A,2878682,939943,858,2,4682,-1,20250930,99991231,1,1,20260316
2945656,"8914069581","8914069581","1001369",EUR,"1060","2017-02-15 00:00:00.0","2017-02-15 00:00:00.0",,"11119.01","8914069581","116",,,,,,,AC11100,"08023011065104035365",,A,2878682,941406,858,7,3464,-1,20250930,99991231,1,1,20260316
2954830,"8914207232","8914207232","1001369",EUR,"3981","2017-03-10 00:00:00.0","2017-03-10 00:00:00.0",,"11119.01","8914207232","116",,,,,,,AC11100,,,A,2878682,941406,858,7,5380,0,20250930,99991231,1,1,20260316
3199067,"8918443259","8918443259","1001369",EUR,"1060","2019-06-11 00:00:00.0","2019-06-11 00:00:00.0",,"11119.01","8918443259","116",,,,,,,AC11100,"08023011065104034589",,A,2878682,941406,858,7,3464,-1,20250930,99991231,1,1,20260316
3113765,"8919138832","8919138832","1001369",EUR,"3981","2019-11-19 00:00:00.0","2019-11-19 00:00:00.0",,"11119.01","8919138832","116",,,,,,,AC11100,,,A,2878682,941406,858,7,5380,0,20250930,99991231,1,1,20260316
3752004,"8927258332","8927258332","1001369",EUR,"3981","2025-03-07 00:00:00.0","2025-03-07 00:00:00.0",,"11119.01","8927258332","116",,,,,,,AC11100,,,A,2878682,941406,858,7,5380,0,20250930,99991231,1,1,20260316
34953,MG2223600122,MG2223600122,"1001370",TND,"25007","2022-08-24 00:00:00.0","2022-08-24 00:00:00.0","2027-10-04 00:00:00.0","55159.01","8914069883","313",,"9.885",,"7.02","2.5","9.52",TF57701,"90222360012200814023","7000.000",DC2223600048,-1,944872,676,2,4914,24466,20250930,99991231,1,1,20260316
2124246,PDMG2223600122,MG2223600122,"1001370",TND,"25007","2023-02-06 00:00:00.0","2023-02-06 00:00:00.0","2027-10-04 00:00:00.0","9997.01","8914069883","313","21",,"5",,"5",,TF57701,,,,0,944872,676,2,4914,0,20250930,99991231,1,1,20260325
2946765,"8914069883","8914069883","1001370",TND,"1010","2017-02-15 00:00:00.0","2017-02-15 00:00:00.0",,"11112.01","8914069883","313",,,,,,,AC11100,"08140031032000317143",,A,2878682,944872,858,2,3803,-1,20250930,99991231,1,1,20260316
93217,MG2300600049,MG2300600049,"1001371",TND,"25001","2023-01-06 00:00:00.0","2023-01-06 00:00:00.0","2026-01-25 00:00:00.0","55103.01","8917007908","213",,"12.67",,"7.26","5","12.26",TF49102,"90230060004900805961","10000.000",DC2300400048,-1,943101,643,2,3863,34082,20250930,99991231,1,1,20260316
2134530,PDMG2300600049,MG2300600049,"1001371",TND,"25001","2025-09-25 00:00:00.0","2025-09-25 00:00:00.0","2026-01-25 00:00:00.0","9997.01",,"213","21",,"5",,"5",,TF49102,,,,0,943101,643,2,3863,0,20250930,99991231,1,1,20260325
2946760,"8914069778","8914069778","1001371",TND,"6500","2017-02-15 00:00:00.0","2017-02-15 00:00:00.0",,"11119.01","8914069778","213",,,,,,,AC11100,"08059021034001524408",,A,2878682,943101,858,2,4682,-1,20250930,99991231,1,1,20260316
3233971,"8917007908","8917007908","1001371",TND,"1010","2018-07-19 00:00:00.0","2018-07-19 00:00:00.0",,"11113.01","8917007908","213",,,,,,,AC11100,"08059021032001421753",,A,2878682,943101,858,2,3803,-1,20250930,99991231,1,1,20260316
3228541,"8917682241","8917682241","1001371",TND,"3439","2018-12-11 00:00:00.0","2018-12-11 00:00:00.0",,"11180.01","8917682241","213",,,,,,,AC43900,,,A,2878682,943101,859,2,4854,0,20250930,99991231,1,1,20260316
2945643,"8914069441","8914069441","1001373",TND,"1010","2017-02-15 00:00:00.0","2017-02-15 00:00:00.0",,"11112.01","8914069441","126",,,,,,,AC11100,"08034012062002251464",,A,2878682,942261,858,2,3803,-1,20250930,99991231,1,1,20260316
2944542,"8914069379","8914069379","1001375",TND,"6003","2017-02-15 00:00:00.0","2017-02-15 00:00:00.0",,"11119.01","8914069379","53",,,,,,,AC11100,"08202000534500334902",,A,2878682,941916,858,2,4023,-1,20250930,99991231,1,1,20260316
2947871,"8914069948","8914069948","1001379",TND,"6500","2017-02-15 00:00:00.0","2017-02-15 00:00:00.0",,"11119.01","8914069948","63",,,,,,,AC11100,"08001000634001917008",,A,2878682,944112,858,2,4682,-1,20250930,99991231,1,1,20260316
2448850,"8904449106","8904449106","100138",TND,"6500","1988-10-25 00:00:00.0","1988-10-25 00:00:00.0",,"11119.01","8904449106","108",,,,,,,AC11100,"08005010084003345117",,A,2878682,307072,858,2,4682,-1,20250930,99991231,1,1,20260316
48731,MG2520400342,MG2520400342,"1001382",TND,"25007","2025-07-23 00:00:00.0","2025-07-23 00:00:00.0","2030-09-02 00:00:00.0","55159.01","8914069913","59",,"11.1",,"7.5","3","10.50",TF57701,"90252040034200830738","25000.000",DC2519900127,-1,940441,676,2,4914,63953,20250930,99991231,1,1,20260316
2135341,PDMG2520400342,MG2520400342,"1001382",TND,"25007","2025-09-02 00:00:00.0","2025-09-02 00:00:00.0","2030-09-02 00:00:00.0","9997.01","8914069913","59","21",,"5",,"5",,TF57701,,,,0,940441,676,2,4914,0,20250930,99991231,1,1,20260325
2947869,"8914069913","8914069913","1001382",TND,"1010","2017-02-15 00:00:00.0","2017-02-15 00:00:00.0",,"11112.01","8914069913","59",,,,,,,AC11100,"08307000592005604246",,A,2878682,940441,858,2,3803,-1,20250930,99991231,1,1,20260316
3090154,"8914416001","8914416001","1001382",TND,"3439","2017-04-18 00:00:00.0","2017-04-18 00:00:00.0",,"11180.01","8914416001","59",,,,,,,AC43900,,,A,2878682,940441,859,2,4854,0,20250930,99991231,1,1,20260316
2946763,"8914069867","8914069867","1001385",TND,"1010","2017-02-15 00:00:00.0","2017-02-15 00:00:00.0",,"11112.01","8914069867","72",,,,,,,AC11100,"08103000722012176876",,A,2878682,944813,858,2,3803,-1,20250930,99991231,1,1,20260316
2946764,"8914069875","8914069875","1001386",TND,"6500","2017-02-15 00:00:00.0","2017-02-15 00:00:00.0",,"11119.01","8914069875","304",,,,,,,AC11100,"08132030044001447389",,A,2878682,944667,858,2,4682,-1,20250930,99991231,1,1,20260316
2947872,"8914069972","8914069972","1001389",TND,"6500","2017-02-15 00:00:00.0","2017-02-15 00:00:00.0",,"11119.01","8914069972","107",,,,,,,AC11100,"08016010074005032471",,A,2878682,939803,858,2,4682,-1,20250930,99991231,1,1,20260316
2448852,"8904449138","8904449138","100139",TND,"6500","1991-09-16 00:00:00.0","1991-09-16 00:00:00.0",,"11119.01","8904449138","108",,,,,,,AC11100,"08005010084004695260",,A,2878682,295393,858,2,4682,-1,20250930,99991231,1,1,20260316
2946768,"8914072407","8914072407","1001391",TND,"1010","2017-02-15 00:00:00.0","2017-02-15 00:00:00.0",,"11112.01","8914072407","128",,,,,,,AC11100,"08035012082002076139",,A,2878682,946016,858,2,3803,-1,20250930,99991231,1,1,20260316
3086256,"8914348332","8914348332","1001391",TND,"3439","2017-04-05 00:00:00.0","2017-04-05 00:00:00.0",,"11180.01","8914348332","128",,,,,,,AC43900,,,A,2878682,946016,859,2,4854,0,20250930,99991231,1,1,20260316
2947873,"8914069999","8914069999","1001397",TND,"6003","2017-02-15 00:00:00.0","2017-02-15 00:00:00.0",,"11119.01","8914069999","101",,,,,,,AC11100,"08907010014500407657",,A,2878682,941976,858,2,4023,-1,20250930,99991231,1,1,20260316
75452,MG2503500091,MG2503500091,"1001398",TND,"25007","2025-02-04 00:00:00.0","2025-02-04 00:00:00.0","2030-03-05 00:00:00.0","55159.01","8914070008","41",,"13.777",,"7.99","4.75","12.74",TF57701,"90250350009100870579","22000.000",DC2502800031,-1,941532,676,2,4914,184141,20250930,99991231,1,1,20260316
2137100,PDMG2503500091,MG2503500091,"1001398",TND,"25007","2025-04-04 00:00:00.0","2025-04-04 00:00:00.0","2030-03-05 00:00:00.0","9997.01","8914070008","41","21",,"5",,"5",,TF57701,,,,0,941532,676,2,4914,0,20250930,99991231,1,1,20260325
2947874,"8914070008","8914070008","1001398",TND,"1010","2017-02-15 00:00:00.0","2017-02-15 00:00:00.0",,"11112.01","8914070008","41",,,,,,,AC11100,"08705000412012729813",,A,2878682,941532,858,2,3803,-1,20250930,99991231,1,1,20260316
3353947,"8922801852","8922801852","1001398",TND,"3439","2021-06-08 00:00:00.0","2021-06-08 00:00:00.0",,"11180.01","8922801852","41",,,,,,,AC43900,,,A,2878682,941532,859,2,4854,0,20250930,99991231,1,1,20260316
2260254,"8900712139","8900712139","10014",TND,"1010","2008-07-29 00:00:00.0","2008-07-29 00:00:00.0",,"11112.01","8900712139","16",,,,,,,AC11100,"08902000162004769046",,A,2878682,641864,858,2,3803,-1,20250930,99991231,1,1,20260316
2257276,"8900737093","8900737093","10014",TND,"6500","2009-10-30 00:00:00.0","2009-10-30 00:00:00.0",,"11119.01","8900737093","16",,,,,,,AC11100,"08902000164004175338",,A,2878682,641864,858,2,4682,-1,20250930,99991231,1,1,20260316
2448080,"8904454002","8904454002","100140",TND,"6500","1992-06-01 00:00:00.0","1992-06-01 00:00:00.0",,"11119.01","8904454002","108",,,,,,,AC11100,"08005010084004866174",,A,2878682,303115,858,2,4682,-1,20250930,99991231,1,1,20260316
2947878,"8914070083","8914070083","1001401",TND,"6003","2017-02-15 00:00:00.0","2017-02-15 00:00:00.0",,"11119.01","8914070083","53",,,,,,,AC11100,"08202000534500330634",,A,2878682,944757,858,2,4023,-1,20250930,99991231,1,1,20260316
2947876,"8914070059","8914070059","1001402",TND,"1010","2017-02-15 00:00:00.0","2017-02-15 00:00:00.0",,"11112.01","8914070059","235",,,,,,,AC11100,"08077023052002426926",,A,2878682,1458355,858,2,3803,-1,20250930,99991231,1,1,20260316
3049548,"8914799237","8914799237","1001402",TND,"3439","2017-06-28 00:00:00.0","2017-06-28 00:00:00.0",,"11180.01","8914799237","235",,,,,,,AC43900,,,A,2878682,1458355,859,2,4854,0,20250930,99991231,1,1,20260316
3625595,"8925896757","8925896757","1001402",TND,"6500","2023-12-26 00:00:00.0","2023-12-26 00:00:00.0",,"11119.01","8925896757","235",,,,,,,AC11100,"08077023054004723042",,A,2878682,1458355,858,2,4682,-1,20250930,99991231,1,1,20260316
3743731,"8927390044","8927390044","1001403",TND,"6500","2025-04-24 00:00:00.0","2025-04-24 00:00:00.0",,"11119.01","8927390044","294",,,,,,,AC11100,"08123029044001863586",,A,2878682,941082,858,2,4682,-1,20250930,99991231,1,1,20260316
2947879,"8914070091","8914070091","1001404",TND,"6500","2017-02-15 00:00:00.0","2017-02-15 00:00:00.0",,"11119.01","8914070091","223",,,,,,,AC11100,"08068022034004678102",,A,2878682,945275,858,2,4682,-1,20250930,99991231,1,1,20260316
2947881,"8914070137","8914070137","1001405",EUR,"1060","2017-02-15 00:00:00.0","2017-02-15 00:00:00.0",,"11119.01","8914070137","116",,,,,,,AC11100,"08023011065104036141",,A,2878682,942435,858,7,3464,-1,20250930,99991231,1,1,20260316
2948282,"8914206716","8914206716","1001405",EUR,"3981","2017-03-10 00:00:00.0","2017-03-10 00:00:00.0",,"11119.01","8914206716","116",,,,,,,AC11100,,,A,2878682,942435,858,7,5380,0,20250930,99991231,1,1,20260316
2947880,"8914070105","8914070105","1001406",TND,"1010","2017-02-15 00:00:00.0","2017-02-15 00:00:00.0",,"11112.01","8914070105","18",,,,,,,AC11100,"08602000182003314741",,A,2878682,941531,858,2,3803,-1,20250930,99991231,1,1,20260316
2947883,"8914070164","8914070164","1001407",TND,"6500","2017-02-15 00:00:00.0","2017-02-15 00:00:00.0",,"11119.01","8914070164","291",,,,,,,AC11100,"08120029014000961865",,A,2878682,944410,858,2,4682,-1,20250930,99991231,1,1,20260316
2947882,"8914070156","8914070156","1001408",TND,"6500","2017-02-15 00:00:00.0","2017-02-15 00:00:00.0",,"11119.01","8914070156","74",,,,,,,AC11100,"08104000744006802768",,A,2878682,941939,858,2,4682,-1,20250930,99991231,1,1,20260316
2448081,"8904454018","8904454018","100141",TND,"6500","1992-06-09 00:00:00.0","1992-06-09 00:00:00.0",,"11119.01","8904454018","108",,,,,,,AC11100,"08005010084004874225",,A,2878682,299695,858,2,4682,-1,20250930,99991231,1,1,20260316
2947884,"8914070172","8914070172","1001411",TND,"6003","2017-02-15 00:00:00.0","2017-02-15 00:00:00.0",,"11119.01","8914070172","53",,,,,,,AC11100,"08202000534500331410",,A,2878682,941609,858,2,4023,-1,20250930,99991231,1,1,20260316
2948971,"8914070229","8914070229","1001413",TND,"1010","2017-02-15 00:00:00.0","2017-02-15 00:00:00.0",,"11112.01","8914070229","214",,,,,,,AC11100,"08058021042002321327",,A,2878682,941617,858,2,3803,-1,20250930,99991231,1,1,20260316
3091152,"8914400059","8914400059","1001413",TND,"3439","2017-04-14 00:00:00.0","2017-04-14 00:00:00.0",,"11180.01","8914400059","214",,,,,,,AC43900,,,A,2878682,941617,859,2,4854,0,20250930,99991231,1,1,20260316
3076596,"8915258949","8915258949","1001413",TND,"6500","2017-08-21 00:00:00.0","2017-08-21 00:00:00.0",,"11119.01","8915258949","214",,,,,,,AC11100,"08058021044002469087",,A,2878682,941617,858,2,4682,-1,20250930,99991231,1,1,20260316
2950074,"8914070571","8914070571","1001415",TND,"1010","2017-02-15 00:00:00.0","2017-02-15 00:00:00.0",,"11112.01","8914070571","224",,,,,,,AC11100,"08067022042003558689",,A,2878682,942788,858,2,3803,-1,20250930,99991231,1,1,20260316
2944816,"8914106983","8914106983","1001415",TND,"3439","2017-02-22 00:00:00.0","2017-02-22 00:00:00.0",,"11180.01","8914106983","224",,,,,,,AC43900,,,A,2878682,942788,859,2,4854,0,20250930,99991231,1,1,20260316
2948970,"8914070218","8914070218","1001416",TND,"6500","2017-02-15 00:00:00.0","2017-02-15 00:00:00.0",,"11119.01","8914070218","24",,,,,,,AC11100,"08504000244015221271",,A,2878682,941917,858,2,4682,-1,20250930,99991231,1,1,20260316
183503,LD2101302616,LD2101302616,"1001417",TND,"21062","2021-01-13 00:00:00.0","2021-01-13 00:00:00.0","2041-01-26 00:00:00.0","55173.01","8914070202","13",,,,null,null,,,,"60000",CRP2029662961.T01,-1,947130,0,2,3977,0,20250930,99991231,1,1,20260316
2192619,PDLD2101302616,LD2101302616,"1001417",TND,"21062","2021-04-26 00:00:00.0","2021-04-26 00:00:00.0","2041-01-26 00:00:00.0","9997.01","8914070202","13","21",,"5",,"5",,TF72402,,,,0,947130,267,2,3977,0,20250930,99991231,1,1,20260325
2948969,"8914070202","8914070202","1001417",TND,"1010","2017-02-15 00:00:00.0","2017-02-15 00:00:00.0",,"11112.01","8914070202","13",,,,,,,AC11100,"08903000132006005995",,A,2878682,947130,858,2,3803,-1,20250930,99991231,1,1,20260316
2977609,"8916804823","8916804823","1001417",TND,"3439","2018-05-25 00:00:00.0","2018-05-25 00:00:00.0",,"11180.01","8916804823","13",,,,,,,AC43900,,,A,2878682,947130,859,2,4854,0,20250930,99991231,1,1,20260316
2945704,"8914077808","8914077808","1001420",TND,"6500","2017-02-16 00:00:00.0","2017-02-16 00:00:00.0",,"11119.01","8914077808","122",,,,,,,AC11100,"08030012024004336593",,A,2878682,942705,858,2,4682,-1,20250930,99991231,1,1,20260316
2944868,"8914125112","8914125112","1001420",TND,"3439","2017-02-24 00:00:00.0","2017-02-24 00:00:00.0",,"11180.01","8914125112","122",,,,,,,AC43900,,,A,2878682,942705,859,2,4854,0,20250930,99991231,1,1,20260316
3538907,"8923625136","8923625136","1001420",TND,"3992","2022-11-09 00:00:00.0","2022-11-09 00:00:00.0",,,"8923625136","122",,,,,,,AC11100,,,,0,942705,858,2,5528,0,20250930,99991231,1,1,20260316
3426055,"8924586789","8924586789","1001420",TND,"3993","2022-11-08 00:00:00.0","2022-11-08 00:00:00.0",,,"8924586789","122",,,,,,,AC11100,,,,0,942705,858,2,5529,0,20250930,99991231,1,1,20260316
108856,MG2207000351,MG2207000351,"1001421",TND,"25007","2022-03-11 00:00:00.0","2022-03-11 00:00:00.0","2027-04-24 00:00:00.0","55171.01","8914070358","284","21","10.337","3.50","6.25","3.50","11",NP57799,"90220700035100811544","23000.000",DC2206700262,-1,947388,828,2,4914,12354,20250930,99991231,1,1,20260316
2098130,PDMG2207000351,MG2207000351,"1001421",TND,"25007","2022-05-24 00:00:00.0","2022-05-24 00:00:00.0","2027-04-24 00:00:00.0","9997.01","8914070358","284","21",,"5",,"5",,NP57799,,,,0,947388,828,2,4914,0,20250930,99991231,1,1,20260325
2948975,"8914070358","8914070358","1001421",TND,"1010","2017-02-15 00:00:00.0","2017-02-15 00:00:00.0",,"11112.01","8914070358","284",,,,,,,AC11100,"08115028042001040340",,A,2878682,947388,858,2,3803,-1,20250930,99991231,1,1,20260316
3343408,"8922730351","8922730351","1001421",TND,"3439","2021-05-20 00:00:00.0","2021-05-20 00:00:00.0",,"11180.01","8922730351","284",,,,,,,AC43900,,,A,2878682,947388,859,2,4854,0,20250930,99991231,1,1,20260316
2948977,"8914070393","8914070393","1001424",TND,"6500","2017-02-15 00:00:00.0","2017-02-15 00:00:00.0",,"11119.01","8914070393","286",,,,,,,AC11100,"08118028064001030727",,A,2878682,945533,858,2,4682,-1,20250930,99991231,1,1,20260316
2948979,"8914070423","8914070423","1001425",TND,"6500","2017-02-15 00:00:00.0","2017-02-15 00:00:00.0",,"11119.01","8914070423","10",,,,,,,AC11100,"08605000104013586066",,A,2878682,947000,858,2,4682,-1,20250930,99991231,1,1,20260316
2948978,"8914070415","8914070415","1001426",TND,"6500","2017-02-15 00:00:00.0","2017-02-15 00:00:00.0",,"11119.01","8914070415","69",,,,,,,AC11100,"08100000694003880292",,A,2878682,942592,858,2,4682,-1,20250930,99991231,1,1,20260316
2948982,"8914070474","8914070474","1001427",TND,"6500","2017-02-15 00:00:00.0","2017-02-15 00:00:00.0",,"11119.01","8914070474","203",,,,,,,AC11100,"08053020034003144919",,A,2878682,944763,858,2,4682,-1,20250930,99991231,1,1,20260316
42068,MG2315100363,MG2315100363,"1001428",TND,"25001","2023-06-01 00:00:00.0","2023-06-01 00:00:00.0","2026-07-26 00:00:00.0","55103.01","8914070447","66",,"13.27",,"8.01","4.75","12.76",TF49103,"90231510036300800662","5500.000",DC2314500058,-1,944115,644,2,3863,21237,20250930,99991231,1,1,20260316
94192,MG2511400275,MG2511400275,"1001428",TND,"25001","2025-04-24 00:00:00.0","2025-04-24 00:00:00.0","2028-05-26 00:00:00.0","55103.01","8914070447","66",,"14.2",,"7.91","4.75","12.66",TF49102,"90251140027500800655","8000.000",DC2511100078,-1,944115,643,2,3863,178183,20250930,99991231,1,1,20260316
2948980,"8914070447","8914070447","1001428",TND,"1010","2017-02-15 00:00:00.0","2017-02-15 00:00:00.0",,"11113.01","8914070447","66",,,,,,,AC11100,"08006000662013826461",,A,2878682,944115,858,2,3803,-1,20250930,99991231,1,1,20260316
2952536,"8914124132","8914124132","1001428",TND,"3439","2017-02-24 00:00:00.0","2017-02-24 00:00:00.0",,"11180.01","8914124132","66",,,,,,,AC43900,,,A,2878682,944115,859,2,4854,0,20250930,99991231,1,1,20260316
3048452,"8914787287","8914787287","1001428",TND,"6500","2017-06-23 00:00:00.0","2017-06-23 00:00:00.0",,"11119.01","8914787287","66",,,,,,,AC11100,"08006000664014497051",,A,2878682,944115,858,2,4682,-1,20250930,99991231,1,1,20260316
2445760,"8904457257","8904457257","100143",TND,"6500","1998-11-09 00:00:00.0","1998-11-09 00:00:00.0",,"11119.01","8904457257","108",,,,,,,AC11100,"08005010084006416040",,A,2878682,304794,858,2,4682,-1,20250930,99991231,1,1,20260316
3581504,"8926872495","8926872495","100143",TND,"1010","2024-11-04 00:00:00.0","2024-11-04 00:00:00.0",,"11112.01","8926872495","108",,,,,,,AC11100,"08005010082021627454",,A,2878682,304794,858,2,3803,-1,20250930,99991231,1,1,20260316
2948984,"8914070539","8914070539","1001431",TND,"6500","2017-02-15 00:00:00.0","2017-02-15 00:00:00.0",,"11119.01","8914070539","215",,,,,,,AC11100,"08060021054001704782",,A,2878682,941492,858,2,4682,-1,20250930,99991231,1,1,20260316
3168840,"8917910128","8917910128","1001432",TND,"3439","2019-02-04 00:00:00.0","2019-02-04 00:00:00.0",,"11180.01","8917910128","274",,,,,,,AC43900,,,A,2878682,944097,859,2,4854,0,20250930,99991231,1,1,20260316
3439447,"8925061604","8925061604","1001432",TND,"3992","2023-04-19 00:00:00.0","2023-04-19 00:00:00.0",,,"8925061604","274",,,,,,,AC11100,,,,0,944097,858,2,5528,0,20250930,99991231,1,1,20260316
2950089,"8914073608","8914073608","1001435",TND,"6500","2017-02-15 00:00:00.0","2017-02-15 00:00:00.0",,"11119.01","8914073608","225",,,,,,,AC11100,"08069022054001884747",,A,2878682,940612,858,2,4682,-1,20250930,99991231,1,1,20260316
2950075,"8914070587","8914070587","1001437",TND,"6500","2017-02-15 00:00:00.0","2017-02-15 00:00:00.0",,"11119.01","8914070587","20",,,,,,,AC11100,"08500000204013052048",,A,2878682,939907,858,2,4682,-1,20250930,99991231,1,1,20260316
2449395,"8904455847","8904455847","100144",TND,"6500","1992-09-16 00:00:00.0","1992-09-16 00:00:00.0",,"11119.01","8904455847","108",,,,,,,AC11100,"08005010084004944744",,A,2878682,293655,858,2,4682,-1,20250930,99991231,1,1,20260316
2950094,"8914073686","8914073686","1001444",TND,"6500","2017-02-15 00:00:00.0","2017-02-15 00:00:00.0",,"11119.01","8914073686","225",,,,,,,AC11100,"08069022054001889888",,A,2878682,941078,858,2,4682,-1,20250930,99991231,1,1,20260316
2954622,"8914083983","8914083983","1001445",TND,"6500","2017-02-17 00:00:00.0","2017-02-17 00:00:00.0",,"11119.01","8914083983","23",,,,,,,AC11100,"08503000234012676182",,A,2878682,941099,858,2,4682,-1,20250930,99991231,1,1,20260316
2954620,"8914083959","8914083959","1001446",TND,"6500","2017-02-17 00:00:00.0","2017-02-17 00:00:00.0",,"11119.01","8914083959","23",,,,,,,AC11100,"08503000234012675309",,A,2878682,939782,858,2,4682,-1,20250930,99991231,1,1,20260316
3089560,"8914293368","8914293368","1001449",TND,"3439","2017-03-27 00:00:00.0","2017-03-27 00:00:00.0",,"11180.01","8914293368","108",,,,,,,AC43900,,,A,2878682,946281,859,2,4854,0,20250930,99991231,1,1,20260316
3604731,"8926186467","8926186467","1001449",TND,"3992","2024-04-01 00:00:00.0","2024-04-01 00:00:00.0",,,"8926186467","108",,,,,,,AC11100,,,,0,946281,858,2,5528,0,20250930,99991231,1,1,20260316
2950080,"8914070687","8914070687","1001451",TND,"6500","2017-02-15 00:00:00.0","2017-02-15 00:00:00.0",,"11119.01","8914070687","233",,,,,,,AC11100,"08076023034002416331",,A,2878682,946741,858,2,4682,-1,20250930,99991231,1,1,20260316
3248244,"8916900571","8916900571","1001453",TND,"6500","2018-06-21 00:00:00.0","2018-06-21 00:00:00.0",,"11119.01","8916900571","255",,,,,,,AC11100,"08084025054002559915",,A,2878682,947372,858,2,4682,-1,20250930,99991231,1,1,20260316
3172875,"8917793116","8917793116","1001453",TND,"6500","2019-01-07 00:00:00.0","2019-01-07 00:00:00.0",,"11119.01","8917793116","255",,,,,,,AC11100,"08084025054002725785",,A,2878682,947372,858,2,4682,-1,20250930,99991231,1,1,20260316
2950095,"8914073716","8914073716","1001456",TND,"6500","2017-02-15 00:00:00.0","2017-02-15 00:00:00.0",,"11119.01","8914073716","225",,,,,,,AC11100,"08069022054001892895",,A,2878682,941536,858,2,4682,-1,20250930,99991231,1,1,20260316
2445068,"8904381765","8904381765","100146",TND,"1010","1982-10-26 00:00:00.0","1982-10-26 00:00:00.0",,"11113.01","8904381765","108",,,,,,,AC11100,"08005010082001402760",,A,2878682,637203,858,2,3803,-1,20250930,99991231,1,1,20260316
2447303,"8904459087","8904459087","100146",TND,"6500","1995-02-06 00:00:00.0","1995-02-06 00:00:00.0",,"11119.01","8904459087","108",,,,,,,AC11100,"08005010084005709104",,A,2878682,637203,858,2,4682,-1,20250930,99991231,1,1,20260316
3101071,"8914347727","8914347727","1001462",TND,"3439","2017-04-05 00:00:00.0","2017-04-05 00:00:00.0",,"11180.01","8914347727","56",,,,,,,AC43900,,,A,2878682,944672,859,2,4854,0,20250930,99991231,1,1,20260316
3372862,"8921848871","8921848871","1001462",TND,"1010","2020-09-10 00:00:00.0","2020-09-10 00:00:00.0",,"11112.01","8921848871","226",,,,,,,AC11100,"08070022062005225692",,A,2878682,944672,858,2,3803,-1,20250930,99991231,1,1,20260316
3372865,"8921848936","8921848936","1001462",TND,"6505","2020-09-10 00:00:00.0","2020-09-10 00:00:00.0",,"11119.01","8921848936","226",,,,,,,AC11100,"08070022064300900539",,A,2878682,944672,858,2,4706,-1,20250930,99991231,1,1,20260316
3363990,"8921896345","8921896345","1001462",TND,"3439","2020-09-22 00:00:00.0","2020-09-22 00:00:00.0",,"11180.01","8921896345","226",,,,,,,AC43900,,,A,2878682,944672,859,2,4854,0,20250930,99991231,1,1,20260316
2950086,"8914070946","8914070946","1001464",TND,"6500","2017-02-15 00:00:00.0","2017-02-15 00:00:00.0",,"11119.01","8914070946","31",,,,,,,AC11100,"08801000314007835175",,A,2878682,944252,858,2,4682,-1,20250930,99991231,1,1,20260316
3624523,"8925843998","8925843998","1001465",TND,"6500","2023-12-11 00:00:00.0","2023-12-11 00:00:00.0",,"11119.01","8925843998","69",,,,,,,AC11100,"08100000694004725938",,A,2878682,942190,858,2,4682,-1,20250930,99991231,1,1,20260316
2942348,"8914070997","8914070997","1001468",TND,"6500","2017-02-15 00:00:00.0","2017-02-15 00:00:00.0",,"11119.01","8914070997","312",,,,,,,AC11100,"08141031024000494007",,A,2878682,945191,858,2,4682,-1,20250930,99991231,1,1,20260316
77923,MG2210800098,MG2210800098,"1001469",TND,"25007","2022-04-25 00:00:00.0","2022-04-25 00:00:00.0","2027-05-25 00:00:00.0","55171.01","8914071004","136",,"10.846",,"6.260","4","10.26",TF57799,"90221080009800803919","25000.000",DC2208700008,-1,948148,677,2,4914,14059,20250930,99991231,1,1,20260316
2199777,PDMG2210800098,MG2210800098,"1001469",TND,"25007","2022-09-26 00:00:00.0","2022-09-26 00:00:00.0","2027-05-25 00:00:00.0","9997.01","8914071004","136","21",,"5",,"5",,TF57799,,,,0,948148,677,2,4914,0,20250930,99991231,1,1,20260325
2942349,"8914071004","8914071004","1001469",TND,"1010","2017-02-15 00:00:00.0","2017-02-15 00:00:00.0",,"11112.01","8914071004","136",,,,,,,AC11100,"08039013062001755907",,A,2878682,948148,858,2,3803,-1,20250930,99991231,1,1,20260316
3033895,"8914630631","8914630631","1001469",TND,"3439","2017-05-24 00:00:00.0","2017-05-24 00:00:00.0",,"11180.01","8914630631","136",,,,,,,AC43900,,,A,2878682,948148,859,2,4854,0,20250930,99991231,1,1,20260316
2763981,"8911039177","8911039177","100147",TND,"6500","2015-08-07 00:00:00.0","2015-08-07 00:00:00.0",,"11119.01","8911039177","108",,,,,,,AC11100,"08005010084011551220",,A,2878682,295378,858,2,4682,-1,20250930,99991231,1,1,20260316
3114420,"8919300451","8919300451","100147",TND,"1010","2019-12-23 00:00:00.0","2019-12-23 00:00:00.0",,"11112.01","8919300451","108",,,,,,,AC11100,"08005010082030890081",,A,2878682,295378,858,2,3803,-1,20250930,99991231,1,1,20260316
2942352,"8914071063","8914071063","1001470",TND,"1010","2017-02-15 00:00:00.0","2017-02-15 00:00:00.0",,"11112.01","8914071063","35",,,,,,,AC11100,"08304000352008164902",,A,2878682,947474,858,2,3803,-1,20250930,99991231,1,1,20260316
3011339,"8916471123","8916471123","1001470",TND,"3439","2018-03-13 00:00:00.0","2018-03-13 00:00:00.0",,"11180.01","8916471123","35",,,,,,,AC43900,,,A,2878682,947474,859,2,4854,0,20250930,99991231,1,1,20260316
141953,MG2512800589,MG2512800589,"1001472",TND,"25007","2025-05-08 00:00:00.0","2025-05-08 00:00:00.0","2028-12-02 00:00:00.0","55159.01","8914071047","272",,"10.229",,"7.5","2","9.50",TF57701,"90251280058900809252","14000.000",DC2512600274,-1,946775,676,2,4914,236084,20250930,99991231,1,1,20260316
2942350,"8914071047","8914071047","1001472",TND,"1010","2017-02-15 00:00:00.0","2017-02-15 00:00:00.0",,"11112.01","8914071047","272",,,,,,,AC11100,"08092027022000753433",,A,2878682,946775,858,2,3803,-1,20250930,99991231,1,1,20260316
3087769,"8914399425","8914399425","1001472",TND,"3439","2017-04-14 00:00:00.0","2017-04-14 00:00:00.0",,"11180.01","8914399425","272",,,,,,,AC43900,,,A,2878682,946775,859,2,4854,0,20250930,99991231,1,1,20260316
42982,MG2525200382,MG2525200382,"1001473",TND,"25001","2025-09-09 00:00:00.0","2025-09-09 00:00:00.0","2028-10-01 00:00:00.0","55103.01","8914071055","64",,"13.783",,"7.5","4.75","12.25",TF49101,"90252520038200800297","5000.000",DC2524000041,-1,941952,642,2,3863,159623,20250930,99991231,1,1,20260316
2942351,"8914071055","8914071055","1001473",TND,"1010","2017-02-15 00:00:00.0","2017-02-15 00:00:00.0",,"11112.01","8914071055","64",,,,,,,AC11100,"08002000642013073049",,A,2878682,941952,858,2,3803,-1,20250930,99991231,1,1,20260316
2942356,"8914071168","8914071168","1001474",TND,"6003","2017-02-15 00:00:00.0","2017-02-15 00:00:00.0",,"11119.01","8914071168","307",,,,,,,AC11100,"08136030074500053737",,A,2878682,944247,858,2,4023,-1,20250930,99991231,1,1,20260316
40666,MG2028600358,MG2028600358,"1001477",TND,"25007","2020-10-12 00:00:00.0","2020-10-12 00:00:00.0","2025-11-04 00:00:00.0","55159.01","8914121052","68","21","11.269","3.50","6.76","3.5","11",NP57701,"90202860035800800974","11000.000",DC2028600146,-1,939763,826,2,4914,46270,20250930,99991231,1,1,20260316
2124801,PDMG2028600358,MG2028600358,"1001477",TND,"25007","2021-01-04 00:00:00.0","2021-01-04 00:00:00.0","2025-11-04 00:00:00.0","9997.01","8914121052","68","21",,"5",,"5",,NP57701,,,,0,939763,826,2,4914,0,20250930,99991231,1,1,20260325
2948127,"8914121052","8914121052","1001477",TND,"1010","2017-02-24 00:00:00.0","2017-02-24 00:00:00.0",,"11112.01","8914121052","68",,,,,,,AC11100,"08009000682010385638",,A,2878682,939763,858,2,3803,-1,20250930,99991231,1,1,20260316
3086577,"8914393397","8914393397","1001477",TND,"3439","2017-04-13 00:00:00.0","2017-04-13 00:00:00.0",,"11180.01","8914393397","68",,,,,,,AC43900,,,A,2878682,939763,859,2,4854,0,20250930,99991231,1,1,20260316
2942354,"8914071098","8914071098","1001478",TND,"6500","2017-02-15 00:00:00.0","2017-02-15 00:00:00.0",,"11119.01","8914071098","216",,,,,,,AC11100,"08062021064002554363",,A,2878682,941137,858,2,4682,-1,20250930,99991231,1,1,20260316
3053334,"8915978747","8915978747","1001478",TND,"1010","2017-12-19 00:00:00.0","2017-12-19 00:00:00.0",,"11112.01","8915978747","216",,,,,,,AC11100,"08062021062004000701",,A,2878682,941137,858,2,3803,-1,20250930,99991231,1,1,20260316
2942358,"8914071187","8914071187","1001480",TND,"6500","2017-02-15 00:00:00.0","2017-02-15 00:00:00.0",,"11119.01","8914071187","9",,,,,,,AC11100,"08905000094005177071",,A,2878682,940434,858,2,4682,-1,20250930,99991231,1,1,20260316
3089988,"8914390746","8914390746","1001481",TND,"6500","2017-04-13 00:00:00.0","2017-04-13 00:00:00.0",,"11119.01","8914390746","136",,,,,,,AC11100,"08039013064003016063",,A,2878682,945344,858,2,4682,-1,20250930,99991231,1,1,20260316
3091173,"8914408041","8914408041","1001481",TND,"3439","2017-04-17 00:00:00.0","2017-04-17 00:00:00.0",,"11180.01","8914408041","136",,,,,,,AC43900,,,A,2878682,945344,859,2,4854,0,20250930,99991231,1,1,20260316
2942357,"8914071179","8914071179","1001482",TND,"6500","2017-02-15 00:00:00.0","2017-02-15 00:00:00.0",,"11119.01","8914071179","126",,,,,,,AC11100,"08034012064001861068",,A,2878682,939760,858,2,4682,-1,20250930,99991231,1,1,20260316
2942362,"8914071276","8914071276","1001485",TND,"6500","2017-02-15 00:00:00.0","2017-02-15 00:00:00.0",,"11119.01","8914071276","283",,,,,,,AC11100,"08113028034001011990",,A,2878682,943528,858,2,4682,-1,20250930,99991231,1,1,20260316
2942361,"8914071268","8914071268","1001487",TND,"6500","2017-02-15 00:00:00.0","2017-02-15 00:00:00.0",,"11119.01","8914071268","64",,,,,,,AC11100,"08002000644086404884",,A,2878682,945398,858,2,4682,-1,20250930,99991231,1,1,20260316
3238553,"8917025739","8917025739","1001487",TND,"1010","2018-07-24 00:00:00.0","2018-07-24 00:00:00.0",,"11112.01","8917025739","108",,,,,,,AC11100,"08005010082025037586",,A,2878682,945398,858,2,3803,-1,20250930,99991231,1,1,20260316
2943446,"8914071314","8914071314","1001488",TND,"6500","2017-02-15 00:00:00.0","2017-02-15 00:00:00.0",,"11119.01","8914071314","215",,,,,,,AC11100,"08060021054001705558",,A,2878682,944121,858,2,4682,-1,20250930,99991231,1,1,20260316
3330556,"8921477318","8921477318","1001490",TND,"6500","2020-05-14 00:00:00.0","2020-05-14 00:00:00.0",,"11119.01","8921477318","41",,,,,,,AC11100,"08705000414093993047",,A,2878682,942803,858,2,4682,-1,20250930,99991231,1,1,20260316
2943447,"8914071322","8914071322","1001491",TND,"6500","2017-02-15 00:00:00.0","2017-02-15 00:00:00.0",,"11119.01","8914071322","109",,,,,,,AC11100,"08018010094004772711",,A,2878682,947057,858,2,4682,-1,20250930,99991231,1,1,20260316
2943449,"8914071357","8914071357","1001494",TND,"1010","2017-02-15 00:00:00.0","2017-02-15 00:00:00.0",,"11112.01","8914071357","126",,,,,,,AC11100,"08034012062002252240",,A,2878682,945518,858,2,3803,-1,20250930,99991231,1,1,20260316
172955,LD2403006115,LD2403006115,"10015",TND,"21009","2024-01-30 00:00:00.0","2024-01-30 00:00:00.0","2026-01-30 00:00:00.0","9100.01","8900706457","16",,,,null,null,,,,"500000",,0,749029,0,2,3170,0,20250930,99991231,1,1,20260316
2257432,"8900706457","8900706457","10015",TND,"1010","2008-08-05 00:00:00.0","2008-08-05 00:00:00.0",,"11113.01","8900706457","16",,,,,,,AC11100,"08902000162004774769",,A,2878682,749029,858,2,3803,-1,20250930,99991231,1,1,20260316
2263516,"8900739649","8900739649","10015",TND,"6505","2010-03-18 00:00:00.0","2010-03-18 00:00:00.0",,"11119.01","8900739649","16",,,,,,,AC11100,"08902000164301100680",,A,2878682,749029,858,2,4706,-1,20250930,99991231,1,1,20260316
2446798,"8904462404","8904462404","100150",TNC,"1070","2007-12-28 00:00:00.0","2007-12-28 00:00:00.0",,"11119.01","8904462404","108",,,,,,,AC11100,"08005010085001436608",,A,2878682,290836,858,21,4481,-1,20250930,99991231,1,1,20260316
2447074,"8904462781","8904462781","100150",EUR,"1060","2008-01-15 00:00:00.0","2008-01-15 00:00:00.0",,"11119.01","8904462781","108",,,,,,,AC11100,"08005010085101436042",,A,2878682,290836,858,7,3464,-1,20250930,99991231,1,1,20260316
3091899,"8914314276","8914314276","1001500",TND,"3439","2017-03-30 00:00:00.0","2017-03-30 00:00:00.0",,"11180.01","8914314276","73",,,,,,,AC43900,,,A,2878682,941614,859,2,4854,0,20250930,99991231,1,1,20260316
3025861,"8915454648","8915454648","1001500",TND,"6500","2017-09-26 00:00:00.0","2017-09-26 00:00:00.0",,"11119.01","8915454648","52",,,,,,,AC11100,"08203000524007939044",,A,2878682,941614,858,2,4682,-1,20250930,99991231,1,1,20260316
3014560,"8915467211","8915467211","1001500",TND,"3439","2017-09-26 00:00:00.0","2017-09-26 00:00:00.0",,"11180.01","8915467211","52",,,,,,,AC43900,,,A,2878682,941614,859,2,4854,0,20250930,99991231,1,1,20260316
2943451,"8914071438","8914071438","1001501",TND,"6500","2017-02-15 00:00:00.0","2017-02-15 00:00:00.0",,"11119.01","8914071438","288",,,,,,,AC11100,"08119028084000944351",,A,2878682,943813,858,2,4682,-1,20250930,99991231,1,1,20260316
2943454,"8914071478","8914071478","1001502",TND,"1010","2017-02-15 00:00:00.0","2017-02-15 00:00:00.0",,"11112.01","8914071478","255",,,,,,,AC11100,"08084025052001921529",,A,2878682,947468,858,2,3803,-1,20250930,99991231,1,1,20260316
3086867,"8914431167","8914431167","1001502",TND,"3439","2017-04-20 00:00:00.0","2017-04-20 00:00:00.0",,"11180.01","8914431167","255",,,,,,,AC43900,,,A,2878682,947468,859,2,4854,0,20250930,99991231,1,1,20260316
2943452,"8914071446","8914071446","1001503",TND,"6500","2017-02-15 00:00:00.0","2017-02-15 00:00:00.0",,"11119.01","8914071446","304",,,,,,,AC11100,"08132030044001450396",,A,2878682,941943,858,2,4682,-1,20250930,99991231,1,1,20260316
2943460,"8914071567","8914071567","1001504",TND,"6003","2017-02-15 00:00:00.0","2017-02-15 00:00:00.0",,"11119.01","8914071567","40",,,,,,,AC11100,"08700000404500791533",,A,2878682,947446,858,2,4023,-1,20250930,99991231,1,1,20260316
2943455,"8914071497","8914071497","1001506",TND,"6003","2017-02-15 00:00:00.0","2017-02-15 00:00:00.0",,"11119.01","8914071497","135",,,,,,,AC11100,"08042013054500211787",,A,2878682,946542,858,2,4023,-1,20250930,99991231,1,1,20260316
2943457,"8914071527","8914071527","1001507",TND,"6500","2017-02-15 00:00:00.0","2017-02-15 00:00:00.0",,"11119.01","8914071527","278",,,,,,,AC11100,"08112027084001123002",,A,2878682,943315,858,2,4682,-1,20250930,99991231,1,1,20260316
2943459,"8914071551","8914071551","1001509",TND,"6500","2017-02-15 00:00:00.0","2017-02-15 00:00:00.0",,"11119.01","8914071551","257",,,,,,,AC11100,"08089025074001498218",,A,2878682,943122,858,2,4682,-1,20250930,99991231,1,1,20260316
2944546,"8914071632","8914071632","1001512",TND,"6500","2017-02-15 00:00:00.0","2017-02-15 00:00:00.0",,"11119.01","8914071632","60",,,,,,,AC11100,"08000000604001484386",,A,2878682,940952,858,2,4682,-1,20250930,99991231,1,1,20260316
2943461,"8914071624","8914071624","1001513",TND,"6003","2017-02-15 00:00:00.0","2017-02-15 00:00:00.0",,"11119.01","8914071624","272",,,,,,,AC11100,"08092027024500127116",,A,2878682,945503,858,2,4023,-1,20250930,99991231,1,1,20260316
2944547,"8914071659","8914071659","1001514",TND,"1010","2017-02-15 00:00:00.0","2017-02-15 00:00:00.0",,"11113.01","8914071659","102",,,,,,,AC11100,"08110010022005146894",,A,2878682,945895,858,2,3803,-1,20250930,99991231,1,1,20260316
2955980,"8914149143","8914149143","1001514",TND,"3439","2017-03-01 00:00:00.0","2017-03-01 00:00:00.0",,"11180.01","8914149143","102",,,,,,,AC43900,,,A,2878682,945895,859,2,4854,0,20250930,99991231,1,1,20260316
2981053,"8915846937","8915846937","1001517",TND,"1010","2017-11-27 00:00:00.0","2017-11-27 00:00:00.0",,"11112.01","8915846937","288",,,,,,,AC11100,"08119028082000789413",,A,2878682,940449,858,2,3803,-1,20250930,99991231,1,1,20260316
3065446,"8915981578","8915981578","1001517",TND,"3439","2017-12-19 00:00:00.0","2017-12-19 00:00:00.0",,"11180.01","8915981578","288",,,,,,,AC43900,,,A,2878682,940449,859,2,4854,0,20250930,99991231,1,1,20260316
2965654,"8916597429","8916597429","1001520",TND,"6500","2018-04-06 00:00:00.0","2018-04-06 00:00:00.0",,"11119.01","8916597429","299",,,,,,,AC11100,"08300000004096702897",,A,2878682,943128,858,2,4682,-1,20250930,99991231,1,1,20260316
2944550,"8914071737","8914071737","1001523",TND,"6500","2017-02-15 00:00:00.0","2017-02-15 00:00:00.0",,"11119.01","8914071737","23",,,,,,,AC11100,"08503000234012667258",,A,2878682,943331,858,2,4682,-1,20250930,99991231,1,1,20260316
2944549,"8914071705","8914071705","1001524",TND,"6003","2017-02-15 00:00:00.0","2017-02-15 00:00:00.0",,"11119.01","8914071705","40",,,,,,,AC11100,"08700000404500792309",,A,2878682,939752,858,2,4023,-1,20250930,99991231,1,1,20260316
3101502,"8914468184","8914468184","1001528",TND,"6500","2017-04-26 00:00:00.0","2017-04-26 00:00:00.0",,"11119.01","8914468184","28",,,,,,,AC11100,"08303000284007306093",,A,2878682,941618,858,2,4682,-1,20250930,99991231,1,1,20260316
2453004,"8904503437","8904503437","100153",TND,"6505","2005-10-21 00:00:00.0","2005-10-21 00:00:00.0",,"11119.01","8904503437","109",,,,,,,AC11100,"08018010094300052739",,A,2878682,290270,858,2,4706,-1,20250930,99991231,1,1,20260316
69936,MG2503700384,MG2503700384,"1001531",TND,"25007","2025-02-06 00:00:00.0","2025-02-06 00:00:00.0","2030-02-20 00:00:00.0","55159.01","8914072067","275",,"10.835",,"7.99","2.5","10.49",TF57701,"90250370038400809665","20000.000",DC2503000084,-1,947960,676,2,4914,232946,20250930,99991231,1,1,20260316
2125577,PDMG2503700384,MG2503700384,"1001531",TND,"25007","2025-06-20 00:00:00.0","2025-06-20 00:00:00.0","2030-02-20 00:00:00.0","9997.01","8914072067","275","21",,"5",,"5",,TF57701,,,,0,947960,676,2,4914,0,20250930,99991231,1,1,20260325
2945664,"8914072067","8914072067","1001531",TND,"1010","2017-02-15 00:00:00.0","2017-02-15 00:00:00.0",,"11112.01","8914072067","275",,,,,,,AC11100,"08096027052001898870",,A,2878682,947960,858,2,3803,-1,20250930,99991231,1,1,20260316
79023,MG2227800180,MG2227800180,"1001532",TND,"25007","2022-10-06 00:00:00.0","2022-10-06 00:00:00.0","2027-10-30 00:00:00.0","55159.01","8914071888","239",,"9.8778",,"7.03","2.5","9.53",TF57701,"90222780018000808307","25000.000",DC2227800065,-1,941622,676,2,4914,25381,20250930,99991231,1,1,20260316
2944557,"8914071888","8914071888","1001532",TND,"1010","2017-02-15 00:00:00.0","2017-02-15 00:00:00.0",,"11112.01","8914071888","239",,,,,,,AC11100,"08083023092001336374",,A,2878682,941622,858,2,3803,-1,20250930,99991231,1,1,20260316
2952489,"8914118598","8914118598","1001532",TND,"6500","2017-02-23 00:00:00.0","2017-02-23 00:00:00.0",,"11119.01","8914118598","239",,,,,,,AC11100,"08083023094001070041",,A,2878682,941622,858,2,4682,-1,20250930,99991231,1,1,20260316
2959329,"8914156627","8914156627","1001532",TND,"3439","2017-03-02 00:00:00.0","2017-03-02 00:00:00.0",,"11180.01","8914156627","239",,,,,,,AC43900,,,A,2878682,941622,859,2,4854,0,20250930,99991231,1,1,20260316
2944555,"8914071837","8914071837","1001533",TND,"6500","2017-02-15 00:00:00.0","2017-02-15 00:00:00.0",,"11119.01","8914071837","7",,,,,,,AC11100,"08306000074004545882",,A,2878682,921218,858,2,4682,-1,20250930,99991231,1,1,20260316
3113545,"8919084309","8919084309","1001533",TND,"3439","2019-11-07 00:00:00.0","2019-11-07 00:00:00.0",,"11180.01","8919084309","7",,,,,,,AC43900,,,A,2878682,921218,859,2,4854,0,20250930,99991231,1,1,20260316
3441428,"8924998278","8924998278","1001533",TND,"3992","2023-03-22 00:00:00.0","2023-03-22 00:00:00.0",,,"8924998278","7",,,,,,,AC11100,,,,0,921218,858,2,5528,0,20250930,99991231,1,1,20260316
2944553,"8914071818","8914071818","1001534",TND,"6500","2017-02-15 00:00:00.0","2017-02-15 00:00:00.0",,"11119.01","8914071818","314",,,,,,,AC11100,"08142031044000578060",,A,2878682,917894,858,2,4682,-1,20250930,99991231,1,1,20260316
151581,MG2508000244,MG2508000244,"1001535",TND,"25001","2025-03-21 00:00:00.0","2025-03-21 00:00:00.0","2028-03-30 00:00:00.0","55103.01","8914071829","112",,"11.085",,"7.99","2.25","10.24",TF49101,"90250800024400801930","15000.000",DC2508000105,-1,945249,642,2,3863,33650,20250930,99991231,1,1,20260316
2944554,"8914071829","8914071829","1001535",TND,"1010","2017-02-15 00:00:00.0","2017-02-15 00:00:00.0",,"11112.01","8914071829","112",,,,,,,AC11100,"08019011022005038613",,A,2878682,945249,858,2,3803,-1,20250930,99991231,1,1,20260316
2943886,"8914135665","8914135665","1001535",TND,"3439","2017-02-27 00:00:00.0","2017-02-27 00:00:00.0",,"11180.01","8914135665","112",,,,,,,AC43900,,,A,2878682,945249,859,2,4854,0,20250930,99991231,1,1,20260316
119478,MG2522700387,MG2522700387,"100154",TND,"25007","2025-08-15 00:00:00.0","2025-08-15 00:00:00.0","2028-09-28 00:00:00.0","55159.01","8904491269","109",,"10.805",,"7.5","2.50","10",TF57701,"90252270038700801819","25000.000",DC2522400053,-1,68087,676,2,4914,35800,20250930,99991231,1,1,20260316
2452701,"8904491269","8904491269","100154",TND,"1010","2001-09-10 00:00:00.0","2001-09-10 00:00:00.0",,"11112.01","8904491269","109",,,,,,,AC11100,"08018010092000229881",,A,2878682,68087,858,2,3803,-1,20250930,99991231,1,1,20260316
2625235,"8908007256","8908007256","100154",TND,"3439","2013-11-11 00:00:00.0","2013-11-11 00:00:00.0",,"11180.01","8908007256","109",,,,,,,AC43900,,,A,2878682,68087,859,2,4854,0,20250930,99991231,1,1,20260316
3418751,"8924461862","8924461862","100154",TND,"6500","2022-09-28 00:00:00.0","2022-09-28 00:00:00.0",,"11119.01","8924461862","109",,,,,,,AC11100,"08018010094006466428",,A,2878682,68087,858,2,4682,-1,20250930,99991231,1,1,20260316
2944559,"8914071918","8914071918","1001540",TND,"6003","2017-02-15 00:00:00.0","2017-02-15 00:00:00.0",,"11119.01","8914071918","3",,,,,,,AC11100,"08109000034500307005",,A,2878682,944163,858,2,4023,-1,20250930,99991231,1,1,20260316
2944560,"8914071969","8914071969","1001542",TND,"1010","2017-02-15 00:00:00.0","2017-02-15 00:00:00.0",,"11112.01","8914071969","298",,,,,,,AC11100,"08127029082001307565",,A,2878682,941470,858,2,3803,-1,20250930,99991231,1,1,20260316
2945661,"8914072027","8914072027","1001542",TND,"6500","2017-02-15 00:00:00.0","2017-02-15 00:00:00.0",,"11119.01","8914072027","298",,,,,,,AC11100,"08127029084001007282",,A,2878682,941470,858,2,4682,-1,20250930,99991231,1,1,20260316
83283,MG2409600251,MG2409600251,"1001544",TND,"25007","2024-04-05 00:00:00.0","2024-04-05 00:00:00.0","2029-05-27 00:00:00.0","55159.01","8914072086","286",,"10.234",,"7.96","2","9.96",TF57701,"90240960025100811855","20000.000",DC2409600032,-1,940044,676,2,4914,209282,20250930,99991231,1,1,20260316
2105197,PDMG2409600251,MG2409600251,"1001544",TND,"25007","2024-05-27 00:00:00.0","2024-05-27 00:00:00.0","2029-05-27 00:00:00.0","9997.01","8914072086","286","21",,"5",,"5",,TF57701,,,,0,940044,676,2,4914,0,20250930,99991231,1,1,20260325
2945665,"8914072086","8914072086","1001544",TND,"1010","2017-02-15 00:00:00.0","2017-02-15 00:00:00.0",,"11112.01","8914072086","286",,,,,,,AC11100,"08118028062000917596",,A,2878682,940044,858,2,3803,-1,20250930,99991231,1,1,20260316
2972246,"8916770977","8916770977","1001544",TND,"3439","2018-05-17 00:00:00.0","2018-05-17 00:00:00.0",,"11180.01","8916770977","286",,,,,,,AC43900,,,A,2878682,940044,859,2,4854,0,20250930,99991231,1,1,20260316
2944561,"8914071985","8914071985","1001546",TND,"6500","2017-02-15 00:00:00.0","2017-02-15 00:00:00.0",,"11119.01","8914071985","136",,,,,,,AC11100,"08039013064002967757",,A,2878682,944369,858,2,4682,-1,20250930,99991231,1,1,20260316
3508028,"8924031965","8924031965","1001547",TND,"6500","2022-05-24 00:00:00.0","2022-05-24 00:00:00.0",,"11119.01","8924031965","4",,,,,,,AC11100,"08206000044006799959",,A,2878682,943653,858,2,4682,-1,20250930,99991231,1,1,20260316
2944562,"8914071993","8914071993","1001548",TND,"6500","2017-02-15 00:00:00.0","2017-02-15 00:00:00.0",,"11119.01","8914071993","50",,,,,,,AC11100,"08200000504013266129",,A,2878682,945317,858,2,4682,-1,20250930,99991231,1,1,20260316
2945666,"8914072094","8914072094","1001551",TND,"6500","2017-02-15 00:00:00.0","2017-02-15 00:00:00.0",,"11119.01","8914072094","7",,,,,,,AC11100,"08306000074004546658",,A,2878682,944178,858,2,4682,-1,20250930,99991231,1,1,20260316
2945667,"8914072108","8914072108","1001553",TND,"6003","2017-02-15 00:00:00.0","2017-02-15 00:00:00.0",,"11119.01","8914072108","4",,,,,,,AC11100,"08206000044500485533",,A,2878682,943137,858,2,4023,-1,20250930,99991231,1,1,20260316
3063174,"8916268964","8916268964","1001554",TND,"6500","2018-02-07 00:00:00.0","2018-02-07 00:00:00.0",,"11119.01","8916268964","16",,,,,,,AC11100,"08902000164009084314",,A,2878682,947105,858,2,4682,-1,20250930,99991231,1,1,20260316
2945670,"8914072264","8914072264","1001555",TND,"6003","2017-02-15 00:00:00.0","2017-02-15 00:00:00.0",,"11119.01","8914072264","42",,,,,,,AC11100,"08701000424500622028",,A,2878682,945310,858,2,4023,-1,20250930,99991231,1,1,20260316
2449298,"8904424127","8904424127","100156",TND,"1010","2004-12-30 00:00:00.0","2004-12-30 00:00:00.0",,"11112.01","8904424127","108",,,,,,,AC11100,"08005010082012735270",,A,2878682,603253,858,2,3803,-1,20250930,99991231,1,1,20260316
2447807,"8904453502","8904453502","100156",TND,"6500","2005-09-05 00:00:00.0","2005-09-05 00:00:00.0",,"11119.01","8904453502","108",,,,,,,AC11100,"08005010084008124307",,A,2878682,603253,858,2,4682,-1,20250930,99991231,1,1,20260316
2620787,"8908057997","8908057997","100156",TND,"3439","2013-11-11 00:00:00.0","2013-11-11 00:00:00.0",,"11180.01","8908057997","108",,,,,,,AC43900,,,A,2878682,603253,859,2,4854,0,20250930,99991231,1,1,20260316
2946766,"8914072353","8914072353","1001561",TND,"6003","2017-02-15 00:00:00.0","2017-02-15 00:00:00.0",,"11119.01","8914072353","129",,,,,,,AC11100,"08037012094500188295",,A,2878682,943166,858,2,4023,-1,20250930,99991231,1,1,20260316
3237529,"8917046868","8917046868","1001563",TND,"1010","2018-07-31 00:00:00.0","2018-07-31 00:00:00.0",,"11112.01","8917046868","6",,,,,,,AC11100,"08305000062007848409",,A,2878682,947546,858,2,3803,-1,20250930,99991231,1,1,20260316
2946776,"8914072558","8914072558","1001564",TND,"1010","2017-02-15 00:00:00.0","2017-02-15 00:00:00.0",,"11112.01","8914072558","33",,,,,,,AC11100,"08803000332007062644",,A,2878682,940324,858,2,3803,-1,20250930,99991231,1,1,20260316
3023587,"8915458662","8915458662","1001564",TND,"3439","2017-09-26 00:00:00.0","2017-09-26 00:00:00.0",,"11180.01","8915458662","33",,,,,,,AC43900,,,A,2878682,940324,859,2,4854,0,20250930,99991231,1,1,20260316
2946767,"8914072396","8914072396","1001565",TND,"6500","2017-02-15 00:00:00.0","2017-02-15 00:00:00.0",,"11119.01","8914072396","55",,,,,,,AC11100,"08201000554006033034",,A,2878682,946355,858,2,4682,-1,20250930,99991231,1,1,20260316
2946777,"8914072566","8914072566","1001566",TND,"6003","2017-02-15 00:00:00.0","2017-02-15 00:00:00.0",,"11119.01","8914072566","40",,,,,,,AC11100,"08700000404500794055",,A,2878682,939767,858,2,4023,-1,20250930,99991231,1,1,20260316
2948993,"8914073268","8914073268","1001567",TND,"6500","2017-02-15 00:00:00.0","2017-02-15 00:00:00.0",,"11119.01","8914073268","236",,,,,,,AC11100,"08079023064002447574",,A,2878682,943897,858,2,4682,-1,20250930,99991231,1,1,20260316
3729662,"8927790937","8927790937","1001568",TND,"3993","2025-08-08 00:00:00.0","2025-08-08 00:00:00.0",,,"8927790937","209",,,,,,,AC11100,,,,0,1034290,858,2,5529,0,20250930,99991231,1,1,20260316
2449299,"8904424146","8904424146","100157",TND,"1010","2006-01-06 00:00:00.0","2006-01-06 00:00:00.0",,"11112.01","8904424146","108",,,,,,,AC11100,"08005010082013054012",,A,2878682,254225,858,2,3803,-1,20250930,99991231,1,1,20260316
2946775,"8914072531","8914072531","1001570",TND,"6500","2017-02-15 00:00:00.0","2017-02-15 00:00:00.0",,"11119.01","8914072531","32",,,,,,,AC11100,"08802000324010916577",,A,2878682,948205,858,2,4682,-1,20250930,99991231,1,1,20260316
2946782,"8914072647","8914072647","1001571",TND,"1010","2017-02-15 00:00:00.0","2017-02-15 00:00:00.0",,"11113.01","8914072647","33",,,,,,,AC11100,"08803000332007063420",,A,2878682,944803,858,2,3803,-1,20250930,99991231,1,1,20260316
3023586,"8915458654","8915458654","1001571",TND,"3439","2017-09-26 00:00:00.0","2017-09-26 00:00:00.0",,"11180.01","8915458654","33",,,,,,,AC43900,,,A,2878682,944803,859,2,4854,0,20250930,99991231,1,1,20260316
2946772,"8914072507","8914072507","1001572",TND,"6500","2017-02-15 00:00:00.0","2017-02-15 00:00:00.0",,"11119.01","8914072507","80",,,,,,,AC11100,"08600000804015842282",,A,2878682,941188,858,2,4682,-1,20250930,99991231,1,1,20260316
3229160,"8917605298","8917605298","1001574",TND,"1010","2018-11-27 00:00:00.0","2018-11-27 00:00:00.0",,"11113.01","8917605298","229",,,,,,,AC11100,"08073022092001409721",,A,2878682,943351,858,2,3803,-1,20250930,99991231,1,1,20260316
3216754,"8917605352","8917605352","1001574",EUR,"1060","2018-11-27 00:00:00.0","2018-11-27 00:00:00.0",,"11119.01","8917605352","229",,,,,,,AC11100,"08073022095100201112",,A,2878682,943351,858,7,3464,-1,20250930,99991231,1,1,20260316
3139981,"8918194895","8918194895","1001574",EUR,"3981","2019-03-27 00:00:00.0","2019-03-27 00:00:00.0",,"11119.01","8918194895","229",,,,,,,AC11100,,,A,2878682,943351,858,7,5380,0,20250930,99991231,1,1,20260316
2946771,"8914072493","8914072493","1001575",TND,"6500","2017-02-15 00:00:00.0","2017-02-15 00:00:00.0",,"11119.01","8914072493","126",,,,,,,AC11100,"08034012064001862911",,A,2878682,947708,858,2,4682,-1,20250930,99991231,1,1,20260316
3569921,"8926387686","8926387686","1001576",TND,"1010","2024-06-05 00:00:00.0","2024-06-05 00:00:00.0",,"11112.01","8926387686","131",,,,,,,AC11100,"08036013012005044490",,A,2878682,940293,858,2,3803,-1,20250930,99991231,1,1,20260316
2946779,"8914072598","8914072598","1001577",TND,"6003","2017-02-15 00:00:00.0","2017-02-15 00:00:00.0",,"11119.01","8914072598","54",,,,,,,AC11100,"08900000544500379685",,A,2878682,943080,858,2,4023,-1,20250930,99991231,1,1,20260316
137153,MG2218200079,MG2218200079,"1001578",TND,"25007","2022-07-01 00:00:00.0","2022-07-01 00:00:00.0","2027-07-30 00:00:00.0","55159.01","8914072574","312",,"10.075",,"7.01","2.5","9.51",TF57701,"90221820007900814145","28000.000",DC2217300164,-1,948402,676,2,4914,173281,20250930,99991231,1,1,20260316
2121986,PDMG2218200079,MG2218200079,"1001578",TND,"25007","2023-06-30 00:00:00.0","2023-06-30 00:00:00.0","2027-07-30 00:00:00.0","9997.01","8914072574","312","21",,"5",,"5",,TF57701,,,,0,948402,676,2,4914,0,20250930,99991231,1,1,20260325
2946778,"8914072574","8914072574","1001578",TND,"1010","2017-02-15 00:00:00.0","2017-02-15 00:00:00.0",,"11113.01","8914072574","312",,,,,,,AC11100,"08141031022000473123",,A,2878682,948402,858,2,3803,-1,20250930,99991231,1,1,20260316
3082687,"8914915636","8914915636","1001578",TND,"6500","2017-07-20 00:00:00.0","2017-07-20 00:00:00.0",,"11119.01","8914915636","312",,,,,,,AC11100,"08141031024000664145",,A,2878682,948402,858,2,4682,-1,20250930,99991231,1,1,20260316
2973748,"8916626119","8916626119","1001578",TND,"3439","2018-04-13 00:00:00.0","2018-04-13 00:00:00.0",,"11180.01","8916626119","312",,,,,,,AC43900,,,A,2878682,948402,859,2,4854,0,20250930,99991231,1,1,20260316
2947885,"8914072687","8914072687","1001580",TND,"6500","2017-02-15 00:00:00.0","2017-02-15 00:00:00.0",,"11119.01","8914072687","295",,,,,,,AC11100,"08121029054001182493",,A,2878682,950600,858,2,4682,-1,20250930,99991231,1,1,20260316
2947888,"8914072736","8914072736","1001581",TND,"1010","2017-02-15 00:00:00.0","2017-02-15 00:00:00.0",,"11112.01","8914072736","71",,,,,,,AC11100,"08003000712005203342",,A,2878682,942235,858,2,3803,-1,20250930,99991231,1,1,20260316
2947890,"8914072779","8914072779","1001583",TND,"1010","2017-02-15 00:00:00.0","2017-02-15 00:00:00.0",,"11112.01","8914072779","238",,,,,,,AC11100,"08081023082001757493",,A,2878682,940106,858,2,3803,-1,20250930,99991231,1,1,20260316
3139749,"8918058991","8918058991","1001583",TND,"6500","2019-03-11 00:00:00.0","2019-03-11 00:00:00.0",,"11119.01","8918058991","238",,,,,,,AC11100,"08081023084002886602",,A,2878682,940106,858,2,4682,-1,20250930,99991231,1,1,20260316
2948988,"8914073147","8914073147","1001587",TND,"6500","2017-02-15 00:00:00.0","2017-02-15 00:00:00.0",,"11119.01","8914073147","308",,,,,,,AC11100,"08137030084000318761",,A,2878682,947145,858,2,4682,-1,20250930,99991231,1,1,20260316
2947895,"8914072892","8914072892","1001589",TND,"6500","2017-02-15 00:00:00.0","2017-02-15 00:00:00.0",,"11119.01","8914072892","284",,,,,,,AC11100,"08115028044000598825",,A,2878682,948248,858,2,4682,-1,20250930,99991231,1,1,20260316
67538,MG2508500477,MG2508500477,"1001591",TND,"25001","2025-03-26 00:00:00.0","2025-03-26 00:00:00.0","2028-05-10 00:00:00.0","55103.01","8914072973","44",,"14.309",,"7.99","4.75","12.74",TF49101,"90250850047700870379","3500.000",DC2508300156,-1,943866,642,2,3863,203373,20250930,99991231,1,1,20260316
2947899,"8914072973","8914072973","1001591",TND,"1010","2017-02-15 00:00:00.0","2017-02-15 00:00:00.0",,"11112.01","8914072973","44",,,,,,,AC11100,"08703000442012596381",,A,2878682,943866,858,2,3803,-1,20250930,99991231,1,1,20260316
89260,MG2420800176,MG2420800176,"1001592",TND,"25007","2024-07-26 00:00:00.0","2024-07-26 00:00:00.0","2029-07-29 00:00:00.0","55159.01","8924559838","37",,"11.794",,"7.97","3","10.97",TF57701,"90242080017600850879","15000.000",DC2418600185,-1,946059,676,2,4914,5725,20250930,99991231,1,1,20260316
2156972,PDMG2420800176,MG2420800176,"1001592",TND,"25007","2024-09-30 00:00:00.0","2024-09-30 00:00:00.0","2029-07-29 00:00:00.0","9997.01","8924559838","37","21",,"5",,"5",,TF57701,,,,0,946059,676,2,4914,0,20250930,99991231,1,1,20260325
3413593,"8924559838","8924559838","1001592",TND,"1010","2022-10-28 00:00:00.0","2022-10-28 00:00:00.0",,"11112.01","8924559838","37",,,,,,,AC11100,"08508000372007837561",,A,2878682,946059,858,2,3803,-1,20250930,99991231,1,1,20260316
3487827,"8924800977","8924800977","1001592",TND,"3439","2023-01-06 00:00:00.0","2023-01-06 00:00:00.0",,"11180.01","8924800977","37",,,,,,,AC43900,,,A,2878682,946059,859,2,4854,0,20250930,99991231,1,1,20260316
2954769,"8914135673","8914135673","1001594",TND,"3439","2017-02-27 00:00:00.0","2017-02-27 00:00:00.0",,"11180.01","8914135673","112",,,,,,,AC43900,,,A,2878682,953868,859,2,4854,0,20250930,99991231,1,1,20260316
3503742,"8924073889","8924073889","1001594",TND,"3992","2022-06-01 00:00:00.0","2022-06-01 00:00:00.0",,,"8924073889","112",,,,,,,AC11100,,,,0,953868,858,2,5528,0,20250930,99991231,1,1,20260316
3114683,"8919075792","8919075792","1001596",TND,"6500","2019-11-06 00:00:00.0","2019-11-06 00:00:00.0",,"11119.01","8919075792","218",,,,,,,AC11100,"08064021084002754092",,A,2878682,953300,858,2,4682,-1,20250930,99991231,1,1,20260316
2948985,"8914073074","8914073074","1001598",TND,"6500","2017-02-15 00:00:00.0","2017-02-15 00:00:00.0",,"11119.01","8914073074","50",,,,,,,AC11100,"08200000504013267002",,A,2878682,948247,858,2,4682,-1,20250930,99991231,1,1,20260316
2948987,"8914073098","8914073098","1001599",USD,"1060","2017-02-15 00:00:00.0","2017-02-15 00:00:00.0",,"11119.01","8914073098","124",,,,,,,AC11100,"08032012045102682343",,A,2878682,951682,858,18,3464,-1,20250930,99991231,1,1,20260316
3028714,"8915591068","8915591068","1001599",USD,"3981","2017-10-13 00:00:00.0","2017-10-13 00:00:00.0",,"11119.01","8915591068","124",,,,,,,AC11100,,,A,2878682,951682,858,18,5380,0,20250930,99991231,1,1,20260316
2257682,"8900706511","8900706511","10016",TND,"1010","2009-07-06 00:00:00.0","2009-07-06 00:00:00.0",,"11112.01","8900706511","16",,,,,,,AC11100,"08902000162005097779",,A,2878682,70105,858,2,3803,-1,20250930,99991231,1,1,20260316
2947901,"8914073058","8914073058","1001600",TND,"6500","2017-02-15 00:00:00.0","2017-02-15 00:00:00.0",,"11119.01","8914073058","299",,,,,,,AC11100,"08300000004095743082",,A,2878682,944436,858,2,4682,-1,20250930,99991231,1,1,20260316
3602320,"8926153537","8926153537","1001600",TND,"1010","2024-03-19 00:00:00.0","2024-03-19 00:00:00.0",,"11112.01","8926153537","299",,,,,,,AC11100,"08300000002011820205",,A,2878682,944436,858,2,3803,-1,20250930,99991231,1,1,20260316
3604409,"8926284909","8926284909","1001600",TND,"3439","2024-05-06 00:00:00.0","2024-05-06 00:00:00.0",,"11180.01","8926284909","299",,,,,,,AC43900,,,A,2878682,944436,859,2,4854,0,20250930,99991231,1,1,20260316
2948989,"8914073155","8914073155","1001601",TND,"6500","2017-02-15 00:00:00.0","2017-02-15 00:00:00.0",,"11119.01","8914073155","281",,,,,,,AC11100,"08111028014000931086",,A,2878682,943898,858,2,4682,-1,20250930,99991231,1,1,20260316
2948995,"8914073317","8914073317","1001605",TND,"1010","2017-02-15 00:00:00.0","2017-02-15 00:00:00.0",,"11113.01","8914073317","74",,,,,,,AC11100,"08104000742008037355",,A,2878682,948425,858,2,3803,-1,20250930,99991231,1,1,20260316
2957081,"8914157006","8914157006","1001605",TND,"3439","2017-03-02 00:00:00.0","2017-03-02 00:00:00.0",,"11180.01","8914157006","74",,,,,,,AC43900,,,A,2878682,948425,859,2,4854,0,20250930,99991231,1,1,20260316
3299436,"8923081551","8923081551","1001605",TND,"6500","2021-09-01 00:00:00.0","2021-09-01 00:00:00.0",,"11119.01","8923081551","74",,,,,,,AC11100,"08104000744008084138",,A,2878682,948425,858,2,4682,-1,20250930,99991231,1,1,20260316
2950100,"8914073837","8914073837","1001607",TND,"6500","2017-02-15 00:00:00.0","2017-02-15 00:00:00.0",,"11119.01","8914073837","214",,,,,,,AC11100,"08058021044002322811",,A,2878682,944958,858,2,4682,-1,20250930,99991231,1,1,20260316
3095309,"8914315361","8914315361","1001607",TND,"3439","2017-03-30 00:00:00.0","2017-03-30 00:00:00.0",,"11180.01","8914315361","214",,,,,,,AC43900,,,A,2878682,944958,859,2,4854,0,20250930,99991231,1,1,20260316
2948998,"8914073384","8914073384","1001608",TND,"6500","2017-02-15 00:00:00.0","2017-02-15 00:00:00.0",,"11119.01","8914073384","217",,,,,,,AC11100,"08063021074001902817",,A,2878682,941730,858,2,4682,-1,20250930,99991231,1,1,20260316
2948997,"8914073368","8914073368","1001609",TND,"6003","2017-02-15 00:00:00.0","2017-02-15 00:00:00.0",,"11119.01","8914073368","58",,,,,,,AC11100,"08308000584500212808",,A,2878682,949556,858,2,4023,-1,20250930,99991231,1,1,20260316
294705,LD2128654063,LD2128654063,"100161",TND,"21062","2021-10-13 00:00:00.0","2021-10-13 00:00:00.0","2031-10-01 00:00:00.0","55173.01","8904428998","108","29",,"3.50",null,null,,,,"120000",CRP2118771152.T01,-1,602897,0,2,3977,0,20250930,99991231,1,1,20260316
2448516,"8904428998","8904428998","100161",TND,"1010","2007-02-06 00:00:00.0","2007-02-06 00:00:00.0",,"11113.01","8904428998","108",,,,,,,AC11100,"08005010082013395646",,A,2878682,602897,858,2,3803,-1,20250930,99991231,1,1,20260316
2950096,"8914073783","8914073783","1001610",TND,"6500","2017-02-15 00:00:00.0","2017-02-15 00:00:00.0",,"11119.01","8914073783","225",,,,,,,AC11100,"08069022054001897939",,A,2878682,948436,858,2,4682,-1,20250930,99991231,1,1,20260316
3164200,"8917867217","8917867217","1001611",TND,"1010","2019-01-25 00:00:00.0","2019-01-25 00:00:00.0",,"11112.01","8917867217","71",,,,,,,AC11100,"08003000712005885640",,A,2878682,943325,858,2,3803,-1,20250930,99991231,1,1,20260316
3171195,"8917995387","8917995387","1001611",TND,"3439","2019-02-26 00:00:00.0","2019-02-26 00:00:00.0",,"11180.01","8917995387","71",,,,,,,AC43900,,,A,2878682,943325,859,2,4854,0,20250930,99991231,1,1,20260316
2950097,"8914073791","8914073791","1001612",TND,"6500","2017-02-15 00:00:00.0","2017-02-15 00:00:00.0",,"11119.01","8914073791","225",,,,,,,AC11100,"08069022054001898715",,A,2878682,942799,858,2,4682,-1,20250930,99991231,1,1,20260316
3717056,"8927434785","8927434785","1001615",TND,"1010","2025-05-08 00:00:00.0","2025-05-08 00:00:00.0",,"11112.01","8927434785","253",,,,,,,AC11100,"08087025032004605676",,A,2878682,943919,858,2,3803,-1,20250930,99991231,1,1,20260316
2950098,"8914073805","8914073805","1001616",TND,"6500","2017-02-15 00:00:00.0","2017-02-15 00:00:00.0",,"11119.01","8914073805","225",,,,,,,AC11100,"08069022054001899588",,A,2878682,948982,858,2,4682,-1,20250930,99991231,1,1,20260316
78657,MG2110200075,MG2110200075,"1001617",TND,"25007","2021-04-13 00:00:00.0","2021-04-13 00:00:00.0","2026-06-02 00:00:00.0","55171.01","8914078904","288","21","11.257","4","6.23","4","11.5",NP57799,"90211020007500811948","17000.000",DC2109800262,-1,942777,828,2,4914,21085,20250930,99991231,1,1,20260316
2148101,PDMG2110200075,MG2110200075,"1001617",TND,"25007","2022-04-04 00:00:00.0","2022-04-04 00:00:00.0","2026-06-02 00:00:00.0","9997.01","8914078904","288","21",,"5",,"5",,NP57799,,,,0,942777,828,2,4914,0,20250930,99991231,1,1,20260325
2950130,"8914078904","8914078904","1001617",TND,"1010","2017-02-16 00:00:00.0","2017-02-16 00:00:00.0",,"11112.01","8914078904","288",,,,,,,AC11100,"08119028082000634019",,A,2878682,942777,858,2,3803,-1,20250930,99991231,1,1,20260316
2959573,"8914206651","8914206651","1001617",TND,"3439","2017-03-10 00:00:00.0","2017-03-10 00:00:00.0",,"11180.01","8914206651","288",,,,,,,AC43900,,,A,2878682,942777,859,2,4854,0,20250930,99991231,1,1,20260316
3093082,"8914326525","8914326525","1001617",TND,"6500","2017-03-31 00:00:00.0","2017-03-31 00:00:00.0",,"11119.01","8914326525","288",,,,,,,AC11100,"08119028084001003424",,A,2878682,942777,858,2,4682,-1,20250930,99991231,1,1,20260316
2951313,"8914094675","8914094675","1001618",EUR,"1060","2017-02-20 00:00:00.0","2017-02-20 00:00:00.0",,"11119.01","8914094675","74",,,,,,,AC11100,"08104000745100785258",,A,2878682,946617,858,7,3464,-1,20250930,99991231,1,1,20260316
2949000,"8914073497","8914073497","1001622",EUR,"1060","2017-02-15 00:00:00.0","2017-02-15 00:00:00.0",,"11119.01","8914073497","15",,,,,,,AC11100,"08603000155102223022",,A,2878682,946065,858,7,3464,-1,20250930,99991231,1,1,20260316
3211689,"8918462741","8918462741","1001622",EUR,"3981","2019-06-14 00:00:00.0","2019-06-14 00:00:00.0",,"11119.01","8918462741","15",,,,,,,AC11100,,,A,2878682,946065,858,7,5380,0,20250930,99991231,1,1,20260316
2949001,"8914073503","8914073503","1001623",TND,"6500","2017-02-15 00:00:00.0","2017-02-15 00:00:00.0",,"11119.01","8914073503","7",,,,,,,AC11100,"08306000074004547434",,A,2878682,944959,858,2,4682,-1,20250930,99991231,1,1,20260316
2950101,"8914073848","8914073848","1001628",TND,"6500","2017-02-16 00:00:00.0","2017-02-16 00:00:00.0",,"11119.01","8914073848","54",,,,,,,AC11100,"08900000544007737637",,A,2878682,953845,858,2,4682,-1,20250930,99991231,1,1,20260316
2950092,"8914073651","8914073651","1001631",TND,"6003","2017-02-15 00:00:00.0","2017-02-15 00:00:00.0",,"11119.01","8914073651","236",,,,,,,AC11100,"08079023064500106656",,A,2878682,942822,858,2,4023,-1,20250930,99991231,1,1,20260316
2951199,"8914073988","8914073988","1001632",TND,"6003","2017-02-16 00:00:00.0","2017-02-16 00:00:00.0",,"11119.01","8914073988","228",,,,,,,AC11100,"08072022084500162601",,A,2878682,392484,858,2,4023,-1,20250930,99991231,1,1,20260316
144409,MG2425400137,MG2425400137,"1001633",TND,"25007","2024-09-10 00:00:00.0","2024-09-10 00:00:00.0","2029-10-28 00:00:00.0","55159.01","8914073856","68",,"10.559",,"7.99","2","9.99",TF57701,"90242540013700800968","10800.000",DC2425400050,-1,955448,676,2,4914,52286,20250930,99991231,1,1,20260316
2206000,PDMG2425400137,MG2425400137,"1001633",TND,"25007","2024-10-28 00:00:00.0","2024-10-28 00:00:00.0","2029-10-28 00:00:00.0","9997.01","8914073856","68","21",,"5",,"5",,TF57701,,,,0,955448,676,2,4914,0,20250930,99991231,1,1,20260325
2950102,"8914073856","8914073856","1001633",TND,"1010","2017-02-16 00:00:00.0","2017-02-16 00:00:00.0",,"11140.01","8914073856","68",,,,,,,AC11100,"08009000682009217079",,A,2878682,955448,858,2,3803,-1,20250930,99991231,1,1,20260316
3087552,"8914369097","8914369097","1001633",TND,"3439","2017-04-10 00:00:00.0","2017-04-10 00:00:00.0",,"11180.01","8914369097","68",,,,,,,AC43900,,,A,2878682,955448,859,2,4854,0,20250930,99991231,1,1,20260316
3028950,"8915361038","8915361038","1001633",TND,"6004","2017-09-08 00:00:00.0","2017-09-08 00:00:00.0",,"11140.01","8915361038","68",,,,,,,AC11100,"08009000684109217027",,A,2878682,955448,858,2,3614,-1,20250930,99991231,1,1,20260316
